Team,Date,wins_before_date,losses_before_date,opponent_wins_before_date,opponent_losses_before_date,Opponent,Team_FG_pct,Team_2_pct,Team_3_pct,Team_FT_pct,Team_Points,Opp_FG_pct,Opp_2_pct,Opp_3_pct,Opp_FT_pct,Opp_Points
Dean,2025-11-04,0,0,0,0,Vermont,.234,.233,.235,.500,31,.683,.754,.520,.750,137
Coastal Georgia,2025-12-12,0,0,6,3,Ga. Southern,.338,.382,.302,.600,74,.685,.778,.536,.724,136
Charleston,2025-11-03,0,0,0,0,Covenant,.548,.641,.345,.852,135,.239,.400,.115,.800,41
MVSU,2025-12-06,1,6,9,1,Oklahoma St.,.293,.298,.273,.750,46,.672,.833,.484,.875,133
Saint Louis,2025-12-28,6,7,0,0,Stl Pharmacy,.576,.681,.447,.773,132,.268,.306,.182,.846,53
Oakwood,2025-12-10,0,1,8,1,Troy,.328,.359,.286,.588,62,.576,.580,.571,.636,132
Niagara,2025-11-30,0,6,5,1,Ohio St.,.159,.174,.118,.833,32,.612,.689,.417,.667,130
Bluefield Univ.,2025-11-14,0,0,2,1,Longwood,.292,.343,.154,.500,31,.489,.522,.400,.703,128
N.C. Central,2025-12-22,2,9,11,1,Oklahoma,.234,.217,.278,.655,54,.545,.586,.467,.800,126
LSU,2025-12-07,9,0,0,7,New Orleans,.588,.648,.286,.733,126,.306,.306,.308,.762,62
Converse,2025-11-03,0,0,0,0,Wofford,.298,.435,.206,.750,65,.585,.639,.429,.750,126
Santa Clara,2025-12-06,7,3,0,0,Simpson (CA),.473,.646,.289,.828,125,.259,.256,.273,.667,43
Mercyhurst,2025-11-04,0,0,0,0,Michigan St.,.343,.400,.300,.900,39,.620,.706,.464,.700,125
Sacramento St.,2025-11-03,0,0,0,0,Stanton,.605,.714,.304,.591,124,.341,.294,.375,.400,39
Incarnate Word,2025-11-03,0,0,0,0,Texas,.277,.333,.176,.688,51,.654,.721,.412,.824,123
FIU,2025-12-30,6,4,0,0,Florida National,.527,.655,.303,.500,122,.290,.250,.429,.750,30
TCU,2025-11-12,2,0,0,2,Tennessee St.,.588,.561,.630,.735,122,.281,.317,.188,.444,39
Wilbeforce,2025-11-12,0,0,1,1,Wright St.,.283,.364,.063,.571,47,.558,.641,.474,.783,122
Queens (NC),2025-11-23,3,2,5,0,South Carolina,.229,.167,.321,.800,49,.662,.778,.400,.794,121
Hesston College,2025-11-20,0,0,1,3,UMKC,.269,.241,.304,.571,43,.608,.586,.688,.645,121
La. Christian,2025-11-11,0,0,0,2,Louisiana Tech,.183,.212,.148,1.000,34,.510,.576,.375,.692,121
Longwood,2025-11-05,0,0,0,0,Randolph,.540,.576,.464,.824,121,.246,.262,.200,.333,35
Southeastern LA,2025-12-28,2,7,14,0,Texas,.333,.341,.250,.467,38,.600,.690,.364,.640,120
Fla. Gulf Coast,2025-12-22,3,6,0,0,Ft. Lauderdale,.671,.792,.440,.733,120,.226,.235,.211,.286,32
Binghamton,2025-11-18,2,1,3,0,Michigan,.340,.387,.263,.688,50,.662,.708,.550,.655,120
College of Biblical Studies,2025-12-29,0,1,3,8,Texas Southern,.302,.364,.233,.722,58,.522,.567,.433,.800,119
Bob Jones,2025-12-13,0,1,5,5,UNCG,.298,.333,.235,.750,35,.556,.593,.481,.800,119
Ball St.,2025-12-03,7,1,0,0,Oakland City,.510,.650,.278,.786,119,.204,.229,.158,.643,34
Evansville,2025-11-09,0,1,1,0,Iowa,.262,.270,.250,.714,43,.646,.718,.538,.750,119
Cincinnati,2026-03-01,11,18,23,6,West Virginia,.415,.476,.182,.583,60,.583,.643,.500,.633,118
North Ala.,2026-02-27,15,13,17,11,West Ga.,.433,.532,.257,.893,118,.417,.448,.345,.739,107
Bowling Green,2025-12-07,4,4,0,1,Defiance,.506,.653,.294,.828,118,.175,.188,.133,.550,35
Ga. Southern,2025-11-09,1,1,2,0,LSU,.373,.462,.303,.889,70,.529,.552,.450,.654,118
Davis & Elkins,2025-12-15,0,1,4,6,Kent St.,.217,.225,.200,.583,37,.597,.745,.367,.737,117
Akron,2025-12-03,0,7,0,0,Heidelberg,.587,.689,.433,.727,117,.156,.160,.150,.944,34
Charlotte,2025-11-12,2,1,3,0,LSU,.275,.385,.133,.680,59,.493,.490,.500,.804,117
Jackson St.,2025-11-03,0,0,0,0,MUW,.489,.542,.379,.526,117,.244,.320,.150,.577,40
Jacksonville,2026-03-20 NCAA,24,8,27,5,LSU,.387,.432,.278,.833,58,.597,.725,.286,.828,116
Pacific,2025-12-19,4,5,0,2,Simpson (CA),.494,.556,.429,.667,116,.328,.385,.227,.800,49
Wesleyan (GA),2025-12-17,0,0,4,4,West Ga.,.200,.267,.067,.333,21,.506,.643,.372,.824,116
Harris-Stowe,2025-12-03,0,1,2,4,SE Missouri St,.207,.250,.111,.667,34,.530,.607,.370,.643,116
Chicago St.,2025-11-09,1,1,1,0,Notre Dame,.404,.432,.308,.667,58,.534,.615,.333,.861,116
Western Ill.,2025-11-04,0,0,0,0,Westminster (MO),.543,.571,.444,.870,116,.382,.475,.133,.400,46
Indiana St.,2026-02-26,9,18,24,3,Murray St.,.370,.481,.095,.688,67,.560,.644,.433,.667,115
Kentucky Christian,2025-12-28,0,0,4,8,Morehead St.,.280,.355,.158,.556,36,.513,.636,.419,.792,115
Indiana St.,2025-12-21,4,5,9,1,Michigan St.,.346,.367,.318,.793,66,.534,.615,.441,.759,115
Cal Poly,2025-12-16,2,7,9,1,UCLA,.275,.259,.308,.500,28,.575,.674,.433,.692,115
Central Ark.,2025-11-07,0,1,0,0,Lyon,.568,.689,.417,.471,115,.250,.267,.227,.667,43
LSU,2025-11-06,1,0,1,0,Southeastern LA,.676,.750,.444,.538,115,.192,.212,.158,.333,26
Austin Peay,2025-11-03,0,0,0,0,Sewanee,.558,.667,.308,.733,115,.220,.222,.217,.750,46
Indiana St.,2026-02-05,8,13,19,3,Murray St.,.438,.490,.267,.857,78,.578,.667,.484,.893,114
Carolina,2026-01-01,0,3,8,5,UNCG,.240,.233,.250,.750,35,.560,.610,.440,.900,114
Charleston,2025-12-20,7,3,0,0,P.R.–Mayaguez,.545,.646,.379,.864,114,.308,.400,.118,.667,40
Chadron St.,2025-11-28,0,1,5,2,Northern Colo.,.314,.310,.318,.800,47,.563,.684,.333,.600,114
Bowling Green,2025-11-07,1,0,1,0,South Carolina,.243,.250,.231,.833,47,.636,.692,.429,.800,114
LSU,2025-11-28,6,0,2,4,Marist,.528,.589,.250,.833,113,.267,.182,.316,.643,53
Blue Mountain,2025-11-10,0,0,2,0,Southern Miss.,.254,.278,.217,1.000,39,.639,.679,.500,.684,113
Presbyterian,2025-11-03,0,0,0,0,Warren Wilson,.473,.478,.458,.471,113,.333,.381,.111,.500,45
East Texas A&M,2025-11-03,0,0,0,0,North Texas-Dallas,.525,.569,.409,.870,113,.212,.303,.053,.735,48
LSU,2026-03-06,26,4,24,6,Oklahoma,.525,.518,.542,.600,112,.361,.412,.238,.750,78
Missouri,2026-02-26,16,13,27,2,South Carolina,.400,.480,.343,.786,71,.524,.655,.276,.727,112
Abilene Christ.,2025-12-29,8,4,0,3,Nelson,.558,.661,.333,.700,112,.444,.450,.440,.500,54
Miss. St.,2025-12-28,12,1,6,9,Samford,.589,.625,.471,.783,112,.308,.360,.275,.600,54
Agnes Scott,2025-12-17,0,0,4,8,USC Upstate,.220,.304,.167,.636,39,.605,.692,.514,.500,112
Tennessee,2025-12-14,6,2,7,4,Winthrop,.545,.743,.381,.706,112,.250,.298,.118,.500,40
Crown (MN),2025-12-10,0,0,4,6,St. Thomas,.263,.357,.000,.750,23,.616,.654,.524,.733,112
Baylor,2025-12-03,7,1,2,3,Southeastern LA,.635,.717,.500,.667,112,.323,.360,.200,.400,47
Abilene Christ.,2025-12-02,4,3,0,0,McMurry,.583,.727,.357,.783,112,.351,.432,.200,.727,60
LSU,2025-11-29,7,0,1,6,Washington St.,.563,.564,.563,.742,112,.271,.350,.214,.600,35
Iowa St.,2025-11-23,6,0,0,4,Mercyhurst,.541,.677,.400,.850,112,.400,.455,.364,.857,62
Alcorn St.,2025-11-20,2,2,5,0,LSU,.375,.406,.313,.667,49,.577,.636,.375,.800,112
East Texas A&M,2025-11-19,2,1,4,1,Oklahoma,.257,.279,.222,.944,59,.536,.610,.360,.867,112
Oklahoma St.,2025-11-09,3,0,2,0,Oral Roberts,.551,.608,.444,.824,112,.375,.415,.182,.857,62
Florida A&M,2025-11-03,0,0,0,0,Florida St.,.189,.194,.167,.643,39,.467,.556,.333,.865,112
Prairie View,2026-03-05,2,26,9,20,Texas Southern,.270,.227,.333,.778,64,.494,.564,.333,.641,111
Elon,2025-12-30,4,7,0,0,N.C. Wesleyan,.564,.633,.333,.654,111,.385,.410,.308,.667,50
Averett,2025-12-30,0,0,2,10,N.C. Central,.327,.316,.364,.600,48,.517,.609,.200,.577,111
Nelson,2025-11-29,0,2,5,1,Southern Utah,.286,.244,.400,.500,41,.562,.676,.444,.650,111
Texas,2025-11-16,3,0,2,0,Texas Southern,.577,.610,.417,.600,111,.333,.364,.286,.273,45
Coastal Caro.,2025-11-09,0,2,0,0,Lees-McRae,.530,.559,.500,.758,111,.271,.333,.207,.682,53
Brevard,2025-12-30,0,1,6,7,Furman,.328,.375,.269,.643,54,.494,.527,.429,.571,110
Cal St Fullerton,2025-12-28,5,6,0,2,La Sierra,.506,.586,.176,.826,110,.135,.156,.100,.857,22
Dallas,2025-12-28,0,0,6,4,Sam Houston,.300,.317,.222,.600,38,.538,.567,.444,.720,110
LSU,2025-12-21,12,0,6,5,UTA,.488,.545,.250,.650,110,.231,.243,.200,.750,45
Bellarmine,2025-12-21,2,10,8,2,Notre Dame,.264,.351,.063,.600,38,.536,.685,.267,.800,110
Furman,2025-12-14,4,6,0,1,Mars Hill,.506,.564,.385,.818,110,.275,.273,.278,.375,36
Texas,2025-12-10,10,0,3,4,UTRGV,.565,.597,.385,.563,110,.265,.214,.333,.800,45
NC State,2025-11-28,4,3,6,1,Southern Miss.,.558,.586,.474,.750,110,.315,.356,.250,.750,56
Auburn,2025-11-13,3,0,0,2,MVSU,.594,.569,.692,.806,110,.298,.355,.188,.679,50
App. St.,2025-11-07,1,0,0,0,Bob Jones,.618,.723,.381,.692,110,.228,.267,.185,1.000,35
Arl Baptist,2025-11-07,0,0,1,0,UTRGV,.222,.240,.207,.750,36,.536,.660,.378,.462,110
Fairfield,2026-02-05,18,4,9,14,Marist,.543,.576,.514,.824,109,.333,.364,.278,.692,48
Virginia,2026-01-29,14,6,12,9,Wake Forest,.427,.469,.320,.806,109,.507,.542,.435,.750,103
Mass.-Lowell,2025-12-29,5,7,0,0,St. Joseph's–Brk,.468,.617,.319,.750,109,.316,.333,.286,.429,45
Alabama St.,2025-12-28,3,7,13,0,LSU,.288,.375,.185,.250,41,.524,.592,.154,.704,109
Stonehill,2025-12-28,4,6,12,0,Vanderbilt,.392,.481,.292,.500,50,.698,.769,.364,.944,109
Haskell (KS),2025-12-20,0,2,2,9,UMKC,.451,.486,.375,.500,59,.494,.530,.381,.789,109
Ark-Pine Bluff,2025-12-16,3,5,11,0,TCU,.365,.370,.353,.333,54,.631,.702,.444,.792,109
Texas Southern,2025-12-08,3,4,7,2,West Virginia,.357,.393,.286,.500,40,.507,.633,.250,.763,109
Florida St.,2025-11-30,4,4,6,1,Oklahoma,.386,.276,.463,.720,91,.438,.463,.406,.800,109
New Orleans,2025-11-03,0,0,0,0,Oklahoma St.,.345,.400,.200,.583,48,.547,.686,.425,.833,109
LSU,2026-02-22,23,4,16,12,Missouri,.469,.500,.414,.870,108,.242,.227,.250,.667,55
Akron,2026-02-18,6,19,15,9,Ohio,.465,.419,.500,.733,108,.451,.650,.262,.667,105
Ohio St.,2026-01-14,15,2,7,10,Penn St.,.568,.658,.472,.538,108,.467,.558,.344,.333,84
Arcadia,2025-12-28,0,0,8,3,Saint Joseph's,.308,.364,.211,1.000,38,.618,.694,.531,.500,108
Coastal Caro.,2025-11-30,4,4,2,6,Gardner-Webb,.582,.625,.519,.552,108,.356,.500,.242,.778,57
Ecclesia,2025-11-14,0,0,1,2,NW St.,.229,.269,.182,.800,30,.556,.667,.462,.588,108
South Carolina St.,2025-11-11,1,0,0,0,Trinity Baptist,.531,.627,.367,.458,108,.341,.440,.211,.571,42
Duquesne,2025-11-06,1,0,0,0,Slippery Rock,.459,.435,.522,.783,108,.339,.333,.345,.750,53
UNCA,2025-11-06,0,1,0,1,Warren Wilson,.470,.508,.375,.724,108,.333,.412,.200,.500,44
Houston Christian,2025-11-04,0,0,0,0,LSU,.380,.478,.296,.643,55,.532,.530,.538,.739,108
Georgia St.,2025-11-03,0,0,0,0,Oglethorpe,.437,.538,.286,.688,108,.358,.438,.238,.762,59
Cal St Stanislaus,2025-11-03,0,0,0,0,Santa Clara,.303,.327,.182,.714,52,.447,.548,.349,.567,108
Arkansas St.,2026-01-08,13,3,8,6,South Ala.,.457,.579,.349,.818,107,.434,.514,.278,.593,67
Memphis,2025-12-28,5,7,0,1,Rust,.597,.667,.375,.656,107,.356,.385,.300,.938,63
Niagara,2025-12-19,0,9,2,7,Siena,.394,.451,.200,.875,69,.440,.542,.250,.826,107
Haskell (KS),2025-12-17,0,1,9,2,Kansas,.280,.241,.333,.667,39,.514,.614,.367,.769,107
Eastern Ky.,2025-11-22,4,1,0,0,Midway,.524,.660,.343,.692,107,.333,.375,.286,.857,66
Portland,2025-11-11,1,1,0,0,Warner Pacific,.625,.651,.571,.833,107,.182,.200,.111,.563,26
MVSU,2025-11-09,0,1,2,0,Miss. St.,.300,.378,.174,.750,43,.521,.537,.471,.806,107
Harris-Stowe,2025-11-05,0,0,0,0,Lindenwood,.167,.190,.111,.250,23,.507,.578,.400,.792,107
UCF,2026-02-11,10,13,20,5,West Virginia,.411,.442,.308,.667,56,.557,.597,.412,.917,106
Boston College,2026-01-29,4,18,14,6,NC State,.414,.406,.421,.909,84,.613,.732,.381,.957,106
Cornell,2026-01-13,6,8,0,0,SUNY Delhi,.494,.569,.355,.778,106,.192,.152,.263,.500,27
Bob Jones,2026-01-03,0,2,7,7,Furman,.174,.130,.217,.000,21,.583,.667,.200,.333,106
Bellarmine,2026-01-03,2,12,7,5,West Ga.,.426,.538,.286,.760,65,.596,.600,.591,.862,106
Long Beach State,2025-12-20,0,9,10,1,UCLA,.327,.351,.267,.750,44,.553,.702,.310,.650,106
Mercyhurst,2025-12-19,0,10,10,1,Syracuse,.246,.321,.182,.667,40,.590,.629,.438,.538,106
N.C. Central,2025-12-07,1,7,8,1,South Carolina,.296,.286,.316,.571,42,.507,.500,.524,.794,106
Indiana,2025-11-30,7,0,8,0,Iowa St.,.508,.632,.320,.920,95,.639,.702,.429,.786,106
Cal St Northridge,2025-11-26,2,3,0,0,Life Pacific,.500,.743,.327,.667,106,.281,.353,.174,.583,43
LSU-Alexandria,2025-11-22,0,0,2,1,McNeese,.225,.250,.188,.750,33,.488,.525,.368,.677,106
South Carolina,2025-11-19,4,0,2,2,Winthrop,.642,.760,.294,.625,106,.318,.311,.333,.778,56
Elizabeth City St.,2025-11-07,0,0,0,1,Old Dominion,.193,.250,.059,.474,32,.519,.630,.280,.654,106
North Texas,2025-11-03,0,0,0,0,Oklahoma Christian,.594,.619,.545,.783,106,.318,.333,.300,.286,36
Indiana St.,2026-03-13,10,21,28,3,Murray St.,.463,.528,.214,.852,88,.484,.512,.435,.767,105
Rice,2026-02-28,25,3,18,9,Tulsa,.514,.510,.522,.864,105,.472,.548,.364,.467,65
Michigan,2026-01-08,12,2,7,8,Penn St.,.459,.468,.444,.833,105,.446,.541,.263,.714,65
Illinois St.,2025-12-29,6,6,4,7,Indiana St.,.486,.561,.379,.867,105,.328,.362,.235,.783,64
Fla. Gulf Coast,2025-12-20,3,5,11,1,South Carolina,.269,.389,.206,1.000,43,.625,.722,.333,.529,105
Arizona,2025-12-18,8,2,2,9,Bellarmine,.564,.631,.231,.700,105,.306,.321,.294,.733,59
Alabama St.,2025-12-17,3,6,10,1,Miss. St.,.362,.409,.214,.600,57,.500,.525,.412,.769,105
Davis & Elkins,2025-12-11,0,0,7,3,Marshall,.302,.368,.133,.857,40,.534,.700,.333,.889,105
Iowa St.,2025-12-07,9,0,2,6,Northern Ill.,.617,.641,.571,.731,105,.364,.417,.263,.636,52
Johnson/Wales-NC,2025-12-03,0,0,5,4,Winthrop,.281,.366,.063,.571,41,.494,.556,.348,.840,105
Marshall,2025-11-18,2,2,0,0,Salem Int'l,.542,.667,.333,.818,105,.234,.345,.056,1.000,31
Oklahoma St.,2025-11-11,4,0,0,2,Prairie View,.500,.636,.342,.833,105,.436,.525,.200,.500,55
Emmanuel (MA),2025-11-10,0,0,2,0,Rhode Island,.328,.273,.471,.250,49,.483,.554,.364,.700,105
King's (PA),2025-11-07,0,0,0,0,Penn,.200,.200,.200,.750,31,.553,.689,.355,.667,105
Lipscomb,2025-11-06,0,1,0,1,Sewanee,.507,.587,.379,.692,105,.262,.273,.235,.909,46
Langston,2025-11-06,0,0,2,0,Oklahoma St.,.209,.212,.200,.682,35,.537,.643,.462,.789,105
Stetson,2025-11-06,0,1,0,0,Warner,.468,.545,.371,.750,105,.255,.261,.222,.526,40
Hampton,2025-11-05,0,0,0,0,Newport News,.517,.576,.333,.615,105,.216,.259,.100,.667,21
N New Mexico,2025-11-04,0,0,0,0,Northern Colo.,.179,.220,.067,.556,31,.434,.467,.395,.818,105
Centenary (LA),2025-11-03,0,0,0,0,Southeastern LA,.367,.478,.269,.500,49,.507,.592,.278,.780,105
Michigan St.,2026-02-18,20,6,8,17,Northwestern,.527,.542,.500,.684,104,.519,.571,.333,.571,68
Notre Dame (MD),2025-12-30,0,0,4,7,UMBC,.143,.133,.250,.583,22,.519,.660,.290,.786,104
Aquinas,2025-12-19,0,0,8,4,Fort Wayne,.212,.258,.143,.750,31,.592,.718,.438,.750,104
Bowling Green,2025-12-14,5,4,0,0,Lourdes,.571,.793,.382,.704,104,.380,.393,.348,.800,76
Michigan,2025-12-07,7,1,5,3,Purdue,.589,.683,.333,.733,104,.328,.324,.333,.727,56
UConn,2025-11-30,6,0,4,2,Xavier,.486,.472,.500,.727,104,.217,.192,.250,.778,39
BYU,2025-11-13,2,0,1,2,Omaha,.526,.683,.351,.429,104,.255,.250,.263,.667,47
Buena Vista,2025-11-10,0,0,2,0,South Dakota,.283,.233,.348,.842,54,.465,.596,.308,.923,104
Kentucky,2025-11-06,1,0,1,0,Monmouth,.582,.710,.472,.692,104,.279,.333,.200,.538,46
South Dakota,2025-11-03,0,0,0,0,York (NE),.513,.600,.222,.833,104,.186,.184,.190,.875,33
Thiel,2025-11-03,0,0,0,0,Youngstown St.,.213,.219,.200,.714,33,.514,.583,.385,.581,104
South Carolina,2026-03-21 NCAA,31,3,20,13,Southern U.,.547,.702,.286,.619,103,.185,.182,.190,.667,34
N.C. Central,2026-02-03,4,14,0,0,Peace,.482,.634,.341,.462,103,.250,.160,.323,.591,51
Alabama,2026-02-01,19,3,20,2,LSU,.344,.306,.393,.615,63,.561,.600,.476,.826,103
South Carolina,2026-01-25,19,2,20,0,Vanderbilt,.615,.625,.588,.929,103,.459,.444,.480,.750,74
Ball St.,2026-01-14,12,4,2,13,Buffalo,.556,.591,.474,.727,103,.397,.436,.316,.474,61
Oral Roberts,2026-01-10,9,7,12,4,South Dakota St.,.381,.531,.226,.875,76,.486,.469,.500,.800,103
Eastern Ky.,2026-01-03,10,4,7,5,Queens (NC),.567,.694,.419,.778,103,.224,.220,.235,.792,49
Coastal Caro.,2025-12-29,6,7,0,1,Columbia Intl,.469,.542,.364,.652,103,.286,.333,.176,.600,41
Boston U.,2025-12-20,3,7,0,1,Maine-Fort Kent,.612,.707,.462,.563,103,.188,.191,.176,.455,32
South Carolina,2025-12-18,10,1,6,5,South Fla.,.629,.727,.267,.611,103,.306,.340,.167,.444,44
Little Rock,2025-12-11,3,5,9,1,Oklahoma,.246,.229,.294,.647,48,.547,.593,.429,.706,103
FIU,2025-12-05,3,3,4,4,Georgia St.,.576,.692,.350,.757,103,.471,.568,.355,.607,92
Bowling Green,2025-12-03,3,4,0,1,Kentucky St.,.542,.636,.423,.622,103,.250,.255,.200,.455,32
NC State,2025-12-03,5,3,7,1,Oklahoma,.418,.530,.120,.731,98,.477,.578,.182,.630,103
Coastal Caro.,2025-11-28,3,4,1,4,Jackson St.,.554,.632,.444,.655,103,.333,.390,.240,.524,61
Texas Southern,2025-11-27,3,1,5,1,Troy,.348,.404,.227,.724,74,.450,.464,.417,.750,103
Arkansas Baptist,2025-11-21,0,1,2,2,NW St.,.296,.333,.167,.600,52,.557,.694,.412,.733,103
Nebraska,2025-11-19,4,0,2,3,Oral Roberts,.514,.569,.391,.947,103,.373,.385,.350,.538,58
Alabama A&M,2025-11-05,0,0,0,0,Talladega,.500,.625,.308,.806,103,.132,.154,.071,.607,32
Bethesda CA,2025-11-04,0,1,0,0,Cal St Northridge,.091,.045,.136,.250,13,.440,.591,.298,.643,103
Abilene Christ.,2025-11-03,0,0,0,0,Howard Payne,.621,.882,.344,.833,103,.300,.316,.286,.500,33
NW St.,2025-11-03,0,0,0,0,Nebraska,.357,.423,.250,.500,46,.610,.667,.471,.767,103
Park (AZ),2025-11-03,0,0,0,0,Southern Utah,.299,.344,.257,.667,55,.515,.523,.500,.686,103
High Point,2026-03-21 NCAA,27,5,27,4,Vanderbilt,.365,.385,.333,.700,61,.487,.544,.316,.846,102
Oklahoma,2026-02-09,17,5,22,2,Vanderbilt,.474,.648,.083,.714,86,.452,.524,.355,.806,102
North Dakota St.,2026-02-07,21,2,3,22,Omaha,.623,.652,.533,.857,102,.333,.333,.333,.611,51
Santa Clara,2026-01-29,17,5,4,18,Washington St.,.528,.676,.371,.765,102,.403,.431,.313,.706,71
La.-Monroe,2026-01-17,8,9,1,16,Louisiana,.417,.434,.387,.870,102,.449,.514,.286,.667,58
Akron,2025-12-31,3,9,9,4,Ball St.,.400,.455,.308,.643,73,.500,.532,.429,.694,102
UTEP,2025-12-29,7,3,0,0,Univ of the SW,.419,.500,.286,.560,102,.290,.353,.214,1.000,43
Bucknell,2025-12-20,3,7,0,0,Gwynedd-Mercy,.603,.650,.536,.714,102,.213,.250,.133,.571,26
MVSU,2025-12-17,1,8,10,1,Ole Miss,.245,.297,.125,.600,34,.481,.552,.263,.742,102
Sacramento St.,2025-12-15,5,5,0,1,Simpson (CA),.567,.604,.474,.654,102,.264,.370,.154,.526,42
Iowa,2025-12-13,9,1,7,2,Lindenwood,.577,.635,.421,.632,102,.483,.576,.360,.750,68
DePaul,2025-12-07,2,7,8,0,UConn,.271,.259,.286,.750,35,.635,.627,.667,.583,102
Evergreen St.,2025-12-02,0,0,3,5,Seattle,.230,.257,.192,.333,37,.568,.574,.550,.700,102
Detroit Mercy,2025-11-26,1,3,5,1,Michigan,.271,.259,.286,.840,53,.494,.564,.333,.727,102
Indiana St.,2025-11-24,2,3,0,0,SMWC,.520,.718,.306,.591,102,.302,.290,.318,.647,50
Longwood,2025-11-24,4,2,4,0,Ole Miss,.310,.341,.214,.688,50,.494,.574,.304,.760,102
Michigan St.,2025-11-23,5,0,2,3,Oakland,.542,.583,.458,.565,102,.283,.393,.160,.636,41
Nelson,2025-11-13,0,1,2,0,North Texas,.309,.300,.320,.800,50,.494,.554,.300,.600,102
Duquesne,2025-11-11,3,0,0,0,West Liberty,.500,.534,.273,.556,102,.333,.308,.349,.923,73
Morris College,2025-11-05,0,0,0,0,South Carolina St.,.218,.268,.071,.600,34,.472,.652,.279,.462,102
South Carolina,2026-03-23 NCAA,32,3,18,13,USC,.536,.611,.267,.852,101,.373,.294,.480,.455,61
LSU,2026-03-22 NCAA,28,5,26,7,Texas Tech,.565,.636,.389,.923,101,.254,.296,.222,.778,47
New Orleans,2026-02-19,3,22,18,8,Stephen F. Austin,.306,.316,.267,.842,64,.481,.610,.333,.789,101
Ball St.,2026-02-01,16,5,9,11,Kent St.,.521,.600,.348,.810,101,.470,.553,.357,.760,91
Illinois St.,2026-01-02,7,6,10,2,Murray St.,.437,.417,.478,.690,93,.456,.509,.346,.800,101
Houston,2025-12-21,6,5,10,2,West Virginia,.415,.433,.364,.500,46,.514,.532,.478,.692,101
Cheyney,2025-12-20,0,1,5,4,Monmouth,.306,.326,.263,.526,53,.488,.577,.333,.688,101
Lindsey Wilson,2025-12-20,0,0,8,2,Murray St.,.308,.357,.100,.917,44,.494,.615,.368,.611,101
Butler,2025-12-11,4,6,4,3,Indiana St.,.578,.692,.400,.708,101,.279,.347,.105,.593,56
Prairie View,2025-12-07,2,5,9,0,Texas,.267,.325,.150,.438,42,.481,.552,.083,.727,101
Nebraska,2025-12-06,8,0,6,1,Penn St.,.529,.615,.414,.810,101,.542,.581,.438,.857,83
MVSU,2025-12-04,1,5,5,2,Tulsa,.316,.317,.313,.571,53,.514,.550,.469,.750,101
High Point,2025-12-01,7,1,0,1,UVA Wise,.667,.784,.478,.714,101,.322,.323,.321,.833,57
La. Christian,2025-12-01,0,1,3,3,Nicholls St.,.276,.310,.241,.682,54,.470,.603,.160,.792,101
Kentucky,2025-11-28,7,1,1,7,Morgan St.,.580,.725,.379,.769,101,.324,.286,.444,.611,39
Eastern Ill.,2025-11-20,0,3,4,0,Michigan St.,.400,.455,.294,.667,53,.493,.545,.419,.700,101
LSU,2025-11-17,4,0,2,1,Tulane,.551,.582,.429,.613,101,.346,.408,.250,.778,71
Chicago St.,2025-11-12,1,2,1,1,Illinois St.,.284,.471,.091,.478,52,.500,.641,.310,.774,101
Tex. A&M Int'l,2025-11-12,0,0,1,0,Texas Southern,.269,.326,.167,.622,63,.541,.640,.333,.542,101
Ark-Pine Bluff,2025-11-07,1,0,1,0,Arkansas,.288,.283,.308,.583,49,.485,.514,.455,.800,101
Oregon,2026-03-22 NCAA,23,12,32,3,Texas,.412,.500,.263,.550,58,.561,.537,.667,.857,100
Creighton,2026-03-08,16,14,32,0,UConn,.333,.429,.273,.600,51,.571,.542,.636,.750,100
Murray St.,2026-03-07,27,3,0,30,Valparaiso,.434,.512,.333,.767,100,.347,.349,.345,.727,68
Bellarmine,2026-02-27,2,28,23,7,Eastern Ky.,.277,.333,.176,.933,43,.427,.525,.333,.727,100
Oklahoma,2026-02-22,20,6,16,9,Tennessee,.435,.520,.211,.783,100,.455,.541,.345,.697,93
Bellarmine,2026-01-29,2,19,7,12,Queens (NC),.327,.348,.222,.714,48,.486,.556,.442,.765,100
Longwood,2026-01-14,12,4,10,8,Winthrop,.536,.564,.500,.733,100,.479,.538,.316,.714,79
Boston College,2026-01-01,4,11,7,6,Duke,.356,.447,.190,.750,49,.614,.727,.458,.679,100
Le Moyne,2025-12-20,1,9,6,3,Saint Joseph's,.319,.296,.350,.500,40,.567,.786,.410,.667,100
Akron,2025-12-16,1,8,0,0,Geneva,.410,.614,.147,.861,100,.338,.343,.333,.417,65
Concord,2025-12-15,0,0,6,6,Radford,.321,.375,.238,.818,48,.494,.561,.235,.538,100
Campbell,2025-12-11,5,5,0,0,Carolina,.465,.508,.360,.647,100,.339,.436,.118,1.000,43
Dillard,2025-12-11,0,0,4,7,Norfolk St.,.311,.354,.000,.500,54,.595,.673,.368,.500,100
Maryland,2025-12-07,10,0,6,2,Minnesota,.442,.475,.360,.750,100,.364,.340,.400,.775,99
Illinois,2025-11-30,5,1,1,5,Le Moyne,.569,.688,.235,.880,100,.229,.346,.091,1.000,28
Bellarmine,2025-11-30,2,6,6,2,Louisville,.206,.250,.148,.700,37,.514,.625,.382,.733,100
Coppin St.,2025-11-28,1,5,5,1,Oklahoma,.226,.176,.316,.762,46,.500,.593,.292,.789,100
Penn St.,2025-11-22,4,0,3,1,Princeton,.585,.667,.435,.778,93,.547,.545,.550,.905,100
Missouri,2025-11-20,4,1,3,1,Troy,.431,.452,.407,1.000,82,.418,.385,.481,.840,100
Houston Christian,2025-11-18,0,3,0,0,LeTourneau,.542,.705,.286,.700,100,.289,.241,.375,.625,37
Cincinnati,2025-11-16,0,3,0,0,Georgetown (KY),.519,.542,.444,.632,100,.343,.359,.321,.545,61
Ohio St.,2025-11-16,2,0,3,0,UConn,.458,.559,.320,.667,68,.520,.563,.444,.909,100
Drake,2025-11-13,1,1,2,0,Iowa,.361,.412,.296,.500,58,.539,.660,.345,.471,100
Embry–Riddle (AZ),2025-11-11,0,0,0,2,Northern Ariz.,.327,.423,.231,.633,59,.468,.527,.333,.621,100
Florida,2025-11-10,2,0,2,0,Jacksonville,.515,.633,.211,.743,100,.356,.375,.273,.588,55
Louisiana,2025-11-10,0,2,2,0,Texas,.260,.297,.154,.714,38,.591,.673,.286,.643,100
Frostburg St.,2025-11-07,0,1,0,1,Towson,.183,.167,.250,.600,37,.536,.643,.370,.640,100
Canisius,2025-11-04,0,0,0,0,Michigan,.387,.364,.444,.571,40,.519,.590,.278,.619,100
Towson,2025-11-04,0,0,0,0,Virginia Tech,.308,.320,.267,.522,56,.487,.507,.333,.767,100
Kansas St.,2025-11-03,0,0,0,0,Omaha,.548,.732,.313,.714,100,.255,.250,.267,.636,35
McNeese,2025-11-03,0,0,0,0,Pensa. Christian,.440,.446,.429,.778,100,.390,.632,.182,.500,38
Oregon,2025-11-03,0,0,0,0,West Ga.,.489,.635,.278,.800,100,.419,.417,.421,.833,59
College of Biblical Studies,2025-11-03,0,0,0,0,TAMUCC,.208,.242,.133,.889,30,.432,.436,.429,.778,100
Maryland,2026-03-20 NCAA,23,8,31,3,Murray St.,.500,.544,.353,.864,99,.406,.457,.278,1.000,67
Chicago St.,2026-03-09,9,22,19,10,LIU,.443,.491,.267,.647,77,.532,.514,.560,.731,99
Evansville,2026-02-28,7,21,25,3,Murray St.,.517,.556,.400,.800,80,.493,.591,.320,.821,99
Maryland,2026-02-22,21,6,12,14,Purdue,.561,.595,.500,.765,99,.433,.439,.421,.600,66
North Dakota,2026-01-21,4,14,14,5,South Dakota St.,.319,.389,.276,.818,47,.613,.608,.636,.941,99
UConn,2026-01-15,17,0,14,3,Villanova,.549,.647,.300,.714,99,.277,.303,.250,.857,50
Idaho,2026-01-10,11,4,10,4,Montana St.,.339,.395,.211,.870,66,.522,.639,.387,.607,99
Missouri,2026-01-08,12,5,15,0,Vanderbilt,.407,.519,.313,.833,68,.506,.674,.294,.733,99
Dartmouth,2025-12-30,8,4,0,1,St. Joseph's–Brk,.576,.710,.457,.778,99,.222,.200,.263,.857,35
N.C. A&T,2025-12-30,4,6,0,1,Newberry,.554,.605,.455,.739,99,.267,.211,.364,.643,49
Iowa,2025-12-28,10,2,7,5,Penn St.,.500,.604,.261,.680,99,.508,.600,.348,.800,76
Georgia St.,2025-12-07,4,5,5,3,Miami (FL),.286,.417,.188,.421,46,.522,.500,.560,.684,99
Montana St.,2025-12-06,5,2,1,8,North Dakota,.532,.560,.481,.444,99,.435,.533,.250,.684,57
Tennessee,2025-11-30,5,1,7,1,UCLA,.408,.439,.367,.889,77,.585,.583,.588,.650,99
Tennessee St.,2025-11-23,1,4,5,0,Vanderbilt,.268,.343,.143,.667,43,.566,.636,.381,.500,99
Baylor,2025-11-16,3,0,1,1,Le Moyne,.565,.636,.389,.759,99,.304,.385,.233,.500,43
New Haven,2025-11-12,0,2,0,0,Purchase,.543,.636,.200,.625,99,.365,.385,.308,.611,53
New Mexico,2025-11-12,2,1,0,2,New Orleans,.522,.634,.346,.870,99,.415,.412,.421,.765,65
Florida St.,2025-11-09,2,0,1,0,UConn,.381,.375,.387,.778,67,.565,.640,.368,.933,99
Iowa St.,2025-11-09,2,0,0,1,Sacred Heart,.563,.659,.391,.783,99,.306,.394,.125,1.000,34
Manhattan,2025-11-07,0,1,1,0,Minnesota,.300,.341,.000,.500,36,.516,.512,.524,.750,99
VU Lynchburg,2025-11-06,0,0,0,0,Western Caro.,.351,.341,.375,.600,58,.461,.449,.481,.552,99
Idaho St.,2025-11-04,0,0,0,0,Westminster (UT),.593,.581,.625,.633,99,.302,.385,.071,.737,47
Central Baptist,2025-11-03,0,0,0,0,Little Rock,.400,.389,.412,.600,41,.438,.492,.286,.793,99
Eastern Wash.,2025-11-03,0,0,0,0,Nw University,.513,.529,.480,.900,99,.291,.367,.200,.750,43
Syracuse,2026-03-23 NCAA,24,8,35,0,UConn,.328,.435,.056,.400,45,.559,.595,.500,.692,98
Missouri,2026-02-12,16,10,15,6,Tennessee,.296,.387,.174,.810,53,.520,.630,.345,.500,98
LSU,2026-01-22,17,2,8,6,Texas A&M,.493,.588,.273,1.000,98,.333,.370,.296,.625,54
Santa Clara,2026-01-10,14,4,3,15,Washington St.,.430,.462,.400,.824,98,.486,.471,.524,.688,92
Fairfield,2026-01-03,10,3,0,12,Niagara,.549,.667,.429,.455,98,.288,.283,.333,.769,42
Southern Miss.,2026-01-03,9,5,11,2,Troy,.507,.591,.379,.765,98,.416,.463,.343,.643,95
Longwood,2025-12-21,8,4,3,6,UNCW,.513,.563,.429,.667,98,.468,.537,.333,.538,72
Portland,2025-12-21,5,6,4,7,Portland St.,.609,.646,.500,.857,98,.351,.408,.000,.565,53
Central Conn St,2025-12-19,0,10,12,0,Maryland,.190,.220,.136,.750,30,.494,.564,.333,.632,98
Pitt,2025-12-18,6,6,0,9,SFU,.522,.611,.200,.742,98,.254,.326,.120,.583,46
Champion Christian,2025-12-14,0,0,3,5,UT Martin,.274,.289,.250,.500,45,.487,.622,.359,.476,98
Indiana,2025-12-11,8,2,6,3,La.-Monroe,.642,.724,.542,.895,98,.278,.281,.267,.667,54
Oklahoma St.,2025-11-24,5,1,1,3,TAMUCC,.471,.528,.406,.840,98,.412,.533,.316,.611,45
Lehigh,2025-11-23,2,3,6,0,Stanford,.302,.455,.194,1.000,43,.667,.705,.538,1.000,98
Iowa St.,2025-11-16,4,0,2,2,Norfolk St.,.470,.630,.359,.917,98,.298,.295,.308,.778,52
Michigan St.,2025-11-16,3,0,1,2,Western Mich.,.526,.614,.286,.667,98,.309,.289,.353,.500,44
Colby-Sawyer,2025-11-12,0,0,1,1,Dartmouth,.250,.242,.263,.500,33,.578,.600,.542,.917,98
FDU,2025-11-05,0,1,0,0,Notre Dame,.371,.408,.231,.750,52,.544,.549,.529,.750,98
Central Mich.,2025-11-03,0,0,0,0,Ga. Southern,.500,.551,.143,.750,72,.587,.615,.542,.611,98
Dartmouth,2026-02-27,10,14,21,3,Princeton,.378,.414,.313,.727,47,.568,.647,.391,.571,97
Southern Miss.,2026-02-21,14,13,22,5,Troy,.329,.400,.226,.852,80,.471,.500,.381,.529,97
UConn,2026-01-28,21,0,10,10,Xavier,.522,.600,.441,.769,97,.378,.469,.154,.600,39
Fort Wayne,2026-01-24,12,8,10,12,Northern Ky.,.471,.558,.333,.786,97,.368,.432,.308,.852,91
Drake,2026-01-23,5,12,4,14,Evansville,.576,.650,.421,.875,97,.456,.486,.400,.759,82
Maryland,2026-01-18,17,2,16,1,UCLA,.371,.426,.261,.750,67,.625,.659,.565,.444,97
Lafayette,2026-01-10,6,8,8,6,Navy,.429,.471,.333,.917,58,.576,.667,.444,.692,97
Southern Ill.,2026-01-10,3,11,0,16,Valparaiso,.507,.561,.286,.656,97,.362,.487,.105,.600,59
Auburn,2026-01-08,11,5,17,0,Texas,.292,.333,.167,.600,36,.537,.603,.111,.828,97
Penn St.,2025-12-31,7,6,12,1,UCLA,.436,.556,.211,.692,61,.529,.540,.500,.800,97
Salem Int'l,2025-12-31,0,1,9,4,Youngstown St.,.119,.154,.050,.455,20,.591,.714,.375,.769,97
Chattanooga,2025-12-30,7,5,0,0,S Wesleyan,.540,.524,.571,.708,97,.278,.417,.167,.688,46
Charleston So.,2025-12-29,2,10,13,0,Georgia,.360,.292,.423,.556,52,.569,.592,.522,.750,97
Dillard,2025-12-29,0,1,0,11,Louisiana,.367,.396,.143,.786,56,.487,.527,.381,.789,97
Maryland,2025-12-29,13,0,9,3,Wisconsin,.484,.622,.296,.818,97,.303,.395,.179,.824,59
Chicago St.,2025-12-28,1,11,9,4,Clemson,.340,.386,.111,.438,44,.600,.600,.600,.588,97
Grambling,2025-12-22,2,10,0,1,LeTourneau,.556,.648,.278,.429,97,.235,.281,.158,.545,33
Michigan,2025-12-21,9,1,3,8,Oakland,.500,.615,.269,.667,97,.400,.472,.214,.846,54
Central Baptist,2025-12-20,0,2,6,4,Louisiana Tech,.180,.269,.083,1.000,24,.500,.609,.292,.800,97
Duke,2025-12-18,4,6,10,2,South Dakota St.,.494,.577,.345,.700,97,.407,.500,.188,.700,54
Drake,2025-12-17,1,8,4,4,Indiana St.,.507,.609,.320,.630,97,.333,.405,.242,.760,77
La Sierra,2025-12-16,0,0,6,3,Utah Valley,.442,.517,.286,1.000,48,.447,.459,.417,.733,97
Carolina,2025-12-14,0,1,4,4,Queens (NC),.232,.222,.241,.667,37,.514,.523,.500,.400,97
Morehead St.,2025-12-11,4,5,6,2,Notre Dame,.315,.407,.222,.571,48,.473,.478,.464,.778,97
Arkansas St.,2025-12-09,7,3,0,0,Southern Ark.,.447,.513,.378,.625,97,.281,.244,.375,1.000,46
Mercyhurst,2025-12-05,0,7,6,2,West Virginia,.413,.500,.300,.875,51,.524,.625,.348,.767,97
Navy,2025-12-04,5,2,5,5,Radford,.444,.467,.407,.643,84,.449,.479,.400,.938,97
Cleveland St.,2025-11-12,2,0,0,0,Pitt.-Johnstown,.569,.609,.417,.765,97,.167,.192,.136,.556,24
Iowa St.,2025-11-12,3,0,0,2,Valparaiso,.534,.614,.250,.652,97,.290,.289,.294,.600,50
Arkansas St.,2025-11-11,1,1,2,0,Missouri,.364,.306,.433,.737,75,.561,.596,.474,.875,97
East Tenn. St.,2025-11-07,0,1,0,1,Tennessee,.280,.324,.188,.696,47,.457,.625,.316,.778,97
East Texas A&M,2025-11-05,1,0,1,0,Oklahoma St.,.434,.436,.429,.636,59,.477,.543,.400,.676,97
Mass.-Boston,2025-11-04,0,0,0,0,Merrimack,.305,.362,.083,.750,46,.500,.632,.344,.615,97
Friends (KS),2025-11-03,0,0,0,0,Oral Roberts,.419,.438,.357,.571,65,.500,.547,.333,.774,97
Cal Baptist,2026-03-21 NCAA,23,10,31,1,UCLA,.250,.294,.200,.417,43,.500,.545,.333,.840,96
Iowa,2026-03-08,26,5,30,1,UCLA,.279,.316,.217,.750,45,.635,.730,.500,.600,96
Charleston So.,2026-02-25,8,19,18,9,Longwood,.387,.432,.320,.500,69,.466,.500,.414,.696,96
DePaul,2026-02-14,6,20,16,8,Seton Hall,.353,.364,.333,.500,74,.644,.643,.647,.818,96
Tennessee,2026-02-01,14,4,22,0,UConn,.381,.438,.323,.667,66,.585,.628,.500,.818,96
Boise St.,2026-01-31,16,5,3,18,San Jose St.,.480,.468,.500,.714,96,.327,.360,.300,.810,62
James Madison,2026-01-29,14,8,2,18,Louisiana,.597,.765,.393,.786,96,.268,.289,.182,.684,45
Georgia St.,2026-01-24,9,11,15,4,Troy,.348,.432,.250,.650,69,.500,.549,.368,.655,96
Purdue,2026-01-21,10,8,17,1,UCLA,.333,.485,.125,.778,48,.537,.511,.591,.846,96
Central Ark.,2026-01-15,9,7,10,5,Jacksonville,.397,.400,.395,.618,86,.439,.439,.438,.813,96
Eastern Mich.,2026-01-07,7,5,8,4,Ohio,.486,.523,.423,.667,87,.541,.625,.448,.630,96
Ohio,2025-12-28,5,4,0,1,Wilbeforce,.395,.474,.316,.750,96,.368,.347,.421,.462,64
Providence,2025-12-28,8,5,12,1,South Carolina,.349,.413,.176,.571,55,.529,.615,.414,.632,96
Texas Southern,2025-12-20,3,7,11,0,Vanderbilt,.263,.367,.148,.923,46,.478,.538,.439,.824,96
Kentucky,2025-12-19,11,1,5,8,Wright St.,.446,.514,.385,.833,96,.333,.333,.333,.800,53
NW St.,2025-12-17,5,4,12,0,Texas,.333,.385,.250,.600,38,.565,.569,.545,.800,96
Coastal Georgia,2025-12-16,0,1,4,5,North Florida,.405,.476,.313,.750,82,.494,.593,.250,.500,96
Defiance,2025-12-05,0,0,4,3,Eastern Mich.,.300,.323,.263,.643,44,.432,.500,.310,.810,96
Cal Poly,2025-12-04,2,4,2,5,Cal St Fullerton,.392,.485,.222,.909,64,.485,.520,.389,.852,96
Oregon,2025-12-03,9,0,5,3,Oregon St.,.679,.652,.800,.600,96,.481,.529,.400,.650,73
Columbia Intl,2025-12-02,0,0,3,4,UNCG,.164,.200,.063,1.000,25,.527,.638,.333,.692,96
Albany (NY),2025-11-26,4,2,0,0,Rensselaer,.627,.771,.263,.700,96,.327,.345,.300,.833,43
Montreat,2025-11-25,0,0,2,5,USC Upstate,.190,.182,.200,.438,37,.452,.429,.500,.720,96
Canisius,2025-11-23,0,6,1,4,Cincinnati,.423,.488,.182,.478,57,.561,.652,.350,.682,96
Arkansas,2025-11-20,4,1,1,2,Little Rock,.544,.571,.474,.650,96,.311,.341,.267,.375,57
Arl Baptist,2025-11-20,0,1,2,1,Texas Southern,.208,.219,.188,.600,32,.532,.672,.105,.667,96
Cal St Stanislaus,2025-11-20,0,1,2,2,Utah St.,.309,.357,.154,.500,41,.450,.449,.452,.909,96
Louisville,2025-11-19,3,1,1,2,Morehead St.,.541,.657,.385,.870,96,.353,.458,.259,.353,49
Murray St.,2025-11-15,1,1,1,3,Saint Louis,.343,.405,.240,.880,96,.461,.483,.375,.857,88
Michigan St.,2025-11-12,2,0,2,0,Youngstown St.,.544,.581,.480,.556,96,.468,.515,.357,.429,52
Canisius,2025-11-11,0,2,2,0,Syracuse,.522,.531,.500,.773,72,.536,.567,.333,.731,96
Furman,2025-11-10,1,1,1,0,Vanderbilt,.333,.333,.333,.500,48,.561,.659,.400,.545,96
Grambling,2025-11-04,0,0,0,0,SMU,.338,.393,.208,.733,70,.500,.543,.435,.757,96
Florida,2025-11-03,0,0,0,0,North Florida,.538,.682,.238,.750,96,.434,.472,.353,.714,62
Missouri Baptist,2025-11-03,0,0,0,0,SIU Edwardsville,.346,.389,.250,.636,47,.507,.543,.435,.762,96
Lincoln (MO),2025-11-03,0,0,0,0,Wichita St.,.224,.300,.172,.577,42,.571,.651,.400,.571,96
North Dakota,2026-02-28,7,22,25,3,North Dakota St.,.393,.433,.346,.850,70,.492,.511,.429,.829,95
Presbyterian,2026-02-25,3,24,18,11,Radford,.400,.452,.125,.765,54,.600,.690,.389,.842,95
Ill.-Chicago,2026-02-19,11,14,8,17,Indiana St.,.576,.600,.500,.833,95,.466,.488,.412,.760,80
Oral Roberts,2026-02-19,13,12,20,6,South Dakota St.,.484,.455,.550,.741,93,.576,.655,.182,.810,95
Alabama A&M,2026-02-14,15,9,4,18,MVSU,.447,.481,.364,.704,95,.267,.289,.227,.750,55
Austin Peay,2026-02-14,14,9,15,9,West Ga.,.527,.667,.318,.818,74,.660,.704,.609,.750,95
Murray St.,2026-02-13,20,3,0,24,Valparaiso,.474,.532,.379,.632,95,.435,.511,.292,.667,69
Cal,2026-02-08,14,10,8,16,Pitt,.559,.559,.560,.833,95,.448,.412,.563,.846,80
Duke,2026-02-08,17,6,8,15,SMU,.520,.633,.308,.643,95,.228,.233,.214,.636,36
Detroit Mercy,2026-02-01,4,17,14,8,Fort Wayne,.410,.477,.235,.667,66,.571,.643,.500,.773,95
Louisiana,2026-01-31,2,19,17,6,Marshall,.373,.429,.100,.818,54,.443,.552,.366,.720,95
Indiana,2026-01-29,11,10,17,3,Michigan,.511,.615,.381,.688,67,.515,.538,.438,.643,95
Denver,2026-01-29,9,11,18,2,North Dakota St.,.432,.406,.500,.688,55,.617,.634,.579,.625,95
Duke,2026-01-24,13,6,8,13,Pitt,.551,.596,.412,.800,95,.281,.364,.000,.900,41
Idaho,2026-01-17,12,5,6,12,Weber St.,.452,.481,.368,.759,95,.433,.500,.300,.720,76
NC State,2026-01-15,12,5,12,6,Wake Forest,.515,.615,.379,.824,95,.517,.543,.480,1.000,77
Creighton,2026-01-11,7,9,16,0,UConn,.311,.444,.120,.765,54,.581,.694,.423,.857,95
Drake,2026-01-11,4,10,13,2,Murray St.,.317,.319,.313,.786,67,.500,.615,.320,.821,95
Miss. St.,2026-01-04,14,1,13,1,Oklahoma,.200,.289,.040,.857,47,.494,.581,.176,.667,95
North Dakota,2026-01-03,3,11,7,7,Oral Roberts,.439,.515,.333,.692,67,.478,.466,.545,.852,95
Ga Tech,2026-01-01,5,9,10,2,Notre Dame,.530,.667,.238,.833,95,.473,.466,.500,.632,90
Bethune-Cookman,2025-12-30,2,10,7,3,Jacksonville,.291,.243,.389,.667,53,.485,.537,.250,.875,95
Saint Mary (NE),2025-12-30,0,1,9,4,South Dakota,.258,.214,.350,.375,42,.494,.574,.367,.667,95
Huston-Tilotson,2025-12-29,0,1,5,6,Texas St.,.200,.171,.250,.600,33,.543,.620,.350,.571,95
Ohio St.,2025-12-22,10,1,3,6,Western Mich.,.553,.685,.227,.545,95,.273,.278,.267,.300,47
Chestnut Hill,2025-12-16,0,1,6,3,Drexel,.197,.300,.111,.667,38,.585,.680,.267,.750,95
Northern Ariz.,2025-12-15,1,9,0,1,Park (AZ),.474,.519,.375,.609,95,.303,.424,.182,1.000,53
Penn St.,2025-12-14,6,3,9,1,South Carolina,.315,.383,.192,.400,55,.507,.596,.286,.536,95
New Orleans,2025-12-14,0,8,3,5,Tulane,.404,.450,.294,.645,71,.524,.611,.407,.750,95
TCU,2025-12-06,9,0,7,0,UTEP,.516,.559,.467,.652,95,.242,.306,.059,.778,40
Columbia,2025-11-27,3,2,4,3,Kansas St.,.522,.578,.409,.722,92,.540,.459,.654,.769,95
Hofstra,2025-11-27,1,3,8,0,Maryland,.326,.385,.235,.750,38,.582,.657,.450,.688,95
Fisk,2025-11-25,0,2,3,1,Southern Ind.,.171,.263,.063,.385,18,.500,.525,.421,.636,95
Akron,2025-11-20,0,4,2,2,Binghamton,.469,.579,.308,.591,94,.395,.469,.281,.786,95
Bethune-Cookman,2025-11-20,1,3,5,0,Maryland,.333,.343,.316,.700,49,.587,.674,.353,.682,95
James Madison,2025-11-19,3,2,4,0,Texas,.333,.361,.278,.750,56,.549,.574,.400,.684,95
Oklahoma,2025-11-16,3,1,2,1,Western Caro.,.507,.558,.381,.765,95,.213,.200,.227,.636,32
Montana,2025-11-15,1,2,3,0,South Dakota St.,.413,.417,.410,.600,71,.561,.711,.357,.611,95
Ball St.,2025-11-12,2,0,0,2,Northern Ky.,.493,.524,.444,.652,95,.403,.526,.208,.529,64
Cal St San Marcos,2025-11-08,0,1,0,1,San Diego St.,.255,.308,.190,.700,35,.523,.657,.367,.727,95
MVSU,2025-11-06,0,0,1,0,Troy,.318,.348,.250,.375,50,.408,.429,.364,.763,95
Portland,2025-11-04,0,0,0,0,Willamette,.642,.736,.286,.833,95,.309,.303,.318,.500,43
Eastern Ky.,2025-11-03,0,0,0,0,Transylvania,.569,.615,.500,.800,95,.264,.345,.167,.692,41
Oklahoma,2026-03-28 NCAA,26,7,33,3,South Carolina,.394,.435,.300,.667,68,.507,.453,.714,.842,94
Arkansas,2026-03-04,12,19,21,9,Kentucky,.364,.474,.214,1.000,64,.486,.600,.333,.727,94
Bellarmine,2026-03-03,2,29,15,14,Fla. Gulf Coast,.244,.318,.174,1.000,28,.521,.700,.303,.571,94
Ole Miss,2026-02-17,20,6,16,7,Tennessee,.508,.560,.273,.806,94,.435,.444,.417,.733,81
SMU,2026-02-12,8,16,20,5,UNC,.231,.270,.133,.800,42,.576,.650,.462,.857,94
North Dakota,2026-02-12,7,18,18,6,South Dakota St.,.345,.448,.231,.400,48,.540,.595,.429,.654,94
Creighton,2026-02-11,12,12,25,0,UConn,.226,.167,.263,1.000,44,.571,.595,.538,.800,94
Michigan,2026-02-01,18,3,19,2,Michigan St.,.571,.659,.409,.520,94,.508,.519,.462,.704,91
Idaho,2026-01-31,16,5,7,15,Northern Ariz.,.493,.547,.350,.833,94,.406,.413,.389,.857,71
Ga Tech,2026-01-29,9,12,16,4,Syracuse,.436,.444,.400,.818,70,.529,.500,.667,.824,94
San Diego St.,2026-01-24,14,3,3,17,San Jose St.,.458,.452,.467,.875,94,.383,.333,.417,.714,66
Michigan,2026-01-22,15,3,9,9,Rutgers,.525,.548,.474,.677,94,.460,.552,.333,.636,60
Oklahoma,2026-01-22,14,4,19,1,South Carolina,.481,.517,.391,.700,94,.370,.417,.238,.739,82
Oregon,2026-01-18,14,5,11,7,Wisconsin,.463,.568,.333,.769,92,.394,.324,.459,.778,94
Florida,2026-01-15,12,7,16,2,Kentucky,.571,.639,.450,.842,89,.548,.710,.387,.737,94
Arkansas,2026-01-15,11,8,12,7,Missouri,.338,.359,.308,.850,69,.571,.679,.464,.680,94
North Dakota St.,2026-01-10,14,2,2,16,Omaha,.429,.422,.440,.719,94,.271,.302,.188,1.000,39
Temple,2026-01-09,7,7,10,4,Tulsa,.400,.390,.417,.741,82,.589,.513,.765,.789,94
Boston College,2026-01-08,4,13,10,4,Notre Dame,.404,.450,.294,.563,60,.654,.643,.700,.864,94
Livingstone,2026-01-03,0,2,9,5,UNCG,.258,.283,.111,.667,39,.434,.439,.429,.867,94
Iona,2026-01-03,8,6,5,7,Siena,.381,.436,.276,.800,80,.515,.636,.292,.773,94
Santa Clara,2025-12-30,11,3,4,8,Seattle,.472,.564,.364,.667,94,.438,.489,.316,.750,65
North Dakota St.,2025-12-29,10,2,0,0,St. Mary's (MN),.597,.705,.333,.824,94,.271,.282,.222,.800,36
Notre Dame,2025-12-29,9,2,7,7,Pitt,.487,.519,.417,.833,94,.343,.357,.273,.833,59
Northwestern,2025-12-29,6,6,10,2,Washington,.500,.558,.308,.684,73,.485,.531,.444,.632,94
Butler,2025-12-28,7,6,12,0,UConn,.306,.286,.333,.769,47,.591,.698,.391,.636,94
Akron,2025-12-21,2,9,1,10,Le Moyne,.588,.643,.522,.759,94,.472,.536,.400,.800,68
Bryant,2025-12-19,8,3,0,1,Georgian Court,.457,.467,.440,.760,94,.156,.206,.000,.667,26
Simmons (KY),2025-12-17,0,0,3,8,UNCA,.209,.216,.200,.714,39,.486,.524,.429,.667,94
Central Conn St,2025-12-15,0,8,1,7,Siena,.353,.415,.100,.633,56,.386,.439,.333,.696,94
Northern Ky.,2025-12-11,3,8,7,1,Ohio St.,.449,.577,.304,.611,62,.434,.547,.174,.889,94
Long Beach State,2025-12-11,0,8,4,5,Portland,.357,.333,.455,.684,58,.432,.474,.333,.889,94
Louisville,2025-12-07,7,3,3,6,New Hampshire,.493,.543,.400,.667,94,.291,.355,.208,.667,43
Tarleton St.,2025-12-07,4,4,0,0,Texas A&M–San Antonio,.500,.547,.353,.750,94,.353,.283,.500,.700,73
Portland St.,2025-11-30,2,4,3,4,UC San Diego,.291,.324,.222,.718,64,.500,.521,.458,.846,94
Georgetown,2025-11-26,4,2,4,2,Towson,.537,.512,.583,.571,94,.417,.444,.381,.792,67
Anderson (IN),2025-11-26,0,0,2,4,IU Indy,.345,.381,.250,.737,58,.439,.500,.308,.700,94
South Carolina St.,2025-11-24,2,4,3,1,UCF,.294,.360,.111,.875,49,.538,.568,.467,.795,94
UNC,2025-11-23,4,1,2,3,UNCG,.661,.692,.600,.800,94,.300,.286,.318,.846,48
Longwood,2025-11-20,4,1,3,1,Virginia,.327,.378,.167,.929,47,.522,.556,.458,.688,94
Montana St.,2025-11-18,3,0,2,1,UNLV,.418,.435,.394,.556,94,.435,.476,.370,.647,81
South Fla.,2025-11-15,2,1,4,0,UCLA,.368,.385,.333,.813,61,.610,.714,.353,.889,94
IU Southeast,2025-11-13,0,0,2,1,Miami (OH),.256,.316,.208,.765,40,.565,.600,.471,.762,94
Ole Miss,2025-11-12,2,0,0,2,Southern U.,.532,.667,.304,.750,94,.320,.318,.333,.526,44
Idaho,2025-11-09,1,1,0,0,Walla Walla,.494,.509,.458,.778,94,.273,.333,.214,.750,39
Chattanooga,2025-11-06,1,0,1,0,Florida,.333,.320,.353,.621,52,.522,.591,.391,.577,94
Bradley,2025-11-04,0,0,0,0,Judson,.531,.677,.394,.650,94,.250,.333,.067,.800,33
Grand Canyon,2025-11-03,0,0,0,0,South Carolina,.274,.357,.206,.765,54,.596,.658,.474,.680,94
George Mason,2025-11-03,0,0,0,0,Temple,.346,.367,.313,.864,85,.463,.558,.292,.781,94
BYU,2026-03-23,23,11,17,16,Missouri,.514,.611,.412,.875,93,.371,.417,.324,.800,75
Iowa St.,2026-03-01,21,8,15,15,Kansas St.,.525,.634,.300,.958,93,.371,.400,.343,.833,79
NC State,2026-03-01,19,9,8,22,Pitt,.500,.490,.526,.929,93,.283,.304,.214,1.000,43
Indiana,2026-02-28,16,13,11,17,Penn St.,.525,.639,.360,.952,93,.328,.415,.192,.833,59
Nebraska,2026-02-28,17,11,9,19,Rutgers,.493,.590,.357,.739,93,.404,.462,.333,.636,52
Incarnate Word,2026-02-26,13,13,20,8,Stephen F. Austin,.439,.553,.286,.417,71,.557,.595,.500,.929,93
Norfolk St.,2026-02-21,13,12,5,20,South Carolina St.,.459,.468,.444,.722,93,.304,.268,.400,.800,52
Arkansas,2026-02-19,11,16,24,3,Texas,.378,.419,.286,.750,62,.494,.569,.357,.556,93
Kansas St.,2026-02-18,14,13,10,15,UCF,.587,.605,.550,.727,93,.458,.500,.333,.667,67
Baylor,2026-02-15,21,5,10,14,UCF,.593,.634,.500,.667,93,.409,.467,.286,.600,63
South Dakota St.,2026-02-14,19,6,7,18,UMKC,.596,.594,.600,.769,93,.302,.295,.333,.417,40
Stephen F. Austin,2026-02-12,16,8,4,18,TAMUCC,.589,.710,.440,.640,93,.277,.310,.217,.667,51
Eastern Ill.,2026-02-10,4,21,19,4,Western Ill.,.283,.205,.429,.545,49,.551,.617,.409,.615,93
South Carolina,2026-02-08,23,2,15,5,Tennessee,.692,.738,.500,.800,93,.277,.381,.227,.800,50
Bowling Green,2026-02-07,11,11,11,13,Coastal Caro.,.589,.706,.409,.643,93,.429,.533,.308,.788,82
Boston College,2026-02-05,4,20,18,4,Syracuse,.362,.406,.308,1.000,59,.514,.553,.435,.733,93
Arkansas,2026-02-01,11,11,17,5,Kentucky,.407,.424,.385,.714,73,.485,.543,.364,.633,93
North Dakota St.,2026-01-31,19,2,12,9,Oral Roberts,.565,.578,.529,.700,93,.458,.463,.400,.727,72
Eastern Wash.,2026-01-29,10,10,7,14,Northern Ariz.,.478,.615,.286,.913,93,.492,.462,.550,.857,87
Santa Clara,2026-01-22,16,5,5,13,Seattle,.443,.524,.351,.714,93,.338,.408,.158,.909,59
Cincinnati,2026-01-21,7,12,14,5,Iowa St.,.426,.468,.286,.857,68,.557,.657,.423,.500,93
Duke,2026-01-18,12,6,8,10,Ga Tech,.492,.512,.458,.818,93,.276,.302,.200,.917,46
Illinois St.,2026-01-15,9,8,0,17,Valparaiso,.545,.633,.294,.800,93,.444,.469,.391,.200,74
Miss. St.,2026-01-11,14,3,15,3,Ole Miss,.410,.435,.333,.500,68,.563,.667,.316,.789,93
Arkansas,2026-01-08,11,6,15,1,South Carolina,.328,.286,.421,.769,58,.515,.509,.538,.621,93
Bradley,2026-01-04,8,5,11,2,Murray St.,.434,.484,.286,.444,82,.427,.523,.290,.870,93
UC Merced,2025-12-30,0,0,2,9,UC Riverside,.339,.382,.273,.667,52,.479,.614,.259,.643,93
Charleston So.,2025-12-21,2,9,10,3,UNC,.453,.400,.522,.667,74,.485,.512,.440,.696,93
Jackson St.,2025-12-21,2,8,7,4,Purdue,.420,.345,.524,.600,62,.586,.641,.474,.842,93
Prairie View,2025-12-21,2,8,6,2,Texas A&M,.317,.270,.385,.769,60,.507,.554,.368,.714,93
UC Irvine,2025-12-18,10,2,7,2,UTEP,.566,.600,.500,.828,93,.397,.459,.286,.741,72
Grambling,2025-12-15,1,9,0,0,Jarvis Christian,.378,.406,.310,.625,93,.275,.289,.167,.692,38
Ball St.,2025-12-10,8,2,8,3,Louisville,.356,.425,.211,.696,62,.479,.532,.385,.765,93
Fairfield,2025-12-07,4,3,7,2,Richmond,.660,.696,.633,.667,93,.463,.640,.310,.824,73
Florida St.,2025-12-07,4,6,5,2,Notre Dame,.318,.353,.200,.722,58,.576,.638,.421,.900,93
Duke,2025-12-04,3,5,8,0,LSU,.500,.618,.333,.579,77,.597,.627,.455,.875,93
Prairie View,2025-11-30,2,4,1,5,Texas St.,.340,.371,.267,.583,52,.532,.591,.389,.833,93
Morgan St.,2025-11-26,1,5,6,0,Wake Forest,.217,.222,.200,.600,35,.574,.649,.412,.727,93
Elon,2025-11-24,2,2,3,2,Georgetown,.348,.422,.190,.636,57,.453,.500,.385,.758,93
UConn,2025-11-23,5,0,3,2,Utah,.537,.595,.440,.769,93,.259,.353,.216,.625,41
Louisiana Tech,2025-11-23,2,2,4,0,Stephen F. Austin,.514,.558,.400,.733,93,.500,.588,.313,.647,66
TCU,2025-11-23,5,0,3,2,UTRGV,.486,.512,.455,.545,93,.311,.367,.258,.786,57
Ga. Southern,2025-11-22,1,3,3,2,Mercer,.610,.681,.333,.739,93,.439,.491,.231,.917,72
Harvard,2025-11-15,1,2,2,1,Oakland,.500,.433,.571,.760,93,.365,.439,.091,.727,55
Michigan,2025-11-15,2,0,3,0,Notre Dame,.500,.556,.381,.731,93,.283,.395,.091,.783,54
Elon,2025-11-10,1,1,1,1,Presbyterian,.638,.674,.500,.650,93,.320,.273,.412,.643,48
Grambling,2025-11-09,0,2,0,0,Ouachita Baptist,.451,.532,.200,.714,93,.245,.333,.172,.609,45
Arkansas,2025-11-04,0,0,0,0,Louisiana Tech,.446,.453,.429,.750,93,.431,.490,.304,.750,81
Carroll (MT),2025-11-04,0,0,0,0,Montana St.,.310,.320,.294,.833,41,.532,.590,.313,.857,93
Michigan,2026-03-22 NCAA,26,6,21,10,NC State,.449,.521,.333,.923,92,.451,.500,.308,.722,63
Indiana St.,2026-03-05,9,20,15,13,UNI,.397,.400,.385,.700,73,.508,.548,.429,.760,92
Gonzaga,2026-02-28,22,8,16,13,Portland,.542,.638,.167,.833,91,.382,.419,.351,.818,92
UNI,2026-02-26,13,13,0,27,Valparaiso,.446,.400,.520,.700,92,.340,.353,.313,.789,54
Coastal Caro.,2026-02-24,13,16,9,19,Georgia St.,.509,.600,.364,.743,92,.375,.431,.276,.800,84
Illinois,2026-02-22,18,8,8,18,Northwestern,.500,.442,.667,.833,92,.457,.457,.455,.818,65
La Salle,2026-02-22,15,11,22,6,Richmond,.383,.421,.318,.714,58,.567,.655,.484,.750,92
Miss. St.,2026-02-22,18,9,25,3,Texas,.381,.429,.143,.643,42,.522,.533,.500,.733,92
Arkansas St.,2026-02-21,21,7,4,23,Louisiana,.449,.571,.396,.846,92,.410,.446,.000,.640,66
Charleston So.,2026-02-21,8,18,17,11,Radford,.467,.444,.500,.769,78,.507,.595,.360,.833,92
Indiana,2026-02-15,14,12,24,1,UCLA,.313,.393,.200,.824,48,.462,.483,.400,.800,92
Illinois,2026-02-11,16,8,13,11,Wisconsin,.581,.556,.647,.750,92,.369,.452,.217,.583,60
Cal St Bakersfield,2026-02-07,7,15,13,9,Cal St Fullerton,.444,.529,.238,.667,87,.412,.473,.154,.708,92
Lindenwood,2026-02-05,17,7,11,11,Little Rock,.564,.613,.500,.947,92,.340,.405,.188,.882,54
Richmond,2026-02-04,18,4,11,13,Saint Louis,.523,.545,.500,.800,92,.254,.278,.217,.692,44
Maine,2026-01-31,10,11,6,15,Mass.-Lowell,.547,.579,.500,.750,92,.293,.571,.135,.500,42
Arkansas,2026-01-29,11,10,19,2,LSU,.377,.342,.419,.455,70,.459,.471,.400,.571,92
Seton Hall,2026-01-24,14,5,20,0,UConn,.309,.400,.200,.813,52,.583,.774,.379,.917,92
Montana St.,2026-01-24,13,5,6,14,Weber St.,.483,.469,.500,.676,92,.489,.462,.526,.783,72
Gonzaga,2026-01-22,14,6,14,6,Oregon St.,.455,.512,.348,.760,87,.492,.543,.417,.706,92
Illinois,2026-01-11,13,3,7,9,Penn St.,.596,.657,.500,.867,92,.433,.460,.353,.750,76
Loyola Marymount,2026-01-02,7,6,12,3,Santa Clara,.451,.509,.214,.893,92,.515,.725,.214,.600,85
Michigan,2025-12-29,10,1,12,2,Oregon,.415,.464,.308,.421,92,.462,.479,.412,.588,87
King (TN),2025-12-19,0,1,4,7,Wofford,.217,.190,.231,.583,42,.439,.571,.290,.806,92
Arkansas,2025-12-17,9,3,2,8,UMKC,.455,.473,.409,.929,92,.500,.500,.500,.500,77
Creighton,2025-12-17,4,5,1,10,Omaha,.507,.563,.457,.800,92,.304,.250,.400,.857,48
Oklahoma,2025-12-13,10,1,10,1,Oklahoma St.,.513,.582,.333,.700,92,.378,.452,.281,.556,70
Stephens,2025-12-13,0,0,6,2,Tennessee Tech,.373,.417,.267,.688,53,.567,.551,.636,.607,92
Presbyterian,2025-12-10,2,8,7,3,Virginia Tech,.245,.243,.250,.818,36,.521,.574,.250,.500,92
Denver,2025-12-09,3,6,0,0,Metro St. Denver,.486,.561,.394,.778,92,.400,.389,.421,.727,68
Cal,2025-12-07,6,3,0,7,San Jose St.,.472,.548,.367,.591,92,.286,.323,.240,.364,42
Maryland,2025-12-03,9,0,2,4,Mt. St. Mary's,.563,.652,.333,.636,92,.295,.351,.208,.600,44
Bradley,2025-12-03,4,3,7,0,Nebraska,.328,.433,.226,.857,53,.561,.689,.286,.632,92
Idaho,2025-12-03,7,1,3,5,Oral Roberts,.470,.571,.150,.889,89,.431,.440,.409,.955,92
Cal St Mont Bay,2025-11-30,0,1,4,2,San Francisco,.293,.263,.350,.786,52,.596,.650,.471,.842,92
Md.-East. Shore,2025-11-30,5,4,5,2,Virginia,.310,.289,.385,.667,59,.547,.600,.421,.636,92
Cal Baptist,2025-11-29,5,1,5,3,Sacramento St.,.466,.474,.457,.615,92,.269,.341,.130,.556,49
Butler,2025-11-28,3,3,3,2,Dayton,.593,.607,.577,.765,92,.435,.449,.385,.778,66
Howard,2025-11-26,6,1,3,2,Purdue,.345,.417,.000,.815,62,.557,.676,.407,.722,92
North American,2025-11-25,0,0,4,1,Sam Houston,.241,.261,.125,.615,43,.493,.500,.474,.733,92
Alabama St.,2025-11-21,1,4,4,0,Vanderbilt,.271,.267,.278,.500,38,.425,.465,.367,.760,92
Georgia,2025-11-20,5,0,1,3,North Florida,.493,.545,.391,.810,92,.354,.522,.200,.875,46
Kent St.,2025-11-16,2,2,0,2,Niagara,.516,.500,.571,.800,92,.288,.325,.211,.583,45
Ave Maria,2025-11-13,0,0,0,1,Fla. Gulf Coast,.212,.257,.161,.667,37,.535,.674,.280,.692,92
Boston College,2025-11-12,2,1,1,0,Rider,.446,.571,.300,.806,92,.382,.485,.227,.714,52
Alabama,2025-11-10,2,0,1,1,Alcorn St.,.559,.595,.500,.833,92,.271,.257,.308,.529,39
Bloomfield,2025-11-10,0,0,0,2,FDU,.345,.344,.346,.917,60,.479,.581,.400,.667,92
Columbia,2025-11-09,1,0,1,0,Ohio,.453,.600,.276,.867,92,.419,.517,.333,.611,74
Eastern Mich.,2025-11-09,1,1,1,0,Michigan St.,.436,.462,.375,.667,60,.524,.641,.333,.783,92
Southern Miss.,2025-11-07,1,0,0,0,William Carey,.471,.479,.455,.762,92,.397,.400,.391,.739,80
Binghamton,2025-11-06,1,0,0,1,Bloomsburg,.508,.571,.313,.875,92,.279,.267,.308,.640,44
Haskell (KS),2025-11-06,0,0,1,0,Oral Roberts,.304,.324,.273,.909,50,.486,.574,.222,.581,92
DePaul,2025-11-04,0,0,0,0,Valparaiso,.443,.444,.440,.375,92,.367,.400,.316,.706,54
Jacksonville St.,2025-11-03,0,0,0,0,LaGrange,.523,.611,.414,.706,92,.279,.333,.100,.769,35
Bethesda CA,2025-11-03,0,0,0,0,San Diego,.171,.087,.278,.571,23,.507,.650,.343,.444,92
Cumberlands (KY),2025-11-03,0,0,0,0,Tennessee Tech,.320,.333,.273,.640,67,.492,.513,.455,.667,92
Evansville,2026-03-15,10,24,30,3,Murray St.,.459,.490,.333,.667,70,.515,.537,.481,.571,91
Louisiana Tech,2026-03-07,23,5,13,15,UTEP,.471,.581,.296,.850,91,.458,.500,.412,.700,87
Cincinnati,2026-03-04,11,19,15,16,Kansas St.,.333,.298,.500,.667,66,.508,.485,.531,.615,91
Green Bay,2026-02-21,20,7,8,20,Milwaukee,.581,.625,.429,.765,91,.361,.333,.438,.857,57
Chattanooga,2026-02-14,16,6,12,12,East Tenn. St.,.471,.491,.412,.680,90,.500,.560,.350,.519,91
Indiana St.,2026-02-12,8,15,11,12,UNI,.380,.386,.370,.714,79,.470,.500,.433,.800,91
Manhattan,2026-02-08,5,17,10,12,Siena,.347,.379,.214,.792,72,.441,.489,.333,.828,91
Washington,2026-02-08,17,6,13,10,Wisconsin,.484,.581,.394,.889,91,.486,.479,.500,.700,86
Iowa,2026-02-05,18,4,16,6,Minnesota,.483,.553,.364,.826,85,.516,.458,.714,.708,91
Montana St.,2026-01-31,15,5,5,15,Portland St.,.514,.549,.435,.833,91,.313,.382,.143,.688,43
Iowa,2026-01-25,17,2,18,2,Ohio St.,.578,.667,.409,.667,91,.348,.286,.412,.727,70
Lindenwood,2026-01-24,14,6,3,15,Tennessee St.,.508,.514,.500,.846,91,.436,.462,.375,.444,58
BYU,2026-01-24,15,4,16,4,West Virginia,.490,.520,.458,.783,77,.508,.587,.294,.759,91
LSU,2026-01-18,16,2,14,3,Oklahoma,.426,.424,.444,.879,91,.366,.378,.353,.667,72
Akron,2026-01-17,3,14,7,10,Kent St.,.443,.537,.250,.741,79,.593,.667,.333,.821,91
NC State,2026-01-11,11,5,7,9,SMU,.545,.636,.364,.688,91,.323,.300,.364,.600,54
Texas A&M,2026-01-11,8,4,16,0,Vanderbilt,.353,.364,.333,.692,51,.564,.613,.500,.708,91
Davidson,2026-01-10,12,5,13,4,Richmond,.448,.474,.414,.923,84,.469,.444,.500,.850,91
Chicago St.,2026-01-08,1,14,11,4,FDU,.466,.451,.571,.462,64,.557,.744,.227,.720,91
Jacksonville,2026-01-08,9,4,7,6,Queens (NC),.529,.574,.357,.737,91,.268,.321,.214,.444,40
Southern Ill.,2026-01-04,3,9,7,6,UNI,.400,.467,.200,.684,64,.545,.629,.400,.742,91
Florida St.,2026-01-04,5,10,11,3,Virginia,.407,.444,.333,.600,87,.415,.458,.353,.550,91
Arkansas St.,2026-01-01,11,3,9,4,Southern Miss.,.405,.488,.290,.815,91,.450,.595,.111,.818,83
Louisville,2026-01-01,12,3,7,7,SMU,.486,.574,.333,.909,91,.438,.467,.389,.692,58
SE Missouri St,2025-12-30,3,7,0,0,William Woods,.545,.635,.214,.696,91,.471,.630,.292,.583,62
Montreat,2025-12-30,0,1,2,11,Western Caro.,.302,.361,.176,.750,44,.486,.500,.455,.684,91
Cal,2025-12-28,8,5,2,9,Cal Poly,.537,.813,.286,.563,91,.346,.341,.364,.833,50
Cincinnati,2025-12-21,5,7,11,2,Oklahoma St.,.385,.394,.368,.762,63,.484,.500,.472,.800,91
Idaho,2025-12-20,8,4,0,0,Western Ore.,.500,.600,.345,.636,91,.409,.500,.227,1.000,63
Central Mich.,2025-12-17,5,4,0,11,Valparaiso,.515,.571,.353,.850,91,.250,.364,.129,.357,41
Erskine,2025-12-17,0,2,6,5,Mercer,.233,.316,.091,.500,37,.420,.508,.150,.714,91
LSU,2025-12-16,11,0,1,11,Morgan St.,.556,.638,.313,.615,91,.250,.267,.214,.667,33
Ole Miss,2025-12-14,9,1,3,9,South Carolina St.,.537,.550,.500,.897,91,.289,.300,.267,.333,32
Grand Canyon,2025-12-14,1,8,8,3,Santa Clara,.472,.543,.333,.762,72,.433,.512,.308,.926,91
Northwestern,2025-12-14,6,3,7,3,Utah,.422,.581,.095,.833,66,.538,.688,.394,.615,91
Delaware St.,2025-12-10,3,7,11,0,Maryland,.184,.182,.200,.500,21,.478,.509,.357,.815,91
Boise St.,2025-12-10,8,1,6,3,Utah,.323,.231,.462,.333,58,.507,.535,.467,.750,91
Houston Christian,2025-12-05,3,3,5,4,South Fla.,.404,.438,.350,.500,58,.517,.565,.357,.828,91
Evansville,2025-12-03,2,5,4,3,Purdue,.293,.379,.207,.643,49,.576,.667,.333,.750,91
Delaware,2025-11-30,3,2,4,3,Towson,.463,.421,.700,.786,91,.540,.581,.450,.300,80
Eastern Ill.,2025-11-28,0,5,4,2,Louisville,.300,.429,.136,.556,38,.458,.510,.348,.680,91
Nebraska,2025-11-25,6,0,5,1,Virginia,.508,.550,.421,.742,91,.500,.517,.476,.667,82
Murray St.,2025-11-22,2,2,2,2,UAB,.443,.489,.360,.741,91,.455,.542,.167,.545,79
Benedictine,2025-11-18,0,1,3,1,Southern Utah,.333,.378,.238,.760,68,.614,.700,.412,.737,91
Boise St.,2025-11-14,2,0,3,0,UC Davis,.542,.512,.611,.842,91,.483,.500,.458,.833,77
SMU,2025-11-13,1,1,3,0,Texas Tech,.301,.275,.333,.625,60,.544,.579,.474,.800,91
Cal St Northridge,2025-11-12,2,0,1,1,San Diego St.,.424,.471,.360,.733,70,.492,.500,.481,.737,91
Charleston So.,2025-11-11,0,2,1,1,East Carolina,.411,.500,.333,.545,62,.459,.469,.440,.750,91
Murray St.,2025-11-11,1,0,2,0,South Dakota St.,.292,.372,.172,.867,60,.576,.682,.364,.636,91
Duke,2025-11-09,0,1,1,0,Holy Cross,.500,.488,.522,.722,91,.284,.262,.320,.333,48
Cheyney,2025-11-08,0,0,0,1,Md.-East. Shore,.289,.361,.000,.611,37,.487,.604,.217,.522,91
South Ala.,2025-11-08,1,0,0,1,UAB,.530,.500,.577,.462,91,.383,.452,.310,.867,68
Gardner-Webb,2025-11-08,0,1,0,1,West Ga.,.400,.400,.400,.583,68,.468,.529,.393,.759,91
Molloy,2025-11-07,0,0,0,1,Stony Brook,.490,.583,.267,.500,59,.522,.560,.421,.733,91
Furman,2025-11-06,1,0,1,0,Georgia,.238,.265,.207,.529,45,.493,.500,.467,.737,91
BYU,2025-11-05,0,0,0,1,Coastal Caro.,.484,.769,.278,.724,91,.282,.371,.194,.556,57
Illinois,2025-11-04,0,0,0,0,SE Missouri St,.525,.563,.364,.781,91,.351,.378,.250,.706,67
Minnesota,2025-11-04,0,0,0,0,North Dakota,.407,.467,.269,.875,91,.212,.238,.194,.792,47
UConn,2026-03-21 NCAA,34,0,18,15,UTSA,.493,.737,.212,.591,90,.408,.424,.375,.667,52
UConn,2026-03-09,33,0,25,6,Villanova,.523,.628,.318,.714,90,.273,.379,.189,.727,51
Boston College,2026-03-01,5,25,21,7,Syracuse,.349,.455,.105,.950,65,.493,.556,.316,.800,90
San Francisco,2026-02-28,16,12,22,8,Santa Clara,.405,.481,.200,.750,82,.400,.410,.387,.759,90
Arizona St.,2026-02-18,21,6,20,6,Iowa St.,.361,.400,.286,.875,64,.532,.543,.500,.727,90
SE Missouri St,2026-02-07,8,14,15,7,Southern Ind.,.396,.636,.226,.571,57,.533,.512,.579,.750,90
Pacific,2026-02-05,8,13,18,6,Santa Clara,.492,.543,.417,.846,90,.354,.500,.148,.780,82
Buffalo,2026-02-04,2,19,13,7,Central Mich.,.377,.475,.190,.818,59,.452,.444,.474,.682,90
Houston,2026-02-04,7,14,20,3,TCU,.304,.341,.167,.563,45,.576,.659,.389,.714,90
Nebraska,2026-02-01,16,5,19,3,Ohio St.,.406,.465,.308,.778,71,.517,.571,.440,.944,90
Miami (OH),2026-01-31,17,4,12,7,Ohio,.476,.520,.447,.813,90,.381,.455,.300,.765,70
Pepperdine,2026-01-29,12,9,5,15,Seattle,.556,.571,.524,1.000,90,.333,.385,.259,.857,63
East Texas A&M,2026-01-29,7,10,1,18,New Orleans,.431,.444,.407,.630,90,.381,.400,.333,.826,73
Incarnate Word,2026-01-24,9,8,3,14,TAMUCC,.452,.500,.412,.800,90,.490,.516,.444,.810,73
Arizona,2026-01-24,10,8,15,5,Iowa St.,.424,.500,.235,.688,65,.545,.625,.435,.645,90
Coppin St.,2026-01-18,4,15,18,1,South Carolina,.322,.341,.278,.714,48,.515,.531,.474,.786,90
Bellarmine,2026-01-17,2,16,14,4,Eastern Ky.,.278,.343,.158,.813,46,.500,.605,.367,.917,90
Denver,2026-01-15,7,9,13,4,South Dakota St.,.348,.435,.261,.545,44,.508,.605,.370,.824,90
Cal,2026-01-15,10,8,14,3,Syracuse,.417,.455,.294,.917,87,.362,.341,.500,.727,90
Memphis,2026-01-10,7,9,9,7,South Fla.,.444,.500,.167,.714,81,.500,.517,.417,.682,90
Miss. St.,2026-01-08,14,2,10,3,Tennessee,.455,.528,.154,.857,80,.507,.600,.370,.706,90
Providence,2025-12-31,8,6,13,0,UConn,.354,.310,.421,.688,53,.550,.618,.462,.750,90
Evansville,2025-12-29,2,10,9,2,Murray St.,.476,.490,.429,.583,80,.414,.563,.231,.837,90
Boston College,2025-12-29,4,10,11,3,UNC,.213,.257,.154,.818,39,.576,.732,.320,.667,90
Briar Cliff,2025-12-27,0,0,1,13,Omaha,.431,.463,.333,.722,81,.475,.516,.433,.760,90
Pacific,2025-12-21,5,5,9,2,Washington,.418,.553,.118,.500,50,.531,.564,.480,.769,90
Iowa,2025-12-20,10,1,11,0,UConn,.490,.500,.471,.750,64,.522,.575,.448,.714,90
Bloomfield,2025-12-20,0,2,6,8,Md.-East. Shore,.410,.390,.450,.762,75,.410,.473,.261,.870,90
Montana,2025-12-20,2,8,6,4,Tarleton St.,.471,.556,.375,.933,90,.443,.413,.500,.786,85
Oklahoma St.,2025-12-15,10,2,6,3,Tulsa,.492,.579,.348,.733,90,.409,.379,.467,.882,58
DePaul,2025-12-14,3,8,8,1,Michigan St.,.303,.364,.182,.333,46,.522,.659,.280,.611,90
Jacksonville St.,2025-12-13,4,5,0,0,Point,.442,.512,.361,.818,90,.262,.333,.167,.556,30
Omaha,2025-12-13,1,9,7,1,Western Ill.,.314,.385,.240,.500,41,.536,.635,.235,.706,90
Alabama St.,2025-12-09,2,5,9,1,Baylor,.258,.288,.143,.000,36,.459,.447,.478,.742,90
Longwood,2025-12-07,6,4,0,0,UNC Pembroke,.430,.458,.350,.882,90,.436,.450,.400,.667,62
Md.-East. Shore,2025-12-07,6,5,8,1,Oklahoma,.179,.167,.214,.778,37,.446,.553,.296,.706,90
St. Francis (IL),2025-12-04,0,0,4,1,Western Ill.,.266,.205,.400,.867,55,.416,.436,.364,.720,90
Montana St.,2025-12-03,5,1,5,2,North Dakota St.,.359,.400,.310,.714,65,.558,.529,.611,.750,90
Bellarmine,2025-12-02,2,7,6,1,Illinois,.196,.167,.231,.765,41,.434,.541,.136,.833,90
New Orleans,2025-11-30,0,6,4,3,South Fla.,.303,.333,.259,.611,58,.508,.605,.300,.800,90
Akron,2025-11-30,0,6,4,2,Youngstown St.,.356,.333,.400,.591,63,.559,.659,.267,.952,90
Drake,2025-11-26,1,4,1,6,Northern Ky.,.481,.548,.381,.688,69,.492,.625,.355,.850,90
Samford,2025-11-21,2,3,0,0,Stillman,.453,.500,.415,.556,90,.245,.325,.000,.600,35
Fordham,2025-11-20,3,2,3,0,Seton Hall,.431,.460,.364,.650,83,.324,.333,.313,.711,90
Northern Ariz.,2025-11-15,1,2,1,2,UC Irvine,.389,.406,.364,.758,75,.384,.391,.370,.923,90
Furman,2025-11-13,1,2,2,1,Georgia St.,.405,.523,.233,.719,90,.431,.509,.176,.632,89
Bellarmine,2025-11-13,1,1,1,0,Ohio St.,.183,.171,.211,.350,33,.427,.585,.235,.783,90
Kentucky,2025-11-12,3,0,1,2,USC Upstate,.478,.667,.350,.857,90,.212,.194,.250,1.000,30
Coppin St.,2025-11-12,1,2,2,0,Penn St.,.373,.426,.167,.667,62,.429,.522,.250,.857,90
Bowling Green,2025-11-12,1,1,2,1,Wisconsin,.400,.455,.286,.909,78,.545,.650,.385,.533,90
Eastern Ill.,2025-11-11,0,2,0,1,Indiana St.,.310,.308,.316,.679,69,.478,.481,.467,.531,90
Marquette,2025-11-11,2,0,2,0,Minnesota,.327,.370,.286,1.000,47,.507,.563,.407,.600,90
Cal Poly,2025-11-09,1,0,2,0,Stanford,.389,.391,.375,1.000,55,.508,.605,.318,.850,90
UMKC,2025-11-08,0,1,0,0,William Jewell,.469,.507,.286,.556,90,.226,.275,.077,.556,35
Montana,2025-11-08,1,0,1,0,Oregon,.352,.462,.250,.667,47,.515,.563,.400,.857,90
Utah,2025-11-07,1,0,0,0,Utah St.,.578,.625,.500,.571,90,.328,.400,.208,.429,53
Georgetown,2025-11-06,0,0,1,0,Stonehill,.500,.489,.529,.739,90,.375,.406,.313,.444,45
Stevenson,2025-11-03,0,0,0,0,UMBC,.386,.469,.167,.650,49,.471,.571,.238,.760,90
N.C. Central,2025-11-03,0,0,0,0,UNC,.263,.233,.357,.438,42,.529,.583,.400,.526,90
Cleary,2025-11-03,0,0,0,0,Oakland,.200,.184,.235,.857,32,.507,.574,.375,.563,90
Schreiner,2025-11-03,0,0,0,0,Tarleton St.,.226,.242,.200,.583,35,.446,.522,.321,.882,90
Seattle,2025-11-03,0,0,0,0,Washington,.283,.325,.200,.714,43,.522,.569,.375,.583,90
Idaho,2026-03-20 NCAA,29,5,24,7,Oklahoma,.247,.286,.217,.643,59,.507,.600,.318,.560,89
Liberty,2026-03-12,17,12,18,11,Sam Houston,.484,.545,.414,.739,89,.380,.500,.167,.593,57
Central Mich.,2026-03-11,18,11,17,12,Ohio,.484,.500,.455,.667,88,.455,.472,.433,.889,89
Ole Miss,2026-03-06,22,10,27,3,Vanderbilt,.571,.591,.500,.792,89,.375,.462,.273,.652,78
Hawaii,2026-03-05,18,10,10,19,UC Riverside,.565,.595,.500,.643,89,.279,.265,.296,.700,56
La.-Monroe,2026-03-05,15,15,15,15,Southern Miss.,.429,.431,.421,.778,89,.464,.471,.455,.476,72
Longwood,2026-02-28,19,9,3,25,Presbyterian,.460,.575,.261,.758,89,.415,.477,.111,.667,57
Dartmouth,2026-02-28,10,15,15,10,Penn,.441,.485,.385,1.000,66,.587,.703,.423,.800,89
LSU,2026-02-26,24,4,16,10,Tennessee,.473,.500,.333,.652,89,.380,.381,.379,.615,73
Arkansas,2026-02-26,11,18,21,6,Oklahoma,.224,.276,.172,.650,44,.459,.596,.136,.947,89
SE Missouri St,2026-02-26,10,17,4,23,Tennessee St.,.559,.585,.500,.700,89,.346,.389,.250,.571,52
N.C. A&T,2026-02-20,9,15,7,16,Northeastern,.421,.409,.438,.579,89,.410,.455,.304,.556,86
Idaho,2026-02-07,18,5,7,15,Montana,.538,.653,.188,.889,89,.351,.333,.364,.929,65
Niagara,2026-02-07,0,22,19,4,Quinnipiac,.340,.294,.438,.400,45,.592,.677,.444,.793,89
Indiana,2026-02-01,11,11,8,13,Northwestern,.579,.657,.455,.813,89,.423,.455,.313,.833,75
Bismarck St.,2026-02-01,0,0,5,17,North Dakota,.452,.500,.421,.667,80,.500,.656,.344,.700,89
North Dakota,2026-01-29,4,16,11,9,Oral Roberts,.446,.586,.333,.667,80,.517,.488,.579,.696,89
Nebraska,2026-01-28,15,5,8,12,Northwestern,.526,.528,.524,.900,89,.455,.487,.375,.680,73
Florida,2026-01-26,13,8,18,2,LSU,.368,.441,.261,.632,60,.484,.520,.357,.759,89
Drake,2026-01-25,6,12,16,3,Murray St.,.493,.500,.478,.700,88,.456,.580,.111,.862,89
Columbia,2026-01-24,12,5,9,8,Dartmouth,.507,.512,.500,.714,89,.220,.240,.200,.500,32
Oregon,2026-01-24,14,7,7,13,Penn St.,.571,.612,.429,.846,89,.393,.475,.238,.500,59
Murray St.,2026-01-23,16,2,9,8,UNI,.412,.500,.269,.733,74,.607,.553,.722,.667,89
Florida,2026-01-18,12,8,13,7,Missouri,.531,.615,.400,.733,89,.400,.467,.320,.731,71
Miss. St.,2026-01-15,14,4,17,0,Vanderbilt,.485,.533,.381,.857,84,.500,.613,.379,.900,89
Florida St.,2026-01-11,5,11,10,6,Miami (FL),.386,.489,.200,.737,73,.478,.568,.320,.750,89
Maryland,2026-01-11,16,1,14,2,Ohio St.,.412,.463,.333,.688,76,.500,.500,.500,.909,89
Le Moyne,2026-01-04,3,11,0,12,Mercyhurst,.448,.489,.308,.640,72,.459,.500,.429,.818,89
Arkansas St.,2026-01-03,12,3,7,6,La.-Monroe,.433,.567,.324,.864,89,.421,.524,.133,.636,71
Longwood,2026-01-03,9,4,2,12,Presbyterian,.437,.531,.227,.759,89,.412,.500,.091,.565,56
New Mexico,2026-01-03,10,4,2,12,San Jose St.,.400,.475,.325,.600,89,.298,.423,.194,.846,51
Drake,2026-01-02,3,9,3,8,Southern Ill.,.530,.592,.353,.565,89,.432,.491,.286,.556,75
Missouri,2026-01-01,12,3,15,0,Texas,.535,.458,.632,.813,71,.453,.481,.381,.722,89
S Wesleyan,2026-01-01,0,1,5,8,Wofford,.206,.243,.161,.588,43,.481,.609,.290,.462,89
Green Bay,2025-12-30,8,5,5,9,Wright St.,.614,.737,.368,.923,89,.350,.464,.250,.556,55
Indiana St.,2025-12-22,4,6,7,5,Old Dominion,.324,.340,.286,.533,68,.438,.455,.389,.692,89
Southern Ind.,2025-12-22,8,2,7,3,Tennessee,.309,.295,.364,.545,44,.403,.458,.375,.591,89
Central Mich.,2025-12-20,6,4,2,8,Northern Ill.,.492,.486,.500,.917,89,.288,.244,.455,.762,51
Florida St.,2025-12-20,4,9,3,10,South Carolina St.,.417,.558,.207,.821,89,.261,.333,.125,.400,41
Louisville,2025-12-20,11,3,7,2,Tennessee,.493,.536,.368,.615,89,.342,.392,.240,.438,65
New Mexico,2025-12-20,9,3,6,5,UNLV,.441,.514,.318,.667,71,.517,.467,.571,.867,89
Illinois St.,2025-12-19,5,6,3,7,Oakland,.636,.725,.400,.813,89,.390,.389,.391,.846,66
Eastern Wash.,2025-12-18,6,4,9,1,UCSB,.309,.360,.167,.667,63,.470,.537,.360,.750,89
Marquette,2025-12-17,7,3,10,0,UConn,.382,.410,.313,.750,53,.594,.620,.500,.600,89
Arizona,2025-12-15,7,2,1,9,Chicago St.,.525,.571,.412,.833,89,.482,.579,.278,.611,70
Le Moyne,2025-12-14,1,7,6,3,Marquette,.326,.286,.389,.500,42,.515,.606,.424,1.000,89
Jacksonville,2025-12-14,7,1,10,0,TCU,.211,.229,.111,.857,49,.479,.605,.343,.700,89
Baylor,2025-12-14,10,1,11,0,Texas,.391,.400,.375,.667,54,.493,.516,.364,.650,89
Charlotte,2025-12-07,4,5,8,1,Miss. St.,.328,.326,.333,.571,59,.521,.608,.300,.563,89
Duke,2025-11-27,3,4,6,1,UCLA,.338,.372,.273,.600,59,.525,.486,.591,.875,89
Oral Roberts,2025-11-26,2,5,1,4,TAMUCC,.556,.611,.444,.808,89,.452,.538,.304,.579,74
Lehigh,2025-11-25,2,4,3,2,San Francisco,.403,.529,.289,.882,84,.554,.657,.381,.594,89
Northern Ky.,2025-11-25,1,5,3,2,Stetson,.345,.400,.286,.789,63,.500,.500,.500,.800,89
Cal St Northridge,2025-11-23,2,2,4,1,Idaho,.319,.389,.242,.500,56,.432,.511,.296,.708,89
Idaho,2025-11-21,3,1,0,3,UC Riverside,.456,.478,.409,.947,89,.406,.415,.391,.700,75
Florida,2025-11-20,4,1,3,2,Florida St.,.471,.509,.353,.708,89,.426,.488,.278,.667,67
Penn St.,2025-11-16,3,0,3,0,Saint Joseph's,.574,.523,.706,.467,89,.352,.313,.385,.857,77
North Ala.,2025-11-14,3,0,2,1,Oklahoma,.324,.378,.258,.643,61,.387,.457,.276,.821,89
Florida St.,2025-11-12,2,1,1,1,Nicholls St.,.485,.531,.441,.714,89,.422,.460,.286,.667,64
Oklahoma,2025-11-12,1,1,1,1,UMKC,.554,.568,.526,.739,89,.305,.289,.333,.750,61
Kean,2025-11-11,0,0,1,1,LIU,.182,.217,.143,.533,27,.410,.474,.238,.833,89
Portland St.,2025-11-11,0,1,0,1,Willamette,.559,.623,.333,.889,89,.345,.357,.333,.500,52
Temple,2025-11-11,2,0,2,0,West Virginia,.333,.381,.250,.733,61,.525,.583,.435,.739,89
Arkansas,2025-11-10,2,0,1,1,Central Ark.,.361,.370,.346,.778,89,.390,.479,.241,.625,77
Colgate,2025-11-10,2,0,1,1,New Hampshire,.550,.622,.333,.818,89,.466,.535,.267,.724,79
Kansas St.,2025-11-10,2,0,0,1,Lamar,.516,.641,.320,.682,89,.373,.353,.412,.727,61
Seattle,2025-11-09,1,1,1,1,UCSB,.316,.389,.190,.818,49,.522,.579,.448,.600,89
Louisville,2025-11-09,0,1,0,1,Northern Ky.,.554,.609,.421,.692,89,.387,.438,.333,.429,61
Florida A&M,2025-11-08,0,1,1,0,Howard,.299,.308,.286,.357,53,.457,.471,.421,.810,89
Idaho,2025-11-07,1,0,1,0,UC Davis,.358,.386,.292,.611,76,.470,.472,.467,.765,89
Grambling,2025-11-07,0,1,1,0,North Texas,.224,.286,.120,.615,49,.566,.538,.643,.645,89
Fla. Atlantic,2025-11-04,0,0,0,0,Fla. Memorial,.554,.588,.500,.696,89,.392,.472,.200,.600,46
Duquesne,2025-11-03,0,0,0,0,SFU,.444,.611,.111,.700,89,.339,.417,.286,.769,60
Marquette,2025-11-03,0,0,0,0,Winthrop,.484,.588,.367,.889,89,.323,.333,.300,.733,57
Gonzaga,2026-03-09,22,9,24,8,Santa Clara,.557,.532,.643,.733,88,.268,.326,.179,.895,60
Louisiana Tech,2026-03-05,22,5,9,19,New Mexico St.,.500,.500,.500,.846,88,.404,.500,.263,.400,47
Belmont,2026-02-28,16,11,9,19,Indiana St.,.470,.568,.273,.833,88,.413,.489,.222,.793,79
Akron,2026-02-25,7,20,22,6,Ball St.,.318,.395,.174,.750,55,.419,.469,.320,.783,88
East Carolina,2026-02-25,20,8,8,19,Memphis,.365,.365,.364,.714,80,.485,.556,.167,.647,88
Michigan,2026-02-25,22,5,23,5,Ohio St.,.493,.523,.440,.750,88,.400,.447,.321,.708,86
Iowa St.,2026-02-25,21,7,21,8,Oklahoma St.,.443,.429,.462,.733,77,.532,.610,.381,.737,88
Notre Dame,2026-02-22,17,9,9,18,SMU,.531,.565,.444,.667,88,.397,.378,.429,.727,63
Ohio St.,2026-02-22,22,5,17,9,USC,.526,.568,.385,.821,88,.537,.621,.440,.778,83
Charleston,2026-02-20,20,4,14,11,Towson,.449,.509,.167,.857,88,.368,.364,.371,.789,78
Georgia St.,2026-02-19,9,17,15,12,Old Dominion,.358,.383,.300,.677,75,.492,.558,.350,.679,88
Ball St.,2026-02-18,21,5,2,22,Buffalo,.472,.521,.375,.579,88,.316,.395,.158,.762,55
Evansville,2026-02-15,6,19,14,10,Illinois St.,.527,.579,.412,.769,75,.554,.629,.429,.739,88
Florida St.,2026-02-15,9,16,23,4,Louisville,.369,.368,.370,1.000,65,.493,.600,.308,.556,88
Drake,2026-02-14,6,17,8,16,Indiana St.,.468,.536,.412,.615,88,.320,.333,.286,.640,70
UC Davis,2026-02-12,17,7,17,6,UC San Diego,.342,.256,.444,.783,88,.419,.510,.217,.722,80
Northern Ariz.,2026-02-12,8,17,6,17,Portland St.,.429,.436,.400,.733,88,.394,.453,.222,.870,80
Charleston So.,2026-02-07,7,16,3,20,Presbyterian,.558,.618,.444,.917,88,.369,.431,.143,.500,62
Central Mich.,2026-02-07,14,7,19,6,Marshall,.475,.524,.368,.615,81,.426,.472,.375,.783,88
Miss. St.,2026-02-05,16,7,22,2,South Carolina,.276,.382,.125,.714,45,.548,.583,.429,.933,88
High Point,2026-02-04,20,2,11,12,Winthrop,.468,.568,.320,.880,88,.406,.451,.231,.905,74
Longwood,2026-02-04,15,6,15,9,Radford,.466,.564,.263,.784,88,.329,.386,.250,.789,73
Michigan,2026-02-04,19,3,16,6,Nebraska,.531,.619,.364,.800,88,.441,.447,.429,.833,76
Minnesota,2026-02-01,15,6,11,10,Purdue,.603,.630,.500,.706,88,.373,.405,.318,1.000,55
Miss. St.,2026-02-01,16,6,14,9,Missouri,.417,.474,.353,.800,80,.582,.690,.462,.800,88
Arizona,2026-02-01,10,10,17,5,Oklahoma St.,.483,.477,.500,.750,69,.556,.650,.391,.750,88
Iowa,2026-02-01,18,3,20,1,UCLA,.434,.563,.238,.737,65,.578,.596,.500,1.000,88
James Madison,2026-01-31,15,8,9,11,South Ala.,.576,.658,.429,.611,88,.323,.318,.333,.600,52
Coastal Caro.,2026-01-30,11,11,17,4,Troy,.429,.455,.400,.647,77,.413,.438,.370,.889,88
Florida,2026-01-29,13,9,19,2,Texas,.449,.485,.375,.783,68,.561,.607,.300,.647,88
Minnesota,2026-01-25,13,6,13,7,Wisconsin,.593,.605,.563,.789,88,.346,.321,.375,.889,53
Eastern Ky.,2026-01-24,16,4,7,11,North Florida,.500,.600,.263,.792,88,.359,.415,.261,.250,54
Louisville,2026-01-18,17,3,13,5,NC State,.438,.492,.263,.765,88,.458,.463,.444,.750,80
Stetson,2026-01-17,10,6,11,5,West Ga.,.426,.463,.370,.571,76,.550,.571,.500,.591,88
Florida A&M,2026-01-15,3,11,3,12,MVSU,.438,.471,.308,.824,88,.415,.475,.231,.643,74
Fla. Atlantic,2026-01-13,7,9,3,14,Wichita St.,.516,.579,.423,.688,88,.338,.422,.150,.708,64
Charleston,2026-01-11,11,3,7,7,Hampton,.590,.676,.458,.833,88,.518,.585,.333,.800,75
Middle Tenn.,2026-01-10,8,7,6,9,New Mexico St.,.526,.531,.520,.750,88,.321,.394,.217,.769,51
Maryland,2026-01-08,15,1,8,7,Rutgers,.483,.371,.640,.737,88,.200,.205,.188,.727,41
St. John's (NY),2026-01-07,13,3,15,0,UConn,.359,.438,.304,.667,43,.590,.674,.389,.900,88
Brown,2026-01-05,8,4,4,9,Yale,.524,.609,.294,.630,88,.459,.489,.375,.833,72
Cal St Northridge,2026-01-03,5,7,10,2,UCSB,.460,.516,.368,.607,70,.571,.667,.353,.783,88
Indiana St.,2026-01-01,4,8,0,13,Valparaiso,.405,.490,.240,.786,88,.386,.367,.407,.793,78
Arkansas,2026-01-01,11,4,13,0,Vanderbilt,.481,.545,.368,.824,71,.458,.553,.353,.625,88
East Carolina,2025-12-30,8,5,7,5,UAB,.378,.456,.242,.857,88,.508,.563,.333,.643,87
Fort Wayne,2025-12-29,9,4,3,11,Northern Ky.,.437,.500,.355,.667,85,.483,.412,.577,.714,88
Creighton,2025-12-22,6,5,7,4,Seton Hall,.441,.500,.394,.824,79,.561,.618,.478,.813,88
Virginia,2025-12-20,8,3,7,6,Winthrop,.523,.564,.462,.667,88,.305,.342,.238,.857,53
Temple,2025-12-13,4,5,3,6,VCU,.527,.567,.480,.818,88,.393,.419,.333,.600,63
Lipscomb,2025-12-11,3,6,5,4,Purdue,.321,.367,.269,.500,45,.507,.595,.370,.800,88
Colgate,2025-12-10,4,5,8,1,Syracuse,.320,.367,.250,.625,42,.440,.455,.400,.560,88
Bethune-Cookman,2025-12-06,1,7,0,1,Livingstone,.451,.524,.345,.700,88,.371,.407,.250,.688,67
Northern Ariz.,2025-12-06,1,8,7,2,South Dakota St.,.386,.333,.444,.762,72,.541,.595,.421,.700,88
East Tenn. St.,2025-11-29,2,5,5,2,Louisville,.327,.500,.125,.650,50,.484,.488,.476,.720,88
George Mason,2025-11-28,5,2,3,2,Murray St.,.451,.519,.235,.789,83,.458,.611,.217,.879,88
Oregon St.,2025-11-27,5,1,6,0,Vanderbilt,.426,.487,.318,.778,66,.471,.476,.462,.706,88
Colorado St.,2025-11-25,5,0,0,0,S.D. Mines,.478,.564,.367,.786,88,.267,.226,.310,1.000,43
Coppin St.,2025-11-23,1,4,4,1,Tennessee,.306,.350,.111,.571,35,.408,.484,.350,.762,88
Southern U.,2025-11-23,1,3,5,0,UCLA,.286,.359,.118,1.000,37,.508,.622,.357,.706,88
Temple,2025-11-22,3,2,3,2,Villanova,.400,.476,.154,.706,58,.565,.622,.480,.857,88
IU East,2025-11-22,0,1,3,2,Wright St.,.339,.421,.167,.600,50,.476,.629,.286,.909,88
Kent St.,2025-11-19,3,2,2,1,Ohio St.,.525,.538,.500,.864,68,.413,.500,.276,.720,88
Minnesota,2025-11-14,3,0,3,0,NJIT,.529,.600,.333,.526,88,.296,.344,.227,.333,39
St. John's (NY),2025-11-14,2,1,0,2,Yale,.583,.711,.364,.556,88,.449,.488,.250,.737,60
Maryland,2025-11-13,3,0,2,1,Towson,.478,.481,.467,.750,88,.424,.500,.273,.889,70
Morgan St.,2025-11-12,0,2,0,0,Wash. Adventist,.429,.434,.417,.500,88,.317,.396,.067,.533,49
Florida A&M,2025-11-10,0,2,1,1,George Mason,.296,.371,.158,.625,40,.421,.422,.419,.579,88
Campbell,2025-11-09,0,2,0,1,VU Lynchburg,.383,.385,.379,.625,88,.188,.243,.000,.556,23
Coppin St.,2025-11-09,1,1,0,0,Ohio St.,.298,.341,.154,.920,59,.468,.588,.231,.556,88
Sam Houston,2025-11-09,1,0,1,0,TCU,.288,.296,.250,.556,46,.583,.658,.455,.615,88
Fairfield,2025-11-08,1,0,1,0,Lehigh,.451,.529,.378,.833,88,.333,.429,.217,.875,60
Cedarville,2025-11-07,0,0,1,0,Miami (OH),.327,.308,.348,.900,49,.493,.596,.273,.824,88
Georgia St.,2025-11-07,1,0,1,0,Miss. St.,.383,.421,.318,.643,62,.516,.523,.500,.750,88
Kent St.,2025-11-07,0,1,1,0,West Virginia,.327,.314,.357,.833,47,.484,.595,.333,.654,88
Omaha,2025-11-06,0,1,0,0,Saint Mary (NE),.408,.436,.378,.706,88,.304,.368,.167,.769,47
New Paltz,2025-11-05,0,0,0,1,Wagner,.315,.361,.222,.533,46,.492,.574,.250,.733,88
Cincinnati,2025-11-04,0,0,0,0,Lehigh,.458,.410,.550,.769,85,.492,.564,.375,.680,88
Saint Peter's,2025-11-04,0,0,0,0,Seton Hall,.268,.393,.143,.625,39,.486,.595,.321,.733,88
Toledo,2025-11-03,0,0,0,0,Troy,.259,.375,.091,.750,51,.467,.500,.368,.647,88
Sioux Falls,2025-11-03,0,0,0,0,Utah,.345,.350,.333,.800,62,.438,.563,.313,.846,88
Duke,2026-03-27 NCAA,26,8,29,5,LSU,.425,.511,.269,.783,87,.465,.476,.375,.941,85
Oklahoma St.,2026-03-23 NCAA,24,9,32,1,UCLA,.433,.511,.250,.625,68,.524,.565,.412,.737,87
Missouri St.,2026-03-20 NCAA,23,12,31,3,Texas,.286,.333,.200,.750,45,.500,.542,.222,.810,87
San Francisco,2026-03-08,18,13,23,8,Santa Clara,.397,.417,.333,.778,69,.443,.472,.400,.821,87
Dayton,2026-03-06,17,13,21,8,George Mason,.533,.568,.438,.933,85,.494,.581,.176,.500,87
Louisville,2026-03-06,25,6,23,7,Syracuse,.559,.608,.412,.400,87,.343,.452,.160,.786,61
Kentucky,2026-03-06,23,9,29,2,South Carolina,.431,.395,.500,.571,64,.525,.532,.500,.731,87
North Dakota St.,2026-03-05,26,3,6,26,Omaha,.508,.614,.286,.750,87,.277,.308,.238,.667,37
McNeese,2026-03-02,26,4,22,8,Stephen F. Austin,.492,.476,.522,.786,87,.467,.462,.474,.818,60
Michigan St.,2026-03-01,22,6,23,6,Ohio St.,.404,.381,.467,.789,68,.492,.419,.563,.875,87
Tennessee,2026-03-01,16,11,26,3,Vanderbilt,.456,.532,.286,.900,77,.530,.545,.500,1.000,87
Maryland,2026-02-28,23,6,23,5,Michigan,.441,.435,.462,1.000,69,.567,.545,.625,.900,87
Arkansas St.,2026-02-27,22,8,11,17,Texas St.,.437,.459,.412,.786,87,.314,.375,.091,.833,53
Drake,2026-02-26,8,18,7,20,Evansville,.457,.543,.292,.727,87,.509,.625,.360,.692,85
Pacific,2026-02-26,11,16,21,8,Santa Clara,.451,.524,.345,.556,79,.462,.500,.381,.679,87
SMU,2026-02-26,9,19,17,12,Stanford,.385,.449,.188,.667,57,.540,.609,.353,.765,87
Bellarmine,2026-02-25,2,27,9,18,Lipscomb,.295,.341,.176,.500,42,.533,.577,.500,.667,87
North Texas,2026-02-24,16,11,12,13,UTSA,.444,.436,.458,.800,87,.400,.469,.091,.667,63
Eastern Wash.,2026-02-21,12,15,6,20,Portland St.,.451,.488,.393,.706,87,.455,.512,.348,.667,78
Penn St.,2026-02-21,9,17,9,17,Rutgers,.620,.600,.700,.720,87,.397,.442,.320,.615,78
Bellarmine,2026-02-18,2,25,13,12,North Ala.,.317,.316,.318,.643,54,.529,.682,.250,.643,87
Baylor,2026-02-18,22,5,23,4,Texas Tech,.364,.447,.176,.765,56,.557,.650,.381,.846,87
North Dakota,2026-02-15,7,19,22,2,North Dakota St.,.327,.433,.182,.765,51,.484,.438,.643,.900,87
James Madison,2026-02-14,19,8,15,11,Old Dominion,.478,.453,.571,.882,87,.371,.420,.167,.455,53
Florida St.,2026-02-08,7,16,12,11,Miami (FL),.516,.697,.323,.733,87,.361,.457,.192,.619,70
Ball St.,2026-02-07,18,5,19,4,Troy,.478,.581,.308,.765,87,.398,.396,.400,.727,86
Tennessee St.,2026-02-07,3,19,19,3,Western Ill.,.508,.525,.474,.818,87,.483,.548,.313,.800,77
Arizona,2026-02-07,11,11,19,5,West Virginia,.517,.537,.333,.500,68,.500,.533,.435,.563,87
Louisiana Tech,2026-02-05,15,5,10,10,UTEP,.532,.488,.619,.727,87,.327,.414,.200,.750,48
Arkansas,2026-02-05,11,12,15,9,Missouri,.403,.500,.326,.750,82,.508,.655,.375,.722,87
Loyola Marymount,2026-01-29,12,8,8,12,Pacific,.607,.667,.500,1.000,87,.424,.400,.458,.714,66
Iona,2026-01-29,13,8,10,9,Merrimack,.356,.348,.370,.500,63,.531,.622,.407,.667,87
Charleston So.,2026-01-28,6,14,18,2,High Point,.320,.318,.323,.571,66,.463,.459,.467,.846,87
Minnesota,2026-01-28,14,6,7,14,Penn St.,.515,.545,.455,1.000,87,.354,.297,.429,.800,66
East Carolina,2026-01-24,14,6,7,12,UAB,.500,.480,.556,.600,87,.389,.436,.267,.682,61
Central Ark.,2026-01-21,10,8,12,5,West Ga.,.515,.571,.423,.750,87,.440,.440,.440,.579,66
Charleston,2026-01-18,13,3,7,9,Elon,.484,.636,.310,.783,87,.386,.351,.450,.733,64
Gonzaga,2026-01-17,13,6,7,12,San Diego,.556,.605,.480,1.000,87,.316,.333,.222,.667,42
Murray St.,2026-01-15,14,2,4,11,Southern Ill.,.516,.737,.192,.762,87,.414,.421,.385,.733,74
Cal Poly,2026-01-10,3,12,10,5,UC Davis,.412,.441,.353,.464,61,.403,.516,.290,.903,87
Houston Christian,2026-01-10,4,9,10,5,Stephen F. Austin,.370,.458,.200,.727,67,.453,.485,.419,.696,87
Cleveland St.,2026-01-07,12,5,6,10,Wright St.,.500,.630,.370,.767,87,.410,.455,.357,.882,75
Grand Canyon,2026-01-07,3,11,10,3,San Diego St.,.355,.359,.348,.850,69,.508,.559,.444,1.000,87
East Carolina,2026-01-06,10,5,7,7,North Texas,.359,.347,.400,.611,63,.469,.471,.462,.778,87
Boise St.,2026-01-03,10,4,2,11,Grand Canyon,.431,.471,.286,.727,76,.417,.523,.250,.769,87
James Madison,2026-01-03,10,5,6,6,Texas St.,.517,.579,.409,.842,87,.333,.326,.364,.667,52
Southeastern LA,2026-01-03,2,9,8,5,Stephen F. Austin,.379,.444,.238,.739,72,.460,.529,.379,.947,87
TCU,2026-01-03,14,0,10,4,Utah,.373,.528,.231,.800,77,.481,.419,.565,.667,87
Coastal Caro.,2026-01-01,7,7,11,3,Marshall,.391,.391,.389,.778,85,.403,.563,.353,.484,87
Ga. Southern,2026-01-01,9,3,8,5,Old Dominion,.386,.370,.438,.742,84,.431,.491,.263,.741,87
Northwestern,2026-01-01,6,7,12,3,Oregon,.460,.514,.308,.800,54,.517,.512,.526,.882,87
Berkeley,2025-12-29,0,0,4,6,LIU,.229,.297,.000,.667,30,.411,.528,.297,.696,87
New Orleans,2025-12-29,0,10,4,7,UTRGV,.359,.460,.179,.690,81,.303,.375,.222,.868,87
Gonzaga,2025-12-28,8,5,6,5,Loyola Marymount,.486,.492,.444,.882,87,.414,.500,.269,.750,80
Princeton,2025-12-22,11,1,6,5,Temple,.500,.553,.409,.900,87,.500,.500,.500,.417,77
Eastern Ill.,2025-12-21,1,11,7,4,Lindenwood,.327,.333,.320,.938,55,.632,.674,.455,.909,87
Cal Baptist,2025-12-21,6,6,11,0,Nebraska,.367,.500,.233,.833,56,.451,.533,.308,.789,87
Ga Tech,2025-12-18,4,8,7,4,NC State,.354,.447,.222,.857,58,.529,.643,.346,.750,87
Md.-East. Shore,2025-12-17,6,7,4,5,Towson,.493,.492,.500,.813,86,.407,.469,.313,.579,87
Stephen F. Austin,2025-12-15,6,2,3,5,UTRGV,.400,.364,.462,.810,85,.486,.509,.400,.929,87
South Fla.,2025-12-15,6,4,9,0,Vanderbilt,.441,.465,.375,.000,58,.423,.529,.324,1.000,87
Miss. St.,2025-12-14,9,1,7,3,Southern Miss.,.471,.482,.429,.625,87,.354,.324,.387,.600,64
Miami (FL),2025-12-14,6,3,6,4,NC State,.365,.447,.240,.692,61,.473,.482,.444,.750,87
LSU,2025-12-13,10,0,5,3,Louisiana Tech,.483,.510,.364,.714,87,.310,.276,.345,.750,61
Arizona,2025-12-10,6,2,7,1,Eastern Ky.,.500,.550,.400,.792,87,.384,.462,.294,.708,83
Nebraska,2025-12-09,9,0,1,8,Omaha,.461,.611,.325,.500,87,.333,.519,.056,.364,35
Ball St.,2025-12-07,8,1,6,3,Davidson,.472,.488,.417,.667,65,.463,.359,.607,.727,87
BYU,2025-12-06,8,1,4,4,Portland,.423,.476,.345,.708,87,.327,.412,.167,.762,53
South Dakota St.,2025-12-03,6,2,2,5,Weber St.,.468,.535,.316,.767,87,.300,.324,.261,.824,56
Miami (FL),2025-11-29,5,1,7,1,Oklahoma St.,.517,.600,.391,.833,84,.611,.658,.500,.650,87
St. Bonaventure,2025-11-29,6,2,0,7,Valparaiso,.529,.583,.400,.583,87,.359,.474,.192,.667,55
Occidental,2025-11-24,0,0,2,3,UC San Diego,.237,.219,.259,.500,39,.563,.721,.238,.714,87
Coastal Caro.,2025-11-24,2,4,2,4,Presbyterian,.461,.451,.480,.556,87,.286,.325,.188,.500,38
Ga Tech,2025-11-23,3,2,6,0,Georgia,.378,.394,.333,.700,59,.465,.444,.529,.706,87
Arizona,2025-11-21,3,0,1,4,Northern Ariz.,.557,.617,.357,.700,87,.510,.567,.421,.750,76
Stetson,2025-11-21,2,2,0,0,Trinity (FL),.492,.600,.367,.571,87,.275,.265,.294,.300,36
Drake,2025-11-20,1,2,5,0,Iowa St.,.311,.432,.125,.826,60,.452,.486,.407,.769,87
Central Mich.,2025-11-19,2,1,1,1,Detroit Mercy,.541,.556,.520,.800,87,.281,.306,.200,.714,54
Vanderbilt,2025-11-19,3,0,2,2,Western Ky.,.440,.500,.364,.750,87,.321,.316,.333,.636,49
Eastern Ky.,2025-11-18,3,1,0,4,North Dakota,.452,.486,.417,.857,87,.393,.417,.350,.789,66
Le Moyne,2025-11-18,1,2,2,2,Pitt,.386,.389,.385,.750,65,.531,.625,.375,1.000,87
Bard,2025-11-17,0,0,1,3,New Haven,.212,.200,.222,.000,28,.374,.417,.290,.714,87
IU East,2025-11-17,0,0,2,1,Southern Ind.,.279,.320,.222,.500,32,.453,.568,.290,.714,87
Florida,2025-11-13,3,0,1,1,Samford,.548,.650,.364,.786,87,.250,.292,.214,.800,40
Charleston So.,2025-11-13,0,3,1,1,Ga Tech,.234,.200,.265,.500,40,.472,.480,.455,.643,87
Gardner-Webb,2025-11-13,0,3,2,0,Virginia Tech,.380,.400,.350,.667,51,.372,.477,.235,.778,87
Montana,2025-11-10,1,1,1,0,Washington,.290,.227,.325,.636,56,.459,.509,.333,.632,87
James Madison,2025-11-09,1,1,2,0,Queens (NC),.507,.553,.400,.611,87,.238,.240,.231,.357,38
Arkansas St.,2025-11-07,0,1,1,0,Tarleton St.,.411,.444,.357,.654,87,.407,.472,.278,.718,77
Maryland,2025-11-06,1,0,1,0,UMBC,.542,.727,.308,.750,87,.380,.378,.385,1.000,54
UCLA,2025-11-06,1,0,1,0,UCSB,.492,.645,.333,.944,87,.362,.548,.148,.800,50
New Mexico St.,2025-11-04,0,0,0,0,USC,.404,.422,.286,.500,48,.409,.452,.333,.641,87
Cal Poly,2025-11-03,0,0,0,0,UC-Santa Cruz,.494,.545,.182,.600,87,.200,.240,.133,.600,27
Fresno Pacific,2025-11-03,0,0,0,0,Fresno St.,.224,.313,.059,.750,38,.449,.500,.278,.800,87
Idaho,2025-11-03,0,0,0,0,Washington St.,.426,.438,.400,.750,87,.508,.564,.400,.630,85
Dayton,2025-11-03,0,0,0,0,Illinois St.,.526,.575,.412,.600,76,.515,.714,.192,.750,87
Norfolk St.,2025-11-03,0,0,0,0,Ole Miss,.415,.484,.200,.714,46,.471,.500,.433,.727,87
Akron,2025-11-03,0,0,0,0,South Ala.,.414,.500,.273,.750,63,.474,.519,.364,.700,87
Stanford,2025-11-03,0,0,0,0,UNCG,.569,.605,.467,.875,87,.259,.281,.231,.667,42
Columbia,2026-03-22,21,8,29,4,North Dakota St.,.551,.612,.400,.333,86,.340,.378,.231,.741,57
TCU,2026-03-20 NCAA,29,5,24,8,UC San Diego,.492,.487,.500,.692,86,.227,.256,.174,.750,40
Temple,2026-03-10,14,16,11,19,Tulane,.324,.268,.400,.848,86,.404,.452,.267,.844,77
Middle Tenn.,2026-03-07,15,14,19,11,Missouri St.,.519,.528,.500,.857,86,.500,.514,.471,.714,75
Pepperdine,2026-03-07,19,11,17,13,San Francisco,.407,.469,.318,.857,69,.478,.528,.419,.818,86
Jacksonville,2026-03-05,21,8,18,12,West Ga.,.464,.514,.381,.743,86,.400,.486,.300,.593,77
Charleston So.,2026-03-05,8,21,20,11,Radford,.365,.333,.409,.714,67,.492,.526,.440,.565,86
Florida,2026-03-04,17,14,18,12,Miss. St.,.500,.571,.381,.786,86,.348,.358,.313,.600,68
Fresno St.,2026-03-03,14,16,21,9,New Mexico,.410,.455,.357,.667,64,.607,.707,.333,.684,86
Ball St.,2026-02-28,23,6,15,11,Ohio,.455,.487,.407,.714,86,.382,.483,.319,.800,85
Temple,2026-02-28,12,15,10,17,UAB,.416,.400,.444,.667,86,.371,.462,.217,.500,57
BYU,2026-02-21,17,10,17,10,Utah,.537,.600,.458,.708,86,.333,.379,.286,.875,74
Central Conn St,2026-02-21,0,25,8,19,Chicago St.,.549,.595,.333,.711,86,.403,.468,.250,.593,75
Montana,2026-02-21,7,18,8,20,Weber St.,.409,.417,.400,.867,79,.491,.538,.448,.731,86
Idaho,2026-02-19,21,5,6,19,Portland St.,.508,.563,.353,.875,86,.467,.511,.308,.600,66
Saint Mary's,2026-02-16,14,12,5,19,Seattle,.507,.558,.333,.813,86,.333,.395,.240,.846,59
Michigan,2026-02-15,21,4,20,5,Michigan St.,.516,.587,.333,.875,86,.431,.516,.300,.652,65
American,2026-02-14,6,18,19,5,Army,.489,.548,.357,.538,56,.478,.452,.520,1.000,86
Southern Miss.,2026-02-14,12,13,11,13,Texas St.,.381,.378,.389,.775,86,.508,.569,.200,.591,77
Alabama St.,2026-02-12,10,12,4,17,MVSU,.419,.458,.267,.645,86,.400,.467,.300,.774,70
Louisville,2026-02-12,22,4,13,12,Wake Forest,.515,.561,.440,.778,86,.519,.559,.444,.455,67
Texas,2026-02-12,23,2,23,2,Vanderbilt,.385,.429,.200,.778,70,.509,.528,.474,.840,86
Akron,2026-02-11,5,18,14,8,Central Mich.,.533,.675,.250,.667,79,.481,.535,.273,.721,86
Michigan St.,2026-02-11,20,4,23,1,UCLA,.309,.286,.346,.667,63,.565,.636,.389,.692,86
Florida A&M,2026-02-07,6,15,9,13,Texas Southern,.426,.463,.143,.825,86,.422,.449,.333,.700,73
American,2026-02-07,6,16,15,6,Navy,.397,.526,.150,.750,58,.463,.522,.333,.654,86
Pitt,2026-02-05,8,15,15,8,Stanford,.448,.488,.333,.889,65,.493,.533,.429,.500,86
DePaul,2026-02-04,5,19,23,0,UConn,.278,.355,.174,.500,40,.607,.638,.500,.500,86
Maryland,2026-02-04,17,6,19,3,Michigan St.,.492,.558,.364,.778,86,.439,.500,.267,.727,70
Rutgers,2026-02-04,9,13,21,1,UCLA,.333,.258,.450,.750,46,.561,.694,.333,.714,86
Old Dominion,2026-01-30,13,9,11,10,Southern Miss.,.387,.449,.269,.750,83,.394,.423,.286,.811,86
Michigan St.,2026-01-29,18,2,11,9,Purdue,.508,.595,.333,.750,86,.383,.455,.296,.786,65
Grand Canyon,2026-01-28,6,14,6,13,Utah St.,.571,.613,.520,.818,86,.382,.468,.190,.909,66
Duquesne,2026-01-28,7,13,16,4,Richmond,.438,.424,.467,.545,55,.452,.500,.417,.714,86
Austin Peay,2026-01-24,12,5,11,7,Stetson,.549,.559,.529,.840,86,.483,.636,.280,.818,81
Denver,2026-01-24,8,11,11,8,Oral Roberts,.484,.471,.500,.800,86,.403,.510,.063,.826,74
Pepperdine,2026-01-24,11,9,11,9,Portland,.554,.622,.421,.800,86,.375,.472,.250,.684,68
Indiana St.,2026-01-22,6,11,5,12,Southern Ill.,.379,.469,.118,.710,74,.528,.571,.364,.578,86
South Fla.,2026-01-20,12,7,7,10,Temple,.485,.444,.667,.846,83,.527,.538,.500,.741,86
Fairfield,2026-01-19,14,3,7,10,Siena,.462,.615,.359,.857,86,.273,.364,.000,.788,50
Iowa St.,2026-01-18,14,4,15,4,Oklahoma St.,.390,.429,.294,.583,58,.439,.517,.378,.875,86
DePaul,2026-01-17,4,15,12,5,Seton Hall,.476,.556,.370,.636,77,.473,.552,.385,.857,86
Cal Poly,2026-01-16,3,13,6,9,Hawaii,.375,.432,.182,.889,46,.472,.531,.348,1.000,86
Nicholls St.,2026-01-15,8,6,11,5,Stephen F. Austin,.325,.322,.333,.792,78,.526,.600,.409,.944,86
Fresno St.,2026-01-14,8,9,6,9,Utah St.,.479,.542,.360,.778,86,.400,.436,.273,.591,56
American,2026-01-14,4,11,9,6,Navy,.421,.371,.500,.900,68,.471,.629,.303,.706,86
La.-Monroe,2026-01-14,8,8,13,3,Troy,.403,.472,.250,.800,80,.507,.580,.294,.481,86
Liberty,2026-01-11,8,6,8,5,Louisiana Tech,.518,.579,.389,.778,72,.551,.517,.600,.870,86
Louisville,2026-01-11,15,3,8,9,Pitt,.444,.580,.226,.636,86,.296,.300,.292,.700,46
Michigan,2026-01-11,13,2,11,5,Wisconsin,.411,.538,.095,.667,86,.400,.485,.273,.909,60
Maine,2026-01-10,7,9,11,5,NJIT,.473,.527,.316,.769,86,.458,.513,.350,.750,67
Arkansas St.,2026-01-10,14,3,12,3,Troy,.313,.390,.231,.625,64,.485,.551,.294,.850,86
LIU,2026-01-08,7,6,1,12,Mercyhurst,.516,.585,.381,.583,86,.458,.536,.387,.625,81
Middle Tenn.,2026-01-08,7,7,9,4,UTEP,.456,.486,.419,1.000,86,.263,.279,.214,.455,43
Liberty,2026-01-04,7,5,9,3,UTEP,.484,.475,.500,.667,86,.323,.372,.211,.917,66
Colorado St.,2026-01-03,12,2,7,7,Fresno St.,.463,.556,.370,.839,86,.500,.440,.714,.643,83
Iowa,2026-01-01,11,2,12,1,Nebraska,.491,.568,.350,.821,86,.500,.605,.300,.800,76
Montana St.,2026-01-01,7,4,9,4,Northern Colo.,.485,.523,.417,.588,86,.492,.524,.429,.727,79
UT Martin,2026-01-01,5,6,10,1,Western Ill.,.431,.510,.238,.792,86,.303,.333,.258,.889,78
Bowling Green,2025-12-30,8,4,6,5,Eastern Mich.,.368,.368,.368,.818,76,.478,.515,.385,.771,86
New Jersey City,2025-12-30,0,1,3,7,Wagner,.204,.250,.154,.619,39,.481,.585,.250,.462,86
Kennesaw St.,2025-12-29,6,4,0,0,Life,.485,.471,.533,.667,86,.281,.327,.000,.529,41
UNI,2025-12-29,5,6,0,12,Valparaiso,.429,.385,.484,.647,86,.322,.368,.238,.500,52
Oklahoma Wesleyan,2025-12-29,0,0,6,6,Oral Roberts,.321,.400,.125,.765,51,.500,.581,.267,.686,86
Fordham,2025-12-21,7,4,0,10,SFU,.438,.469,.375,.684,86,.333,.361,.303,.625,61
Old Dominion,2025-12-21,7,4,11,1,Ole Miss,.407,.405,.412,.667,57,.541,.564,.333,.643,86
Navy,2025-12-21,6,4,6,6,South Fla.,.377,.366,.393,.688,74,.583,.596,.538,.529,86
MVSU,2025-12-20,1,9,5,5,UAB,.338,.396,.176,.500,62,.433,.532,.200,.857,86
Marquette,2025-12-20,7,4,0,0,Truman St,.517,.600,.429,1.000,86,.242,.222,.269,.750,43
Illinois,2025-12-19,10,1,2,7,Jackson St.,.550,.652,.214,.944,86,.273,.237,.353,.583,43
Cal Poly,2025-12-18,2,8,7,3,USC,.318,.345,.267,.583,39,.436,.595,.250,.643,86
Tennessee St.,2025-12-18,1,8,4,5,UT Martin,.482,.475,.500,.850,79,.424,.415,.444,.757,86
Ole Miss,2025-12-13,8,1,4,5,Wofford,.479,.566,.250,.688,86,.352,.391,.125,.650,52
Prairie View,2025-12-13,2,6,3,5,UTSA,.242,.250,.222,.429,40,.443,.468,.391,.652,86
Montana,2025-12-03,1,5,1,7,North Dakota,.492,.480,.500,.455,86,.373,.444,.261,.462,56
Longwood,2025-12-03,6,3,7,1,Troy,.415,.333,.600,.708,83,.424,.500,.240,.727,86
Norfolk St.,2025-12-01,2,6,0,1,Shaw,.437,.453,.389,.607,86,.254,.343,.125,.833,48
Fairfield,2025-11-30,4,1,7,0,Iowa,.400,.308,.462,.400,72,.509,.528,.476,.692,86
Creighton,2025-11-28,1,4,1,6,Northern Ariz.,.470,.567,.389,.909,86,.365,.432,.211,.750,62
FIU,2025-11-28,1,3,2,4,UMBC,.460,.523,.316,.647,86,.410,.500,.238,.724,76
Iowa,2025-11-26,6,0,4,0,Western Ill.,.604,.697,.450,.765,86,.369,.447,.259,.778,69
Florida St.,2025-11-23,3,3,3,1,Illinois,.354,.417,.276,.692,63,.500,.489,.529,.813,86
Kansas,2025-11-23,5,0,2,4,Oral Roberts,.500,.568,.400,.737,86,.429,.487,.333,.765,75
Nicholls St.,2025-11-22,3,2,5,0,Southern Miss.,.379,.415,.294,.579,60,.403,.404,.400,.545,86
Boise St.,2025-11-21,3,1,2,3,Seattle,.530,.569,.400,.625,86,.373,.415,.278,.889,65
Cal Baptist,2025-11-19,4,0,2,1,Cal St Northridge,.464,.571,.353,.667,86,.340,.394,.250,.650,54
Oregon,2025-11-19,4,0,0,4,Washington St.,.500,.524,.458,.750,86,.379,.469,.269,.800,59
Southeastern LA,2025-11-18,1,2,4,0,Southern Miss.,.333,.429,.111,.846,53,.500,.558,.391,.647,86
Erskine,2025-11-17,0,1,1,3,Presbyterian,.296,.333,.222,.538,50,.471,.491,.412,.684,86
Chicago St.,2025-11-17,1,3,2,0,Western Ill.,.460,.449,.500,.588,75,.500,.636,.125,.750,86
Incarnate Word,2025-11-10,0,2,0,0,St. Thomas (TX),.545,.595,.444,.643,86,.410,.324,.519,.727,72
Tusculum,2025-11-09,0,0,1,0,Western Caro.,.273,.333,.125,.591,45,.405,.458,.250,.708,86
Montana St.,2025-11-07,1,0,1,0,Portland,.536,.609,.200,.774,86,.411,.552,.259,.905,72
Corban,2025-11-07,0,0,0,0,Oregon St.,.290,.275,.318,1.000,45,.459,.519,.318,.647,86
George Washington,2025-11-07,1,0,1,0,Temple,.345,.415,.176,.583,50,.456,.388,.632,.857,86
Dayton,2025-11-06,0,1,0,1,Mercyhurst,.603,.725,.333,.769,86,.228,.200,.250,.625,44
Nw University,2025-11-05,0,1,0,1,Seattle,.323,.351,.286,.600,56,.467,.545,.250,.550,86
Morgan St.,2025-11-04,0,0,0,0,Virginia,.214,.211,.222,.800,36,.457,.610,.241,.882,86
Army,2025-11-03,0,0,0,0,Pace,.493,.700,.341,.400,86,.396,.389,.417,.875,50
Binghamton,2025-11-03,0,0,0,0,SUNY Geneseo,.440,.548,.303,.667,86,.382,.389,.375,.600,35
Dist. Columbia,2025-11-03,0,0,0,0,George Washington,.370,.375,.357,.667,47,.525,.500,.556,.778,86
Iowa,2025-11-03,0,0,0,0,Southern U.,.517,.650,.222,.786,86,.321,.333,.304,.471,51
Charleston So.,2025-11-03,0,0,0,0,Jacksonville,.458,.567,.345,.769,84,.371,.404,.304,.643,86
Kansas,2026-03-26,21,13,27,5,San Diego St.,.604,.578,.750,.750,85,.545,.655,.423,.875,78
Pepperdine,2026-03-22,20,12,19,12,Southern Utah,.500,.568,.353,.781,85,.392,.438,.308,.737,80
Missouri St.,2026-03-18 NCAA,22,12,25,9,Stephen F. Austin,.478,.519,.353,.813,85,.389,.500,.214,.867,75
Fort Wayne,2026-03-08,19,12,14,16,IU Indy,.607,.659,.467,1.000,85,.263,.333,.067,.720,49
Ole Miss,2026-03-07,23,10,29,3,Texas,.391,.444,.263,1.000,68,.525,.529,.500,.864,85
UNC,2026-03-06,25,6,23,8,Virginia Tech,.516,.556,.412,.636,85,.348,.438,.111,.800,68
Cal Poly,2026-03-05,3,25,24,5,UC Irvine,.411,.514,.238,.737,65,.440,.571,.273,.729,85
Idaho St.,2026-03-02,19,9,13,17,Sacramento St.,.407,.422,.357,.792,72,.538,.583,.500,.750,85
St. John's (NY),2026-03-01,21,9,30,0,UConn,.354,.417,.292,.667,49,.571,.675,.391,1.000,85
Clemson,2026-03-01,20,9,18,12,Stanford,.308,.395,.185,.556,50,.557,.722,.320,.692,85
Cal Poly,2026-02-28,3,24,19,8,UC San Diego,.456,.488,.357,1.000,61,.435,.455,.400,.789,85
Cal St Bakersfield,2026-02-26,7,19,18,8,UC San Diego,.424,.400,.476,.813,79,.474,.535,.286,.711,85
Idaho,2026-02-26,23,5,10,18,Northern Ariz.,.425,.510,.290,.400,85,.241,.269,.194,.917,57
Alabama,2026-02-26,21,7,25,3,Vanderbilt,.328,.395,.231,.750,60,.429,.543,.314,.778,85
George Mason,2026-02-25,19,8,19,8,Saint Joseph's,.455,.421,.529,.788,85,.405,.448,.308,.724,59
Penn St.,2026-02-25,10,17,17,10,USC,.620,.645,.579,.667,85,.444,.467,.424,.706,82
Jacksonville,2026-02-25,20,7,18,9,Stetson,.466,.488,.400,.840,81,.466,.550,.278,.788,85
Ole Miss,2026-02-22,21,7,26,2,South Carolina,.265,.294,.176,.750,48,.493,.500,.462,1.000,85
Cal St Northridge,2026-02-21,8,16,3,22,Long Beach State,.534,.571,.438,.696,85,.455,.600,.143,.868,75
Gonzaga,2026-02-21,20,8,11,15,Pacific,.482,.538,.353,.893,85,.404,.379,.444,.800,70
Bellarmine,2026-02-14,2,24,15,10,Central Ark.,.261,.214,.333,.500,37,.478,.613,.361,.889,85
Houston,2026-02-14,7,17,15,11,Kansas,.424,.370,.615,.833,68,.569,.600,.462,.867,85
Mercyhurst,2026-02-14,8,15,2,21,SFU,.412,.476,.383,.647,85,.421,.442,.357,.667,61
Austin Peay,2026-02-12,13,9,8,15,Queens (NC),.554,.595,.474,.824,85,.378,.333,.444,.500,47
Boston College,2026-02-12,4,22,8,16,Florida St.,.373,.400,.267,.762,76,.500,.568,.391,.696,85
La.-Monroe,2026-02-12,12,12,12,12,Southern Miss.,.500,.511,.476,.636,85,.375,.452,.227,.692,62
Georgia,2026-02-12,19,5,16,8,Miss. St.,.439,.441,.435,.733,71,.500,.500,.500,.889,85
Cal Baptist,2026-02-12,16,8,15,8,Southern Utah,.432,.551,.200,.500,70,.533,.579,.455,.733,85
Rhode Island,2026-02-11,21,2,8,16,VCU,.471,.522,.364,.765,85,.254,.368,.080,.727,42
Georgia,2026-02-08,18,5,16,9,Missouri,.470,.590,.296,.682,85,.393,.514,.190,.783,66
Bradley,2026-02-07,15,8,8,14,Indiana St.,.413,.342,.520,.870,85,.391,.438,.250,.808,75
Howard,2026-02-07,16,7,5,16,South Carolina St.,.533,.537,.526,.688,85,.441,.455,.400,.727,66
South Fla.,2026-02-07,13,10,8,13,Tulane,.432,.479,.346,.857,85,.311,.333,.263,.455,53
Houston,2026-02-07,7,15,21,3,Texas Tech,.396,.425,.250,.778,61,.491,.531,.440,.818,85
Cal St Bakersfield,2026-02-05,7,14,17,4,UC Irvine,.333,.351,.286,.652,53,.459,.621,.313,.679,85
Penn St.,2026-02-04,7,15,11,11,Purdue,.519,.500,.563,.786,85,.372,.462,.192,.760,82
Charleston So.,2026-01-30,6,15,6,16,USC Upstate,.508,.474,.565,.588,85,.393,.447,.304,.700,62
Bradley,2026-01-29,13,7,6,13,Drake,.448,.432,.476,.821,85,.444,.468,.375,.654,79
Oklahoma,2026-01-29,16,4,8,8,Texas A&M,.476,.450,.522,.867,85,.356,.457,.208,.579,58
Coastal Caro.,2026-01-28,10,11,9,10,Texas St.,.463,.467,.458,.857,85,.267,.306,.091,.741,53
Massachusetts,2026-01-28,14,4,12,6,Ohio,.541,.592,.333,.652,85,.450,.609,.351,.692,76
La.-Monroe,2026-01-28,9,11,12,9,Old Dominion,.310,.298,.357,.542,62,.485,.566,.200,.640,85
Omaha,2026-01-28,2,20,16,5,South Dakota St.,.263,.276,.250,1.000,41,.541,.656,.414,.500,85
Marshall,2026-01-28,17,5,16,4,Troy,.470,.688,.265,.579,82,.423,.455,.348,.846,85
Alabama,2026-01-25,17,3,15,5,Miss. St.,.520,.448,.619,.833,85,.452,.522,.250,.857,78
Illinois St.,2026-01-25,10,9,6,12,Indiana St.,.397,.477,.143,.860,85,.406,.458,.250,.650,69
Cal Baptist,2026-01-24,12,8,9,9,Utah Valley,.509,.533,.481,.824,85,.415,.444,.350,.667,75
Boston College,2026-01-24,4,17,18,3,Louisville,.292,.318,.238,.765,56,.547,.710,.318,.714,85
Virginia Tech,2026-01-24,15,5,12,8,Wake Forest,.437,.391,.520,.769,85,.431,.450,.364,.563,57
Iowa,2026-01-22,16,2,17,3,Maryland,.455,.458,.444,.773,85,.378,.434,.238,.773,78
Notre Dame,2026-01-19,12,5,18,0,UConn,.365,.500,.063,.800,47,.556,.744,.250,.643,85
Columbia,2026-01-17,10,5,4,11,Yale,.538,.623,.167,.619,85,.477,.475,.500,.778,58
Norfolk St.,2026-01-17,7,11,5,13,South Carolina St.,.392,.364,.433,.778,85,.245,.286,.167,.632,41
Omaha,2026-01-17,2,18,10,8,Oral Roberts,.302,.333,.278,.667,52,.465,.481,.412,.600,85
San Francisco,2026-01-17,10,7,4,16,Washington St.,.444,.512,.345,.611,85,.492,.558,.313,.750,72
New Orleans,2026-01-17,1,15,12,5,Stephen F. Austin,.388,.434,.214,.727,63,.400,.444,.333,.714,85
Belmont,2026-01-15,10,7,5,10,Indiana St.,.373,.425,.314,.692,85,.443,.432,.471,.625,77
Illinois,2026-01-15,14,3,14,2,Michigan,.397,.400,.391,.833,69,.478,.480,.471,.722,85
Kansas,2026-01-14,11,6,14,4,Oklahoma St.,.519,.524,.500,.708,76,.475,.576,.346,.909,85
Dayton,2026-01-14,9,7,14,4,Richmond,.424,.490,.235,.438,67,.574,.762,.455,.727,85
Michigan St.,2026-01-11,15,1,14,3,Oregon,.456,.512,.370,.765,85,.484,.538,.391,1.000,81
Arkansas,2026-01-11,11,7,11,3,Tennessee,.273,.313,.167,.733,50,.383,.500,.268,.600,85
Providence,2026-01-11,9,8,13,3,Villanova,.364,.350,.400,.643,55,.478,.564,.367,.727,85
Bellarmine,2026-01-08,2,13,8,6,Central Ark.,.217,.300,.063,.500,29,.423,.520,.370,.800,85
Charleston,2026-01-04,9,3,4,7,Northeastern,.452,.457,.444,.467,85,.371,.380,.333,.800,58
Louisville,2026-01-04,13,3,11,4,Virginia Tech,.472,.434,.579,.857,85,.407,.558,.000,.706,60
Marquette,2026-01-04,9,5,12,2,Villanova,.517,.476,.611,.706,85,.492,.622,.273,1.000,69
Loyola Marymount,2026-01-04,8,6,9,5,San Francisco,.389,.418,.294,.750,82,.525,.578,.357,.857,85
Grambling,2026-01-03,3,11,2,10,Prairie View,.531,.646,.188,.667,85,.351,.385,.278,.789,60
Gonzaga,2026-01-02,10,5,4,9,Seattle,.534,.568,.476,.619,85,.355,.325,.409,.667,59
Cal Baptist,2026-01-01,7,7,6,7,UTA,.465,.591,.259,.706,85,.387,.385,.400,.545,64
Cal St Northridge,2026-01-01,5,6,8,4,UC Davis,.381,.441,.310,.643,66,.554,.730,.321,.667,85
Fresno St.,2025-12-31,7,6,7,5,UNLV,.375,.432,.167,.750,59,.525,.585,.389,.762,85
Central Mich.,2025-12-31,7,4,6,4,Ohio,.382,.440,.269,.720,83,.448,.500,.379,.560,85
New Orleans,2025-12-31,0,11,1,9,TAMUCC,.323,.422,.059,.722,54,.429,.395,.480,.760,85
FDU,2025-12-30,8,4,7,9,Md.-East. Shore,.574,.545,.619,.833,85,.339,.364,.267,.929,57
Georgia St.,2025-12-28,5,8,0,1,LaGrange,.453,.531,.308,.750,85,.400,.475,.200,.615,55
Pacific,2025-12-28,5,6,4,7,Seattle,.466,.558,.333,.636,85,.400,.415,.357,.944,66
St. John's (NY),2025-12-22,11,2,9,2,Villanova,.429,.559,.133,.444,48,.507,.500,.524,.545,85
Kennesaw St.,2025-12-21,6,3,7,4,Miami (FL),.333,.367,.182,.813,55,.480,.531,.389,.789,85
Cal St Bakersfield,2025-12-20,4,7,6,5,Eastern Wash.,.450,.400,.600,.733,85,.361,.417,.280,.656,72
FDU,2025-12-20,7,3,0,0,Ursinus,.451,.529,.378,.636,85,.140,.133,.150,.333,19
High Point,2025-12-20,10,2,4,8,Yale,.413,.510,.231,.586,85,.444,.465,.300,.727,83
La Salle,2025-12-20,8,3,11,1,Miss. St.,.242,.262,.200,.600,37,.486,.551,.333,.833,85
Judson,2025-12-20,0,1,2,7,Southern Ill.,.173,.167,.200,.563,29,.400,.441,.182,.750,85
Oregon,2025-12-18,11,1,5,5,Portland,.449,.489,.375,.737,85,.370,.515,.143,.696,59
Portland St.,2025-12-17,3,7,4,6,Seattle,.465,.500,.414,.583,85,.397,.400,.385,.538,62
Memphis,2025-12-15,4,6,7,2,Murray St.,.365,.444,.167,.500,57,.394,.410,.375,.708,85
Florida,2025-12-14,9,2,4,3,West Ga.,.426,.523,.250,.840,85,.196,.320,.048,.629,41
Illinois St.,2025-12-14,5,5,10,0,Nebraska,.296,.341,.100,.846,44,.529,.620,.300,.833,85
Ohio St.,2025-12-14,8,1,3,4,Toledo,.493,.569,.200,.714,85,.457,.469,.429,.800,60
Akron,2025-12-13,1,7,8,1,Michigan,.438,.538,.318,.625,59,.485,.549,.267,.567,85
Bradley,2025-12-07,4,4,1,7,Chicago St.,.370,.400,.323,.882,85,.362,.400,.111,.750,57
Central Conn St,2025-12-07,0,7,7,3,Vermont,.383,.429,.250,.750,48,.517,.667,.367,.923,85
Portland St.,2025-12-06,2,6,2,6,UMKC,.406,.440,.286,.725,85,.391,.418,.286,.700,79
Ark-Pine Bluff,2025-12-04,2,5,0,2,Arkansas Baptist,.480,.600,.150,.588,85,.320,.324,.308,.600,51
DePaul,2025-12-04,2,6,4,3,Marquette,.400,.474,.167,.571,54,.509,.568,.389,.733,85
Morehead St.,2025-12-03,3,4,5,2,Murray St.,.484,.500,.455,.533,78,.431,.590,.242,.789,85
South Fla.,2025-12-02,5,3,7,0,UConn,.365,.400,.250,.833,51,.508,.575,.391,.667,85
New Jersey City,2025-12-01,0,0,2,6,Stony Brook,.304,.313,.286,1.000,38,.507,.551,.417,.333,85
Arizona St.,2025-11-29,7,0,2,2,SE Missouri St,.468,.557,.167,.615,85,.345,.250,.444,.857,56
Missouri,2025-11-29,6,2,6,0,Northwestern,.492,.488,.500,.765,85,.444,.528,.333,.833,70
Bethune-Cookman,2025-11-29,1,5,4,2,North Dakota St.,.250,.279,.111,.818,36,.509,.550,.412,.741,85
Florida St.,2025-11-28,3,4,5,1,Missouri St.,.431,.465,.364,.808,85,.431,.426,.455,.737,75
Michigan St.,2025-11-28,6,0,3,3,Temple,.476,.486,.464,.706,85,.297,.370,.111,.667,50
Kansas St.,2025-11-28,5,3,6,1,UNC,.563,.571,.538,.500,73,.545,.552,.538,.647,85
Tennessee Tech,2025-11-25,4,1,3,2,USC,.215,.205,.238,.440,44,.524,.556,.444,.733,85
N.C. Central,2025-11-23,1,4,4,1,Old Dominion,.212,.231,.143,.643,48,.429,.462,.375,.815,85
Lindenwood,2025-11-22,3,1,1,5,Omaha,.541,.600,.462,.636,85,.250,.243,.263,.667,41
Marshall,2025-11-21,3,2,2,3,USC Upstate,.534,.625,.471,1.000,85,.379,.429,.250,.750,54
South Dakota,2025-11-21,5,0,0,4,Valparaiso,.440,.463,.250,.708,85,.262,.349,.091,.444,44
Cal Poly,2025-11-21,1,3,4,1,Southern Utah,.409,.432,.364,.857,80,.365,.439,.227,.791,85
N.C. A&T,2025-11-20,2,3,3,1,UNC,.362,.415,.000,.516,50,.478,.600,.353,.700,85
Duke,2025-11-20,3,2,2,2,South Fla.,.368,.412,.235,.621,72,.566,.605,.467,.857,85
Middle Tenn.,2025-11-20,2,2,3,1,Tennessee,.265,.250,.286,.600,41,.471,.694,.235,.579,85
Mass.-Lowell,2025-11-18,2,1,3,0,Massachusetts,.306,.370,.227,.556,45,.516,.543,.438,.737,85
Arizona,2025-11-16,2,0,1,3,Grambling,.525,.583,.273,.667,85,.350,.316,.409,.765,64
Fort Wayne,2025-11-15,1,2,1,0,Southern Ill.,.508,.585,.364,.650,85,.361,.419,.222,.632,60
Pepperdine,2025-11-14,2,0,2,1,Utah Valley,.353,.393,.304,.591,56,.500,.442,.632,.550,85
Georgia,2025-11-13,3,0,2,0,South Carolina St.,.485,.630,.182,.714,85,.304,.316,.278,.625,49
Loyola (IL),2025-11-12,1,1,2,0,UConn,.220,.211,.227,1.000,31,.481,.508,.389,1.000,85
Akron,2025-11-12,0,2,2,0,Notre Dame,.511,.594,.333,.500,58,.470,.587,.200,.792,85
Santa Clara,2025-11-11,1,1,1,1,TAMUCC,.477,.639,.276,.789,85,.370,.314,.474,.464,62
Georgetown,2025-11-09,1,0,2,0,Maryland,.380,.393,.364,.714,66,.455,.556,.238,.800,85
DePaul,2025-11-09,1,0,1,0,UNLV,.449,.444,.467,.600,78,.455,.540,.188,.846,85
Richmond,2025-11-07,1,0,1,0,Texas,.407,.484,.304,1.000,56,.547,.596,.333,.458,85
Tennessee St.,2025-11-07,0,1,0,1,Wright St.,.431,.431,.429,.600,80,.500,.559,.423,.737,85
Dist. Columbia,2025-11-06,0,1,0,1,Norfolk St.,.349,.375,.273,.500,39,.433,.548,.240,.808,85
Iowa St.,2025-11-05,1,0,0,1,Southern U.,.569,.683,.294,.737,85,.317,.302,.429,.680,58
Kennesaw St.,2025-11-04,0,0,0,0,Shorter,.516,.511,.533,.684,85,.244,.233,.267,.625,36
Furman,2025-11-03,0,0,0,0,North Greenville,.464,.528,.250,.548,85,.179,.208,.105,.200,27
Green Bay,2025-11-03,0,0,0,0,Wis.-Stevens Point,.534,.600,.389,.615,85,.242,.270,.200,.182,37
Iowa St.,2025-11-03,0,0,0,0,St. Thomas,.476,.568,.346,.842,85,.250,.345,.105,.667,36
Franklin,2025-11-03,0,0,0,0,Southern Ind.,.356,.394,.250,.556,45,.508,.634,.273,.652,85
Nelson,2025-11-03,0,0,0,0,Stephen F. Austin,.328,.414,.250,.667,54,.424,.519,.273,.444,85
UC Davis,2026-03-13,23,9,22,8,UC San Diego,.463,.618,.303,.778,79,.433,.432,.435,.941,84
Georgetown,2026-03-07,14,16,31,0,UConn,.245,.231,.261,.643,39,.492,.611,.333,.722,84
Fla. Atlantic,2026-03-07,13,16,13,16,Temple,.283,.282,.286,.667,56,.492,.512,.450,.789,84
Missouri,2026-03-01,16,14,22,6,Oklahoma,.446,.595,.250,.650,78,.421,.462,.333,.667,84
Chicago St.,2026-02-28,8,21,13,14,Wagner,.473,.436,.563,.676,84,.452,.479,.357,.667,75
Howard,2026-02-28,21,7,4,24,Morgan St.,.477,.558,.318,.682,84,.349,.372,.300,.789,65
Georgetown,2026-02-26,13,14,29,0,UConn,.320,.409,.250,.867,52,.449,.556,.333,.733,84
Omaha,2026-02-25,4,25,14,13,Oral Roberts,.456,.444,.467,.818,84,.441,.463,.357,.667,75
Northern Ky.,2026-02-25,14,15,10,18,Oakland,.470,.474,.464,.643,84,.371,.465,.158,.588,59
Grambling,2026-02-23,9,17,6,19,MVSU,.416,.450,.294,.577,84,.351,.395,.214,.615,59
Lamar,2026-02-21,16,9,3,23,New Orleans,.492,.553,.407,.900,84,.396,.500,.238,.778,54
Ga Tech,2026-02-19,11,15,8,19,Pitt,.484,.538,.400,.750,84,.347,.368,.267,.875,68
Jacksonville,2026-02-19,18,7,9,16,Queens (NC),.439,.467,.333,.833,84,.300,.405,.130,.909,49
South Ala.,2026-02-18,9,16,21,5,Troy,.378,.489,.185,.706,73,.409,.410,.407,.864,84
North Texas,2026-02-17,14,11,10,14,UAB,.425,.480,.304,.789,84,.404,.485,.292,.250,54
Detroit Mercy,2026-02-14,5,19,15,10,Fort Wayne,.439,.462,.357,.455,68,.486,.563,.318,.750,84
Illinois St.,2026-02-13,14,9,8,13,Southern Ill.,.373,.390,.333,.769,60,.477,.422,.600,.833,84
Cal Poly,2026-02-12,3,20,19,4,UC Irvine,.306,.343,.214,.600,39,.456,.472,.438,.727,84
Minnesota,2026-02-12,18,6,16,8,Nebraska,.525,.600,.286,.857,84,.414,.469,.346,.833,67
Pitt,2026-02-12,8,17,19,5,Syracuse,.377,.409,.222,.818,51,.515,.524,.500,.571,84
Little Rock,2026-02-12,12,12,20,4,Western Ill.,.492,.528,.435,.500,73,.509,.525,.462,.960,84
Louisville,2026-02-08,21,4,19,4,Syracuse,.541,.619,.368,.786,84,.386,.425,.294,.762,65
UNC,2026-02-08,19,5,13,11,Wake Forest,.484,.500,.458,.647,84,.400,.516,.211,.706,56
FDU,2026-02-07,20,4,8,14,Mercyhurst,.540,.643,.333,.750,84,.377,.324,.458,.875,64
Ohio,2026-02-07,13,8,14,10,Old Dominion,.391,.348,.500,.607,76,.431,.439,.417,.857,84
UTA,2026-02-05,8,13,6,14,Utah Tech,.405,.446,.214,.654,84,.333,.406,.270,.786,78
Kentucky,2026-02-05,18,5,21,2,Vanderbilt,.564,.600,.500,.688,83,.448,.487,.393,.867,84
South Dakota St.,2026-02-04,17,6,10,12,St. Thomas,.524,.641,.333,.769,84,.442,.591,.286,.538,51
LIU,2026-01-29,11,8,5,16,Le Moyne,.467,.455,.481,.833,84,.404,.333,.464,.714,65
Louisville,2026-01-29,19,3,15,6,Stanford,.472,.563,.292,.750,84,.431,.528,.273,.833,66
Niagara,2026-01-29,0,19,7,12,Siena,.361,.396,.263,.875,64,.500,.600,.360,.789,84
Iowa St.,2026-01-28,16,5,20,2,Texas Tech,.484,.490,.467,.750,84,.426,.467,.375,.682,70
Cornell,2026-01-24,7,10,9,8,Harvard,.342,.318,.375,.600,38,.493,.512,.462,.571,84
Idaho,2026-01-24,14,5,5,13,Portland St.,.456,.444,.478,.733,84,.365,.462,.208,.789,66
Buffalo,2026-01-24,2,16,8,10,Kent St.,.433,.426,.450,.500,74,.527,.595,.389,.826,84
Cal St Fullerton,2026-01-22,9,9,2,15,Long Beach State,.478,.566,.188,.833,84,.500,.571,.400,.714,66
Pitt,2026-01-22,8,12,13,5,Virginia,.288,.304,.231,.818,46,.472,.500,.400,.800,84
Arkansas St.,2026-01-21,16,4,12,7,Old Dominion,.455,.490,.333,.792,84,.250,.286,.182,.704,55
Cincinnati,2026-01-18,7,11,14,4,West Virginia,.475,.490,.400,.842,76,.542,.569,.375,.654,84
Cal St Bakersfield,2026-01-17,6,11,11,5,UC San Diego,.397,.375,.435,1.000,66,.526,.537,.500,.762,84
Marshall,2026-01-17,15,4,11,7,Old Dominion,.475,.487,.455,.778,82,.469,.490,.400,.857,84
N.C. A&T,2026-01-09,5,8,4,8,Northeastern,.448,.543,.304,.714,84,.415,.432,.381,.724,83
Fairfield,2026-01-08,11,3,3,11,Saint Peter's,.525,.733,.455,.250,84,.511,.607,.353,.714,62
Mercer,2026-01-08,10,5,3,11,Western Caro.,.446,.477,.333,.789,84,.451,.500,.333,.800,75
Charlotte,2026-01-07,8,7,12,3,Rice,.344,.327,.400,.600,59,.435,.426,.467,.850,84
Fordham,2026-01-07,8,6,12,4,Richmond,.365,.400,.304,.750,65,.509,.643,.370,.818,84
Texas St.,2026-01-07,6,7,11,3,Troy,.286,.347,.143,.667,49,.400,.450,.200,.750,84
Lindenwood,2026-01-06,10,5,8,6,SIU Edwardsville,.531,.553,.471,.667,84,.423,.371,.529,.632,65
Elon,2026-01-04,5,8,7,6,Hampton,.493,.528,.375,.769,84,.453,.457,.444,.792,75
Seton Hall,2026-01-03,10,4,14,0,UConn,.380,.467,.250,1.000,48,.463,.486,.433,.750,84
Fort Wayne,2026-01-02,9,5,4,9,Oakland,.561,.625,.412,.765,84,.397,.485,.280,.786,64
Georgia St.,2026-01-01,6,8,9,5,James Madison,.381,.422,.278,.500,64,.460,.525,.348,.581,84
Niagara,2026-01-01,0,11,4,8,Sacred Heart,.375,.410,.294,.400,53,.646,.676,.571,.636,84
Fairfield,2025-12-29,8,3,0,10,Manhattan,.469,.512,.391,.882,84,.362,.395,.267,.565,59
Brevard,2025-12-29,0,0,4,8,UNCA,.182,.129,.250,1.000,31,.449,.535,.308,.519,84
Clemson,2025-12-21,8,4,5,5,North Florida,.541,.683,.250,.684,84,.404,.342,.526,.857,62
Duquesne,2025-12-21,6,5,7,6,Pitt,.424,.367,.472,.688,84,.362,.375,.333,.700,69
Fairfield,2025-12-21,7,3,3,6,Merrimack,.452,.564,.324,.778,84,.383,.395,.353,1.000,65
Missouri,2025-12-21,10,3,5,5,North Ala.,.484,.625,.395,.818,84,.320,.383,.214,.600,57
North Texas,2025-12-21,6,5,9,3,Santa Clara,.338,.328,.385,.708,72,.415,.395,.444,.692,84
Ferrum,2025-12-20,0,0,3,6,N.C. A&T,.273,.342,.118,.636,39,.478,.525,.414,.545,84
Fairfield,2025-12-19,6,3,2,7,Rider,.508,.645,.367,.846,84,.436,.541,.222,.545,58
South Ala.,2025-12-18,7,3,7,4,Southern Miss.,.373,.386,.348,.538,65,.492,.514,.464,.563,84
UNC,2025-12-17,9,3,3,5,UNCW,.486,.605,.344,.333,84,.250,.310,.071,.500,34
Stephen F. Austin,2025-12-17,6,3,1,7,TAMUCC,.420,.583,.242,.818,84,.383,.486,.217,.688,62
La Sierra,2025-12-17,0,1,3,7,Weber St.,.333,.375,.214,.727,47,.508,.585,.364,.800,84
Cleveland St.,2025-12-13,8,2,0,8,Niagara,.551,.618,.400,.686,84,.377,.441,.263,.583,52
Southern U.,2025-12-12,3,5,0,0,Southern–New Orleans,.544,.623,.267,.500,84,.288,.400,.136,.200,34
Denver,2025-12-06,3,5,7,2,Idaho,.302,.275,.348,.800,54,.545,.553,.526,.667,84
Columbia,2025-12-03,4,4,0,7,Manhattan,.500,.656,.308,.621,84,.228,.261,.091,.846,38
Incarnate Word,2025-12-03,1,4,8,0,TCU,.339,.366,.278,1.000,56,.500,.600,.346,.818,84
Temple,2025-11-30,3,4,2,6,Western Caro.,.544,.629,.409,.591,84,.426,.516,.304,.529,64
Memphis,2025-11-29,4,4,6,1,St. John's (NY),.435,.481,.267,.600,73,.604,.676,.438,.650,84
BYU,2025-11-29,7,0,7,0,Vanderbilt,.446,.448,.444,.643,71,.411,.487,.324,.929,84
Iowa St.,2025-11-28,7,0,4,1,Marquette,.467,.571,.320,.833,84,.406,.415,.391,.857,73
Lindenwood,2025-11-28,4,1,5,2,Santa Clara,.355,.324,.400,.727,70,.458,.556,.296,.909,84
Old Dominion,2025-11-27,5,2,7,0,Oregon,.274,.302,.211,.615,46,.492,.568,.316,.800,84
SMU,2025-11-26,1,5,4,3,Winthrop,.554,.611,.450,.684,84,.472,.500,.400,.500,61
Arizona,2025-11-25,4,0,5,1,Northern Colo.,.542,.540,.556,.577,84,.321,.368,.222,.692,58
George Mason,2025-11-23,4,1,6,0,Maryland,.431,.475,.333,.750,62,.451,.556,.118,.857,84
Bradley,2025-11-20,2,1,3,0,Western Ill.,.431,.375,.520,.800,77,.443,.404,.667,.889,84
Alabama,2025-11-19,4,0,2,2,Samford,.525,.543,.500,.625,84,.294,.292,.296,.875,45
Illinois,2025-11-18,2,1,2,1,Murray St.,.468,.561,.286,.909,84,.355,.438,.267,.571,64
East Carolina,2025-11-16,2,1,3,0,High Point,.348,.340,.368,.722,68,.537,.588,.450,.654,84
Maryland,2025-11-16,4,0,2,0,Princeton,.475,.500,.429,.944,84,.417,.421,.409,.643,68
James Madison,2025-11-16,3,1,2,2,Villanova,.406,.490,.200,.650,73,.491,.571,.414,.800,84
Creighton,2025-11-12,1,1,2,0,Nebraska,.294,.321,.261,.737,50,.468,.559,.357,.800,84
Richmond,2025-11-12,1,1,1,1,William & Mary,.552,.600,.444,.923,84,.301,.469,.171,.875,58
Albany St. (GA),2025-11-11,0,0,0,2,Bethune-Cookman,.407,.457,.231,.500,72,.466,.532,.182,.651,84
Bethany (KS),2025-11-11,0,0,2,0,Northern Colo.,.393,.409,.333,1.000,52,.485,.605,.261,.700,84
Grand Canyon,2025-11-11,0,2,2,0,Oregon,.429,.425,.438,.733,66,.574,.788,.238,.810,84
Concordia (MN),2025-11-10,0,0,1,1,North Dakota St.,.478,.472,.500,.611,60,.493,.581,.333,.833,84
Harvard,2025-11-09,1,0,1,0,Michigan,.327,.417,.158,.800,55,.554,.639,.400,.636,84
La Salle,2025-11-08,1,0,0,1,SFU,.479,.556,.346,.538,84,.466,.514,.381,.579,73
Massachusetts,2025-11-08,1,0,0,1,Siena,.507,.569,.333,.500,84,.414,.432,.381,.654,73
St. Anselm,2025-11-08,0,1,1,0,Vermont,.302,.324,.263,.800,49,.541,.643,.316,.857,84
Weber St.,2025-11-08,0,1,0,1,Westminster (UT),.456,.559,.353,.625,84,.277,.318,.190,.778,47
Alabama A&M,2025-11-07,1,0,1,0,Ole Miss,.364,.395,.167,.632,45,.452,.553,.292,.700,84
Bellarmine,2025-11-07,1,0,0,1,Morehead St.,.333,.325,.348,.818,68,.452,.667,.250,.833,84
Merrimack,2025-11-07,1,0,1,0,Rhode Island,.286,.316,.240,.667,46,.542,.591,.400,.778,84
Colorado,2025-11-06,0,0,1,0,New Mexico,.453,.545,.200,.857,84,.344,.333,.360,.615,59
Cal St Fullerton,2025-11-04,0,0,0,0,Pepperdine,.329,.340,.308,.667,70,.617,.773,.480,.667,84
High Point,2025-11-03,0,0,0,0,Johnson C. Smith,.492,.571,.333,.577,84,.216,.270,.071,.600,26
Belmont,2025-11-03,0,0,0,0,Oklahoma,.319,.342,.294,.500,67,.465,.625,.130,.500,84
Prairie View,2025-11-03,0,0,0,0,UTEP,.379,.486,.190,.857,60,.388,.472,.222,.640,84
Arkansas St.,2026-03-27,25,9,21,13,Fort Wayne,.475,.500,.465,.714,83,.436,.594,.217,.864,72
Arkansas St.,2026-03-23,24,9,23,12,Radford,.432,.545,.267,.846,83,.340,.419,.211,.700,52
Notre Dame,2026-03-23 NCAA,23,10,27,7,Ohio St.,.435,.447,.400,.885,83,.462,.459,.467,.818,73
Iowa,2026-03-23 NCAA,27,6,21,11,Virginia,.369,.473,.172,.500,75,.444,.528,.333,.783,83
Cal,2026-03-22,20,14,19,17,Kansas St.,.552,.618,.458,.571,83,.500,.619,.250,.667,75
Holy Cross,2026-03-20 NCAA,23,9,25,6,Michigan,.370,.389,.333,1.000,48,.471,.481,.444,.643,83
Air Force,2026-03-08,14,17,25,4,San Diego St.,.481,.475,.500,.871,83,.527,.629,.350,.688,76
Arkansas St.,2026-03-08,24,8,24,6,Troy,.403,.419,.387,.786,73,.456,.491,.333,.727,83
LSU,2026-03-07,27,4,30,2,South Carolina,.441,.489,.333,.833,77,.438,.446,.412,.800,83
Alabama,2026-03-06,23,9,28,3,Texas,.404,.450,.294,.643,60,.500,.500,.500,.769,83
Belmont,2026-03-05,18,11,0,29,Valparaiso,.351,.409,.273,.690,83,.288,.279,.304,.857,63
Monmouth,2026-03-05,18,10,16,12,Towson,.509,.500,.538,.625,83,.429,.431,.417,.900,77
Indiana,2026-03-05,18,13,24,6,Ohio St.,.333,.389,.238,.842,59,.405,.408,.400,.813,83
Miami (FL),2026-03-04,16,13,19,12,Stanford,.508,.628,.273,.786,83,.420,.405,.444,.600,76
Belmont,2026-03-02,17,11,9,18,Southern Ill.,.524,.658,.320,.750,83,.413,.434,.300,.643,64
Virginia,2026-03-01,19,9,21,8,Virginia Tech,.500,.578,.267,.720,82,.415,.436,.385,.864,83
Southern Utah,2026-02-28,19,8,8,18,Utah Tech,.369,.429,.261,.632,66,.457,.510,.316,.765,83
Drake,2026-02-28,9,18,9,17,Southern Ill.,.462,.595,.286,.714,83,.433,.431,.444,.706,68
Illinois St.,2026-02-28,17,11,0,28,Valparaiso,.452,.472,.423,.941,83,.266,.378,.000,.500,42
SE Missouri St,2026-02-28,11,17,15,13,Tennessee Tech,.536,.581,.385,.783,83,.313,.375,.222,.867,61
Chicago St.,2026-02-26,8,20,17,9,LIU,.439,.489,.200,.727,68,.476,.564,.333,.882,83
Oregon St.,2026-02-26,20,9,9,20,San Diego,.500,.529,.385,.778,83,.323,.373,.143,.833,49
La.-Monroe,2026-02-25,13,14,11,16,Texas St.,.405,.423,.364,.652,83,.473,.568,.278,.810,74
Cincinnati,2026-02-25,11,17,25,4,TCU,.349,.341,.368,.679,70,.455,.559,.344,.800,83
Gardner-Webb,2026-02-21,11,16,23,4,High Point,.440,.581,.211,.500,53,.559,.639,.435,.636,83
Delaware,2026-02-21,12,14,15,11,Missouri St.,.309,.364,.227,.900,57,.452,.579,.250,.913,83
Belmont,2026-02-20,16,9,15,10,Illinois St.,.347,.452,.268,.810,78,.473,.463,.500,.889,83
Duke,2026-02-19,19,6,17,8,NC State,.492,.568,.333,.857,83,.429,.474,.000,.786,65
Iowa,2026-02-19,20,5,12,13,Purdue,.593,.657,.474,.556,83,.424,.512,.280,.917,74
UConn,2026-02-18,27,0,21,5,Villanova,.525,.523,.533,.650,83,.453,.448,.458,.667,69
Louisiana,2026-02-18,4,22,13,13,Southern Miss.,.373,.436,.083,.714,61,.476,.459,.500,.833,83
Minnesota,2026-02-15,19,6,13,12,Wisconsin,.542,.634,.333,.867,83,.434,.559,.211,.769,60
Oregon St.,2026-02-12,17,8,18,7,Santa Clara,.375,.415,.263,.611,70,.377,.405,.350,.688,83
Baylor,2026-02-12,21,4,21,4,TCU,.421,.531,.280,.750,67,.460,.412,.517,.909,83
Cleveland St.,2026-02-11,18,8,20,5,Green Bay,.458,.528,.348,.913,83,.441,.488,.370,.750,82
Ball St.,2026-02-10,19,5,11,11,Eastern Mich.,.479,.556,.235,.647,83,.381,.433,.333,.750,68
BYU,2026-02-10,16,8,19,5,Iowa St.,.516,.629,.370,1.000,83,.387,.378,.400,.688,69
Boston College,2026-02-08,4,21,16,8,Clemson,.328,.282,.409,.909,59,.569,.600,.500,.571,83
Colorado St.,2026-02-07,17,6,8,14,Wyoming,.509,.484,.542,.933,83,.339,.370,.310,.875,54
Coppin St.,2026-02-07,6,18,4,17,Delaware St.,.544,.639,.381,.684,83,.532,.622,.200,.636,59
Evansville,2026-02-05,5,17,0,22,Valparaiso,.476,.471,.483,.600,83,.367,.452,.276,.538,59
Houston Christian,2026-02-05,6,14,18,4,McNeese,.261,.348,.174,.412,35,.517,.564,.421,.833,83
Florida St.,2026-02-05,7,15,15,7,NC State,.288,.318,.241,.500,55,.443,.468,.391,.857,83
Northwestern,2026-02-05,8,14,13,9,USC,.424,.512,.188,.706,65,.470,.618,.313,.846,83
Ball St.,2026-02-04,17,5,4,17,Northern Ill.,.585,.611,.529,.706,83,.313,.393,.200,.875,48
James Madison,2026-02-04,16,8,12,10,Southern Miss.,.486,.508,.400,.455,83,.468,.511,.333,.818,72
UAB,2026-01-31,7,13,5,16,Wichita St.,.537,.531,.545,.722,83,.361,.400,.235,.692,65
Cal Baptist,2026-01-31,13,8,8,12,UTA,.403,.419,.389,.882,83,.277,.264,.333,.714,55
Southeastern LA,2026-01-31,2,17,14,7,Stephen F. Austin,.300,.333,.238,.636,55,.424,.577,.325,.778,83
Ole Miss,2026-01-30,17,4,20,1,Vanderbilt,.517,.500,.667,.905,83,.467,.545,.250,.833,75
Clemson,2026-01-29,14,7,8,13,SMU,.492,.654,.364,.650,83,.333,.333,.333,.727,54
Maryland,2026-01-28,17,4,16,4,Washington,.380,.404,.318,.684,80,.366,.400,.313,.722,83
Providence,2026-01-27,10,11,15,5,Villanova,.500,.533,.364,.471,68,.508,.581,.441,1.000,83
Kansas,2026-01-25,12,8,11,9,Kansas St.,.538,.513,.615,.792,83,.323,.323,.323,.917,61
La Salle,2026-01-24,10,9,12,8,St. Bonaventure,.476,.487,.458,.667,83,.482,.550,.313,.789,74
Charlotte,2026-01-24,9,10,8,10,Temple,.476,.487,.458,.846,82,.475,.432,.545,.833,83
Georgetown,2026-01-22,11,7,19,0,UConn,.286,.405,.053,.692,42,.516,.727,.276,1.000,83
Kennesaw St.,2026-01-22,8,8,9,8,UTEP,.464,.483,.364,.750,83,.348,.410,.000,.571,52
Purdue,2026-01-18,10,7,10,7,USC,.370,.368,.375,.733,57,.469,.523,.350,.696,83
Pitt,2026-01-18,8,11,7,11,SMU,.467,.579,.273,.824,76,.415,.436,.385,.679,83
Cal St Fullerton,2026-01-17,8,9,6,10,UC Riverside,.478,.451,.556,.700,83,.473,.457,.500,.818,71
Jacksonville,2026-01-17,11,5,7,9,North Ala.,.400,.404,.389,.667,79,.484,.455,.556,.765,83
Portland,2026-01-17,10,8,5,12,Seattle,.449,.489,.375,.857,83,.469,.487,.400,.778,57
FIU,2026-01-15,8,6,6,10,New Mexico St.,.458,.561,.222,.735,83,.491,.543,.273,.600,74
Nebraska,2026-01-11,14,2,14,1,UCLA,.377,.400,.333,.833,61,.478,.535,.375,.769,83
Iowa St.,2026-01-11,14,2,13,3,West Virginia,.457,.478,.435,.947,70,.508,.500,.538,.588,83
East Carolina,2026-01-10,10,6,3,13,Wichita St.,.448,.490,.333,.654,83,.333,.391,.091,.607,56
Loyola Marymount,2026-01-08,8,7,10,5,Pepperdine,.493,.491,.500,.688,83,.508,.553,.357,.786,78
Oral Roberts,2026-01-08,8,7,11,4,South Dakota,.484,.500,.429,.773,83,.299,.333,.188,.857,61
Charleston So.,2026-01-07,4,11,10,4,Longwood,.429,.556,.310,.667,63,.429,.481,.278,.857,83
Kansas,2026-01-04,10,4,8,5,UCF,.574,.684,.313,.762,83,.429,.442,.385,.789,68
Alabama St.,2026-01-03,4,8,2,10,MVSU,.537,.511,.714,.833,83,.315,.400,.158,.481,50
Houston,2026-01-03,6,7,12,3,Oklahoma St.,.339,.340,.333,.800,52,.507,.578,.364,.583,83
Fla. Atlantic,2026-01-03,6,7,11,3,Rice,.491,.586,.375,.700,75,.508,.500,.526,.692,83
Buffalo,2026-01-03,2,10,3,8,Western Mich.,.429,.489,.250,.636,65,.517,.588,.417,.650,83
Alabama,2026-01-01,14,0,13,1,South Carolina,.367,.419,.310,.667,57,.500,.529,.385,.824,83
Ohio St.,2025-12-31,11,2,8,5,Purdue,.420,.455,.360,.889,83,.296,.375,.182,.690,56
Illinois,2025-12-28,11,1,8,4,Purdue,.473,.513,.375,.833,83,.534,.636,.214,.533,73
James Madison,2025-12-20,9,4,10,3,Marshall,.403,.480,.227,.733,74,.444,.455,.433,1.000,83
Boise St.,2025-12-20,9,3,7,3,San Diego St.,.339,.340,.333,.769,54,.544,.625,.440,.667,83
San Jose St.,2025-12-17,1,9,3,6,Wyoming,.350,.371,.320,.667,60,.458,.500,.385,.700,83
New Mexico St.,2025-12-16,3,6,9,2,UC Irvine,.434,.447,.400,.737,66,.462,.440,.481,.917,83
Harris-Stowe,2025-12-14,0,2,6,3,SIU Edwardsville,.259,.278,.222,.571,36,.447,.510,.333,.500,83
Eastern Ill.,2025-12-11,1,8,7,2,North Dakota St.,.310,.262,.438,.750,55,.528,.590,.357,.880,83
Cal St Mont Bay,2025-12-11,0,2,0,8,San Jose St.,.262,.277,.214,.294,40,.493,.641,.286,.750,83
Gonzaga,2025-12-06,5,4,7,2,UC Davis,.542,.625,.444,.700,83,.429,.484,.360,1.000,72
East Carolina,2025-12-03,4,4,6,3,James Madison,.403,.449,.231,.765,66,.500,.548,.409,.556,83
Texas Tech,2025-12-03,9,0,1,7,Wichita St.,.459,.486,.417,.773,83,.232,.250,.200,.650,43
UNCW,2025-12-03,3,3,3,2,West Ga.,.391,.429,.318,.600,63,.569,.552,.591,.667,83
Allen,2025-12-01,0,0,1,6,Charleston So.,.333,.362,.280,.700,62,.491,.538,.448,.762,83
SMU,2025-12-01,2,5,6,2,Southern Miss.,.466,.488,.400,.821,83,.441,.500,.316,.750,70
Idaho,2025-11-29,6,1,1,6,Wichita St.,.472,.595,.300,.333,83,.324,.360,.222,.565,61
Arkansas St.,2025-11-28,3,3,4,2,Houston,.380,.452,.297,.706,83,.481,.550,.250,.520,66
George Washington,2025-11-28,2,4,4,1,Miami (FL),.469,.449,.533,.643,77,.429,.521,.133,.675,83
South Dakota St.,2025-11-27,5,0,5,1,UNC,.333,.457,.105,.625,48,.452,.548,.323,.467,83
Boston U.,2025-11-26,3,3,6,0,Bryant,.404,.419,.333,.579,56,.567,.579,.545,.500,83
Ohio St.,2025-11-26,4,1,6,0,West Virginia,.475,.487,.455,.750,83,.482,.590,.235,.697,81
Duke,2025-11-26,3,3,6,0,South Carolina,.393,.390,.400,.769,66,.473,.531,.100,.750,83
Lehman,2025-11-25,0,0,0,4,Saint Peter's,.245,.294,.158,.333,31,.429,.476,.357,.619,83
Central Mich.,2025-11-24,4,1,4,1,Notre Dame,.375,.343,.462,.643,51,.536,.630,.348,1.000,83
Penn St.,2025-11-24,4,1,4,2,San Diego St.,.493,.538,.353,.643,83,.400,.417,.375,.714,67
McNeese,2025-11-24,3,1,5,0,West Virginia,.426,.432,.412,.667,63,.563,.618,.429,.767,83
Delaware St.,2025-11-22,2,4,0,0,St. Mary's (MD),.571,.696,.235,.636,83,.300,.333,.182,.667,38
North Dakota St.,2025-11-21,2,2,2,2,Tulane,.483,.556,.267,.778,83,.536,.605,.389,.385,72
Ball St.,2025-11-20,4,0,1,3,Cincinnati,.444,.513,.333,.679,83,.354,.404,.154,.789,63
Niagara,2025-11-20,0,3,4,0,Virginia Tech,.352,.405,.167,.600,46,.508,.558,.308,.765,83
Bellarmine,2025-11-19,1,3,3,1,Wright St.,.492,.568,.316,.789,83,.342,.372,.306,.647,76
Boise St.,2025-11-18,3,0,2,1,Colorado,.391,.457,.182,.652,53,.525,.563,.385,.737,83
La Salle,2025-11-18,3,1,0,1,West Chester,.406,.509,.063,.788,83,.311,.485,.107,.900,50
Ball St.,2025-11-15,3,0,2,1,Memphis,.387,.404,.357,.652,83,.291,.310,.238,.667,59
Merrimack,2025-11-15,1,2,1,2,Northeastern,.464,.533,.333,.688,83,.469,.447,.545,.722,65
North Florida,2025-11-14,1,2,2,1,South Ala.,.327,.444,.105,.533,46,.431,.467,.370,.611,83
Cal Baptist,2025-11-12,2,0,0,2,Long Beach State,.408,.455,.368,.786,83,.313,.370,.190,.636,60
Duke,2025-11-12,1,1,2,1,Norfolk St.,.500,.611,.300,.677,83,.161,.190,.100,.714,32
Eastern Ky.,2025-11-12,1,1,0,2,Evansville,.477,.500,.429,.667,83,.361,.429,.269,.692,60
Boise St.,2025-11-09,1,0,1,0,San Francisco,.468,.442,.526,.938,83,.410,.444,.360,.409,68
Creighton,2025-11-09,0,1,1,0,Drake,.438,.471,.400,.882,83,.413,.429,.381,.824,74
Texas St.,2025-11-09,0,1,2,0,Texas Tech,.333,.386,.154,.833,50,.518,.500,.542,.706,83
Belmont,2025-11-07,0,1,0,0,Brown,.382,.484,.297,.800,83,.355,.425,.227,.800,61
Mt. St. Mary's,2025-11-04,0,0,0,0,Richmond,.358,.444,.176,.615,49,.444,.520,.395,.632,83
Bloomsburg,2025-11-03,0,0,0,0,Delaware,.404,.462,.278,.471,59,.455,.469,.412,.727,83
Drake,2025-11-03,0,0,0,0,Eastern Ill.,.492,.600,.304,.560,83,.391,.439,.304,.800,65
Hofstra,2025-11-03,0,0,0,0,Miami (FL),.357,.400,.250,.667,48,.437,.590,.250,.520,83
Bucknell,2025-11-03,0,0,0,0,Penn St.,.364,.353,.381,.438,55,.536,.635,.235,.500,83
Bridgewater St.,2025-11-03,0,0,0,0,Stonehill,.302,.385,.176,.529,38,.478,.553,.318,.833,83
Fort Wayne,2025-11-03,0,0,0,0,West Virginia,.365,.429,.292,.286,47,.397,.429,.316,.676,83
Army,2026-03-30,26,7,25,9,Marshall,.419,.552,.303,.600,65,.556,.629,.421,.700,82
Oklahoma St.,2026-03-21 NCAA,23,9,26,3,Princeton,.525,.548,.474,.818,82,.426,.409,.471,.889,68
Georgia,2026-03-21 NCAA,22,9,20,11,Virginia,.440,.577,.292,.629,73,.517,.541,.476,.800,82
Miami (OH),2026-03-21 NCAA,28,6,27,6,West Virginia,.392,.419,.350,.636,54,.508,.510,.500,.846,82
UNC,2026-03-20 NCAA,26,7,26,5,Western Ill.,.435,.690,.250,.632,82,.304,.366,.133,.750,51
Ga. Southern,2026-03-19,23,7,17,14,Miami (FL),.368,.469,.240,.615,56,.492,.519,.364,.800,82
LIU,2026-03-12,20,10,15,15,Mercyhurst,.468,.458,.500,.739,82,.359,.429,.276,.769,64
Jacksonville St.,2026-03-10,15,15,13,16,UTEP,.469,.578,.211,.581,82,.419,.488,.286,.731,77
Lindenwood,2026-03-06,24,7,21,9,Southern Ind.,.467,.483,.452,.800,82,.564,.606,.500,.667,79
Pacific,2026-03-06,11,18,8,24,Washington St.,.403,.487,.261,.714,76,.527,.550,.467,.739,82
Bradley,2026-03-05,19,10,7,22,Evansville,.475,.459,.500,.789,82,.379,.481,.290,.667,61
Cal St Bakersfield,2026-03-05,7,21,9,18,Cal St Northridge,.230,.324,.111,.640,47,.500,.647,.292,.739,82
Florida,2026-03-05,18,14,23,6,Oklahoma,.356,.378,.286,.720,64,.431,.509,.211,.667,82
Illinois,2026-03-04,19,10,13,16,Wisconsin,.475,.650,.105,.828,82,.448,.486,.381,.714,70
Oregon,2026-03-04,20,11,13,16,Purdue,.410,.444,.313,.931,82,.417,.486,.320,.462,64
South Fla.,2026-03-03,18,11,13,15,Temple,.500,.531,.400,.500,82,.167,.174,.150,.688,36
FDU,2026-02-28,25,4,18,9,LIU,.413,.441,.379,.950,82,.321,.350,.250,.450,49
Ill.-Chicago,2026-02-28,14,14,14,13,UNI,.419,.432,.389,.900,68,.545,.629,.400,.636,82
Central Conn St,2026-02-28,1,26,2,25,SFU,.357,.422,.091,.880,63,.470,.565,.250,.682,82
South Dakota,2026-02-28,22,7,23,6,South Dakota St.,.316,.429,.136,.909,49,.508,.548,.429,.750,82
Illinois,2026-02-26,19,8,22,5,Iowa,.526,.500,.579,.875,78,.579,.620,.286,.778,82
UNC,2026-02-26,23,6,19,8,Virginia,.580,.500,.667,.889,82,.400,.432,.333,.846,70
Seton Hall,2026-02-26,18,9,22,6,Villanova,.360,.424,.235,.750,52,.468,.567,.375,1.000,82
Duquesne,2026-02-25,10,17,11,18,Saint Louis,.484,.537,.381,.737,82,.258,.324,.172,.676,64
NC State,2026-02-22,17,9,21,5,Syracuse,.483,.535,.353,.750,82,.382,.435,.273,.846,69
Austin Peay,2026-02-21,14,11,2,26,Bellarmine,.431,.500,.344,.643,82,.385,.455,.294,.750,41
Manhattan,2026-02-21,8,18,16,10,Merrimack,.441,.541,.273,.857,82,.419,.575,.136,.667,67
Georgia St.,2026-02-21,9,18,22,7,Marshall,.483,.467,.533,.750,75,.422,.543,.276,.741,82
Charlotte,2026-02-21,12,14,15,11,North Texas,.431,.467,.350,.769,73,.519,.500,.556,.941,82
Tennessee,2026-02-19,16,8,10,11,Texas A&M,.400,.452,.345,.800,74,.559,.550,.579,.455,82
UCLA,2026-02-19,25,1,19,7,Washington,.533,.622,.267,.875,82,.439,.500,.370,.778,67
Boston College,2026-02-15,4,23,12,12,Miami (FL),.443,.600,.290,.636,70,.507,.575,.407,.429,82
Ball St.,2026-02-14,20,5,13,11,Bowling Green,.533,.553,.500,.700,82,.348,.348,.348,.846,67
Cal Baptist,2026-02-14,16,9,6,16,Utah Tech,.400,.463,.324,.846,82,.404,.500,.238,.826,70
La.-Monroe,2026-02-14,13,12,20,5,Troy,.412,.389,.438,.556,80,.444,.465,.400,.900,82
Dartmouth,2026-02-14,10,12,5,17,Yale,.400,.533,.200,.455,54,.465,.462,.474,.875,82
Alabama A&M,2026-02-12,14,9,9,12,Ark-Pine Bluff,.500,.489,.533,.560,82,.426,.441,.385,.643,54
UNLV,2026-02-11,16,7,8,15,Wyoming,.439,.500,.316,.889,72,.467,.500,.444,.833,82
NC State,2026-02-08,16,7,18,6,Virginia Tech,.460,.489,.375,.947,82,.380,.434,.222,.500,62
Fairfield,2026-02-07,19,4,14,10,Iona,.492,.710,.294,.800,82,.408,.514,.143,.571,46
Akron,2026-02-07,5,17,2,21,Louisiana,.404,.560,.259,.786,71,.500,.558,.308,.733,82
Memphis,2026-02-07,8,13,19,3,Rice,.414,.441,.273,.400,65,.453,.441,.474,.862,82
Southern Ill.,2026-02-07,7,13,0,23,Valparaiso,.429,.431,.417,.719,82,.414,.500,.292,.720,73
Cal St Fullerton,2026-02-05,12,9,7,14,UC Riverside,.471,.469,.500,.481,82,.453,.524,.318,.813,78
Jacksonville,2026-02-05,14,7,14,7,West Ga.,.452,.462,.400,.759,82,.358,.536,.160,.679,61
Georgia,2026-02-05,18,4,14,5,Tennessee,.403,.487,.261,.840,77,.415,.536,.324,.727,82
Lindenwood,2026-02-03,16,7,10,12,SIU Edwardsville,.537,.600,.421,.889,82,.491,.581,.375,.667,69
Florida,2026-02-01,13,10,20,2,Vanderbilt,.491,.545,.400,.545,66,.508,.679,.355,.846,82
Cal St Northridge,2026-01-31,6,13,14,6,UC San Diego,.460,.441,.500,.929,67,.478,.563,.263,.722,82
Baylor,2026-01-27,18,3,6,13,Houston,.525,.581,.375,.737,82,.418,.486,.300,.824,66
Milwaukee,2026-01-24,7,14,6,13,Oakland,.500,.480,.522,.611,71,.509,.552,.462,.875,82
La.-Monroe,2026-01-23,9,10,16,5,Marshall,.378,.392,.348,.786,75,.527,.583,.484,.692,82
Alabama St.,2026-01-22,5,11,8,10,Texas Southern,.492,.520,.364,.720,82,.373,.382,.360,.538,74
Eastern Ky.,2026-01-22,15,4,11,6,Jacksonville,.459,.455,.471,.581,82,.310,.364,.125,.680,63
Missouri,2026-01-22,13,8,16,4,Ole Miss,.344,.415,.200,.882,61,.508,.587,.294,.650,82
Mass.-Lowell,2026-01-22,6,12,15,5,Vermont,.396,.464,.300,.667,46,.471,.525,.400,.667,82
Bowling Green,2026-01-21,10,7,11,5,Ohio,.333,.450,.270,.643,57,.569,.552,.591,.786,82
Creighton,2026-01-20,7,11,10,8,Xavier,.449,.639,.242,.667,82,.365,.372,.350,.733,64
Harvard,2026-01-19,9,7,15,1,Princeton,.446,.444,.450,.857,79,.467,.488,.412,.826,82
Georgia,2026-01-18,15,3,16,3,Ole Miss,.547,.568,.500,.571,82,.300,.314,.263,.632,59
Florida St.,2026-01-18,6,12,14,5,UNC,.286,.258,.320,.882,55,.469,.607,.361,1.000,82
Abilene Christ.,2026-01-17,13,5,11,6,Southern Utah,.516,.500,.600,.857,82,.378,.500,.176,.773,54
Montana,2026-01-17,3,12,11,4,Montana St.,.341,.429,.250,.647,44,.471,.545,.333,.714,82
Northern Ky.,2026-01-17,9,11,6,13,Wright St.,.470,.500,.417,1.000,82,.344,.341,.353,.667,56
Cal St Bakersfield,2026-01-15,6,10,12,2,UCSB,.358,.400,.273,.650,67,.592,.724,.400,.552,82
Gonzaga,2026-01-15,12,6,10,6,San Francisco,.538,.531,.550,.882,82,.431,.500,.200,.588,69
Akron,2026-01-14,3,13,11,3,Massachusetts,.367,.464,.281,.789,68,.493,.574,.333,.667,82
Indiana,2026-01-14,11,7,12,4,Washington,.418,.344,.522,.833,63,.643,.667,.545,.667,82
Evansville,2026-01-11,4,11,8,8,Illinois St.,.419,.422,.412,.923,71,.525,.610,.333,.667,82
App. St.,2026-01-10,7,7,10,5,Southern Miss.,.545,.552,.538,.667,82,.317,.425,.130,.889,59
Cal Baptist,2026-01-10,10,7,11,4,Southern Utah,.405,.444,.320,.667,82,.397,.512,.233,.667,77
Merrimack,2026-01-10,7,7,6,8,Siena,.468,.511,.353,.947,82,.352,.478,.120,.800,65
UNLV,2026-01-10,10,5,4,10,Wyoming,.440,.477,.387,.571,82,.344,.400,.290,1.000,53
Michigan St.,2026-01-08,14,1,12,2,Washington,.516,.563,.357,.619,82,.379,.345,.414,.688,67
Duke,2026-01-04,8,6,10,3,Notre Dame,.455,.438,.500,.684,82,.458,.444,.500,.778,68
Indiana,2026-01-04,11,4,14,1,Maryland,.469,.500,.429,.800,67,.476,.558,.300,.842,82
Bryant,2026-01-03,11,3,6,8,Maine,.585,.605,.500,.750,82,.492,.600,.143,.684,73
Montana St.,2026-01-03,8,4,5,9,Northern Ariz.,.398,.473,.250,.750,82,.417,.486,.304,.615,65
Delaware,2026-01-02,6,6,8,3,UTEP,.433,.538,.238,.933,71,.500,.522,.444,.588,82
Detroit Mercy,2026-01-02,4,8,5,10,Wright St.,.462,.568,.200,.625,71,.481,.579,.250,.813,82
Cal St Bakersfield,2026-01-01,5,7,11,2,UC Irvine,.356,.375,.333,.750,63,.429,.484,.360,.893,82
Florida St.,2026-01-01,5,9,11,2,Syracuse,.379,.378,.379,.647,72,.441,.500,.250,.643,82
App. St.,2025-12-29,6,5,0,2,Carolina,.522,.625,.263,.583,82,.190,.200,.174,.500,31
Cal Baptist,2025-12-29,6,7,7,4,Utah Valley,.462,.536,.405,1.000,82,.321,.375,.154,.682,51
Florida,2025-12-28,11,3,6,6,Furman,.500,.652,.111,.615,82,.422,.453,.273,.450,66
Cornell,2025-12-28,4,7,11,2,Stanford,.328,.313,.346,.600,50,.515,.577,.286,.714,82
Ohio St.,2025-12-28,11,1,11,1,UCLA,.438,.618,.233,.857,75,.452,.510,.318,.692,82
Cleveland St.,2025-12-21,11,2,0,0,P.R.–Bayamon,.571,.706,.364,.556,82,.273,.257,.300,.450,45
Coppin St.,2025-12-21,2,11,12,0,Georgia,.317,.314,.321,.750,55,.525,.550,.476,.533,82
Arkansas,2025-12-20,10,3,7,3,Stephen F. Austin,.358,.424,.182,.800,82,.338,.413,.226,.667,73
Binghamton,2025-12-20,6,4,4,6,Colgate,.508,.545,.400,.842,82,.323,.410,.192,.636,54
North Dakota St.,2025-12-17,9,2,4,5,UTRGV,.492,.532,.389,.579,82,.321,.325,.313,.613,60
North Dakota St.,2025-12-16,8,2,7,2,Pepperdine,.388,.407,.308,.765,82,.508,.596,.278,.750,80
Tx AM-Kingsvil,2025-12-15,0,0,4,5,UTSA,.341,.393,.231,.750,40,.417,.383,.480,.667,82
High Point,2025-12-14,9,1,1,8,N.C. Central,.585,.667,.357,.652,82,.407,.455,.200,.824,60
Missouri,2025-12-14,9,3,4,6,Saint Louis,.439,.536,.345,.815,82,.347,.429,.233,.643,66
Chris. Newport,2025-12-14,0,0,5,4,Navy,.340,.324,.375,.700,47,.477,.611,.310,.611,82
Central Ark.,2025-12-13,6,3,1,8,Grambling,.381,.516,.250,.839,82,.460,.583,.296,.563,75
Texas Tech,2025-12-12,10,0,1,9,Washington St.,.533,.548,.500,.750,82,.412,.667,.185,1.000,51
Ga Tech,2025-12-11,4,6,8,2,West Virginia,.340,.368,.250,.722,50,.437,.579,.273,.733,82
Alabama A&M,2025-12-10,3,6,6,3,Minnesota,.346,.419,.238,1.000,44,.548,.610,.429,.833,82
Central Mich.,2025-12-07,5,3,9,1,Kentucky,.396,.426,.167,.706,55,.500,.667,.231,.800,82
Boston U.,2025-12-07,3,5,8,2,UNC,.289,.320,.250,.818,40,.444,.447,.440,.778,82
Boise St.,2025-12-06,7,1,6,2,Cal Baptist,.410,.432,.353,.743,82,.449,.576,.333,.750,80
Cal St Fullerton,2025-12-06,3,5,4,4,Hawaii,.413,.443,.200,.636,82,.500,.528,.450,.833,80
Columbia,2025-12-06,5,4,2,5,Wagner,.611,.765,.350,.529,82,.340,.350,.286,.615,42
Hampton,2025-12-05,4,3,0,0,Livingstone,.479,.560,.286,.500,82,.352,.362,.333,.571,66
Louisiana Tech,2025-12-04,3,3,6,1,South Ala.,.453,.500,.381,.839,82,.477,.500,.421,.588,80
Samford,2025-12-04,4,6,5,2,Tennessee Tech,.396,.485,.250,.619,60,.377,.460,.158,.730,82
Central Mich.,2025-12-03,5,2,6,1,Michigan,.241,.227,.286,.471,40,.414,.500,.227,.792,82
Princeton,2025-12-02,7,1,4,0,Seton Hall,.459,.486,.423,.938,82,.433,.500,.304,.619,78
Maine-Fort Kent,2025-11-30,0,0,2,4,Mass.-Lowell,.203,.220,.174,.750,36,.438,.462,.381,.526,82
Penn St.,2025-11-30,5,1,1,6,Yale,.537,.620,.294,.625,82,.453,.464,.375,.600,64
Colgate,2025-11-29,4,2,5,2,UC Irvine,.327,.333,.320,.727,48,.500,.571,.407,.818,82
Boston College,2025-11-29,4,5,4,2,Murray St.,.423,.491,.222,.867,77,.407,.452,.357,.889,82
Kansas St.,2025-11-29,5,4,5,2,South Dakota St.,.467,.514,.391,.625,70,.520,.533,.500,.870,82
Colgate,2025-11-28,4,1,5,1,Idaho,.302,.349,.100,.645,53,.451,.614,.185,.765,82
Pepperdine,2025-11-28,4,1,4,2,USC,.340,.425,.077,.882,52,.500,.568,.400,.667,82
TCU,2025-11-28,7,0,3,3,UAB,.485,.600,.261,.909,82,.354,.357,.348,.875,61
Fla. Gulf Coast,2025-11-25,1,2,5,0,Indiana,.417,.500,.250,.741,64,.554,.553,.556,.625,82
George Washington,2025-11-23,1,4,1,4,Morgan St.,.429,.513,.292,.750,82,.419,.382,.556,.652,56
New Mexico,2025-11-23,5,1,6,0,Texas Tech,.323,.419,.226,.625,57,.519,.625,.364,.692,82
Army,2025-11-22,4,1,0,5,SFU,.526,.700,.333,.481,82,.283,.286,.278,.789,50
Clinton College,2025-11-21,0,0,2,3,Winthrop,.196,.189,.214,.750,29,.458,.566,.158,.542,82
Cal St Bakersfield,2025-11-20,0,4,1,4,Omaha,.455,.429,.538,.735,82,.418,.412,.429,.667,73
North Ala.,2025-11-19,3,1,0,4,Tennessee St.,.391,.444,.200,.679,76,.463,.543,.316,.788,82
Houston,2025-11-17,2,1,3,0,Stephen F. Austin,.400,.414,.300,.579,78,.500,.514,.471,.741,82
Arizona St.,2025-11-16,3,0,3,1,Santa Clara,.462,.482,.333,.760,82,.384,.483,.318,.636,77
Davidson,2025-11-16,3,1,2,1,Iona,.569,.641,.421,.800,82,.440,.425,.500,.429,52
Nebraska,2025-11-16,3,0,2,1,North Dakota St.,.600,.675,.400,.769,82,.467,.568,.188,.688,70
Kansas,2025-11-15,3,0,3,0,Missouri,.542,.553,.500,.800,82,.527,.618,.381,.550,77
Fairfield,2025-11-15,3,0,2,1,UNC,.479,.600,.348,.875,68,.418,.476,.320,.750,82
Coastal Caro.,2025-11-15,2,2,3,0,Virginia Tech,.469,.486,.417,.421,59,.409,.486,.310,.864,82
Utah Tech,2025-11-15,2,0,1,2,Weber St.,.394,.512,.214,.778,76,.483,.537,.368,.850,82
Jackson St.,2025-11-13,1,1,3,0,Miss. St.,.359,.415,.261,.500,55,.552,.636,.286,.636,82
High Point,2025-11-12,2,0,1,1,Merrimack,.458,.565,.269,.563,82,.455,.567,.320,.786,69
Boston College,2025-11-09,1,1,1,0,Mass.-Lowell,.448,.500,.387,1.000,82,.365,.478,.276,.700,53
Lafayette,2025-11-09,0,2,0,1,Le Moyne,.403,.463,.308,.708,79,.435,.490,.300,.800,82
Alabama St.,2025-11-08,0,1,1,0,Auburn,.269,.256,.308,.563,41,.421,.439,.368,.579,82
Fordham,2025-11-07,1,0,1,0,NJIT,.441,.462,.375,.923,78,.508,.647,.345,.667,82
Cincinnati,2025-11-07,0,1,1,0,Penn St.,.375,.390,.333,.833,77,.493,.500,.474,.700,82
Ga Tech,2025-11-06,0,0,0,1,Radford,.500,.625,.188,.742,82,.222,.281,.136,.500,36
Eastern Ill.,2025-11-06,0,1,1,0,Purdue,.429,.442,.385,.667,67,.517,.568,.429,.619,82
N.C. A&T,2025-11-06,0,1,0,0,TCU,.269,.282,.231,.522,43,.471,.636,.314,.636,82
Alabama,2025-11-03,0,0,0,0,Stetson,.419,.514,.280,.719,82,.500,.483,.522,.643,73
Bowling Green,2025-11-03,0,0,0,0,Louisiana,.519,.611,.313,.793,82,.418,.462,.267,.500,67
Chattanooga,2025-11-03,0,0,0,0,King (TN),.542,.703,.273,.800,82,.229,.241,.211,.667,34
East Carolina,2025-11-03,0,0,0,0,UNCW,.492,.532,.375,.667,82,.424,.500,.235,.750,63
Mansfield,2025-11-03,0,0,0,0,St. Bonaventure,.236,.400,.040,.583,34,.435,.500,.320,.636,82
Illinois St.,2026-03-22,20,13,21,13,UTRGV,.517,.651,.176,.593,81,.284,.306,.222,.769,52
Quinnipiac,2026-03-22,27,6,20,13,Stanford,.406,.375,.500,.900,69,.528,.571,.364,.840,81
Charleston,2026-03-20 NCAA,27,5,24,8,Duke,.261,.255,.273,.880,64,.492,.548,.353,.773,81
Gonzaga,2026-03-20 NCAA,24,9,23,11,Ole Miss,.365,.326,.450,.688,66,.420,.431,.389,.800,81
Binghamton,2026-03-19,19,12,15,16,Mercyhurst,.581,.673,.231,.857,81,.349,.441,.241,.818,60
Drake,2026-03-12,11,19,0,31,Valparaiso,.415,.500,.296,.864,81,.328,.424,.226,1.000,55
Indiana St.,2026-03-12,9,21,10,19,Southern Ill.,.418,.491,.143,.697,81,.394,.448,.154,.733,69
Lehigh,2026-03-12,16,13,22,7,Navy,.467,.577,.382,.750,81,.359,.390,.324,.727,76
Ark-Pine Bluff,2026-03-10,13,15,8,22,MVSU,.403,.415,.357,.710,81,.443,.523,.235,.727,74
FDU,2026-03-09,27,4,3,26,SFU,.476,.656,.290,.750,81,.400,.453,.000,.727,56
Incarnate Word,2026-03-09,13,16,14,15,Nicholls St.,.350,.500,.091,.688,55,.500,.545,.333,.913,81
Ga. Southern,2026-03-08,23,6,24,8,James Madison,.367,.371,.357,.800,53,.538,.617,.333,.833,81
Cal St Fullerton,2026-03-07,16,13,10,18,Cal St Northridge,.464,.500,.333,.750,81,.460,.500,.400,.462,60
Longwood,2026-03-07,21,9,21,11,Radford,.324,.388,.182,.471,58,.463,.542,.263,.700,81
NC State,2026-03-06,20,9,21,9,Notre Dame,.421,.526,.211,.647,63,.485,.545,.364,.818,81
Oral Roberts,2026-03-06,15,14,15,15,St. Thomas,.305,.333,.235,.778,54,.577,.615,.462,.625,81
Cleveland St.,2026-03-04,23,8,10,20,Oakland,.475,.622,.227,.870,81,.431,.511,.280,.688,80
Detroit Mercy,2026-03-04,7,23,22,8,Green Bay,.353,.346,.375,.429,57,.464,.483,.364,.684,81
NW St.,2026-03-03,16,13,3,26,New Orleans,.394,.479,.217,.714,81,.344,.302,.429,.750,65
Portland St.,2026-03-02,6,23,9,21,Weber St.,.292,.302,.273,.667,52,.446,.487,.385,.867,81
Iowa,2026-03-01,23,5,13,15,Wisconsin,.530,.565,.450,.500,81,.302,.353,.241,.875,52
Eastern Wash.,2026-02-28,13,16,10,19,Northern Ariz.,.433,.375,.519,.900,81,.309,.388,.105,.810,61
Pepperdine,2026-02-28,18,11,5,23,Seattle,.459,.472,.440,.700,81,.419,.525,.227,.769,67
Arizona,2026-02-28,12,16,18,11,Utah,.448,.455,.429,.818,67,.538,.630,.440,.824,81
Cleveland St.,2026-02-25,21,8,10,19,Wright St.,.529,.629,.313,.786,81,.404,.533,.227,.889,55
Providence,2026-02-22,14,14,28,0,UConn,.319,.206,.615,,38,.438,.629,.263,.778,81
Kentucky,2026-02-22,20,7,24,3,Vanderbilt,.469,.588,.333,.818,79,.477,.585,.292,.800,81
Arizona St.,2026-02-21,21,7,7,19,Houston,.548,.588,.364,.750,81,.280,.313,.222,.889,56
Ark-Pine Bluff,2026-02-21,10,14,2,23,Prairie View,.465,.580,.190,.579,81,.340,.345,.333,.600,56
Columbia,2026-02-21,17,6,10,13,Dartmouth,.515,.605,.348,.833,81,.333,.379,.200,.737,42
Fairfield,2026-02-21,23,4,11,15,Siena,.464,.658,.226,.833,81,.308,.390,.000,.760,51
Indiana St.,2026-02-21,8,18,9,15,Southern Ill.,.424,.422,.429,.762,81,.394,.414,.308,.650,73
Nevada,2026-02-21,8,18,17,9,UNLV,.484,.560,.167,.167,64,.491,.531,.435,.944,81
North Dakota St.,2026-02-21,24,2,21,6,South Dakota,.608,.706,.412,.706,81,.344,.357,.200,.926,68
Northern Ariz.,2026-02-21,10,17,19,8,Northern Colo.,.386,.395,.333,.708,53,.492,.581,.300,.813,81
Montana St.,2026-02-19,18,6,8,19,Weber St.,.438,.467,.393,.600,81,.255,.346,.143,.818,36
Northwestern,2026-02-15,8,16,8,17,Penn St.,.373,.382,.360,.750,71,.467,.553,.318,.667,81
Auburn,2026-02-15,13,12,9,11,Texas A&M,.333,.378,.261,.810,63,.569,.606,.500,1.000,81
Pepperdine,2026-02-14,15,10,14,10,San Francisco,.279,.289,.267,.800,70,.526,.595,.400,.867,81
Maryland,2026-02-12,19,6,8,16,Penn St.,.425,.500,.280,.706,81,.417,.487,.286,.600,62
Florida,2026-02-12,15,11,17,6,Oklahoma,.492,.550,.368,.600,74,.460,.500,.353,.708,81
Southern Ind.,2026-02-12,16,7,4,19,Tennessee St.,.386,.389,.375,.677,81,.352,.450,.071,.800,55
Notre Dame,2026-02-08,15,8,16,7,Virginia,.418,.419,.417,.824,70,.452,.500,.250,.759,81
Charlotte,2026-02-07,10,13,5,18,Wichita St.,.433,.431,.438,.941,81,.491,.513,.444,.571,72
Fla. Gulf Coast,2026-02-07,11,11,15,7,Jacksonville,.448,.455,.429,.545,70,.423,.500,.261,.682,81
Michigan St.,2026-02-07,19,4,8,15,Penn St.,.439,.564,.259,.889,81,.459,.500,.353,.571,70
Oklahoma St.,2026-02-07,18,6,10,12,UCF,.484,.564,.360,.833,81,.381,.477,.158,.875,58
San Diego St.,2026-02-07,17,4,3,20,San Jose St.,.542,.590,.450,.800,81,.375,.342,.444,.500,52
Charleston,2026-02-06,18,3,5,16,UNCW,.446,.435,.474,.737,81,.412,.394,.444,.917,61
BYU,2026-02-04,16,6,13,10,Kansas,.302,.306,.296,.778,60,.482,.535,.308,.767,81
Georgia St.,2026-02-04,9,14,10,12,La.-Monroe,.328,.357,.306,.643,62,.462,.575,.280,.667,81
UAB,2026-02-03,8,13,10,10,UTSA,.556,.636,.429,.800,81,.415,.513,.269,.667,69
Coppin St.,2026-02-03,5,18,0,1,Wash. Adventist,.373,.431,.240,.765,81,.274,.293,.238,.588,49
Gonzaga,2026-01-31,15,7,4,19,Washington St.,.446,.396,.588,.765,81,.536,.576,.478,.500,75
Loyola Marymount,2026-01-31,13,8,5,16,Seattle,.435,.455,.400,.579,81,.220,.243,.154,.762,40
Middle Tenn.,2026-01-31,11,9,5,14,Western Ky.,.444,.452,.438,.786,81,.315,.320,.310,.833,58
Mercyhurst,2026-01-29,6,13,6,13,New Haven,.425,.417,.432,.500,81,.481,.541,.353,.895,75
Ohio St.,2026-01-29,18,3,13,8,Wisconsin,.463,.510,.313,.667,81,.393,.344,.458,.429,58
Auburn,2026-01-29,13,8,20,2,South Carolina,.300,.318,.250,.688,51,.527,.579,.412,.941,81
Iowa,2026-01-29,18,2,11,9,USC,.403,.435,.333,.800,69,.456,.512,.370,.643,81
Creighton,2026-01-28,8,12,16,6,St. John's (NY),.492,.526,.440,.800,81,.306,.389,.192,.727,51
Missouri,2026-01-25,13,9,8,7,Texas A&M,.479,.516,.412,.757,81,.338,.419,.200,.792,70
Alabama A&M,2026-01-24,9,9,8,11,Texas Southern,.458,.478,.385,.710,81,.338,.447,.185,.583,63
UC Davis,2026-01-24,13,6,6,12,UC Riverside,.537,.606,.429,.778,81,.424,.463,.333,.750,68
Coastal Caro.,2026-01-24,9,11,11,8,Southern Miss.,.483,.639,.227,.833,81,.281,.300,.265,1.000,55
Merrimack,2026-01-24,9,9,9,10,Mt. St. Mary's,.414,.474,.344,.600,81,.378,.396,.333,.500,68
Illinois,2026-01-24,15,4,14,5,Nebraska,.467,.490,.364,.789,75,.491,.512,.429,.778,81
Eastern Wash.,2026-01-22,9,9,5,12,Portland St.,.438,.519,.238,.750,81,.444,.512,.182,.481,63
Fairfield,2026-01-22,15,3,0,17,Niagara,.431,.478,.405,.800,81,.315,.341,.200,.714,51
Bellarmine,2026-01-22,2,17,6,11,North Florida,.417,.406,.438,.579,58,.486,.651,.222,.778,81
Indiana,2026-01-22,11,8,17,2,Ohio St.,.564,.500,.647,.923,67,.484,.522,.389,.706,81
Auburn,2026-01-22,13,6,19,0,Vanderbilt,.407,.452,.250,.500,53,.500,.591,.300,.846,81
Penn St.,2026-01-21,7,12,14,4,Washington,.418,.458,.316,.333,65,.485,.519,.357,.800,81
Arkansas St.,2026-01-17,15,4,11,6,Southern Miss.,.400,.594,.237,.696,81,.367,.500,.056,.813,71
East Carolina,2026-01-17,12,6,7,9,Temple,.441,.472,.391,.769,81,.329,.380,.200,.600,65
Idaho,2026-01-15,11,5,10,5,Idaho St.,.422,.500,.321,.692,81,.371,.434,.176,.929,68
Oral Roberts,2026-01-15,9,8,5,12,UMKC,.552,.542,.600,.688,81,.391,.435,.304,.400,65
Omaha,2026-01-15,2,17,8,9,St. Thomas,.389,.320,.448,1.000,68,.469,.464,.476,.806,81
Southern Utah,2026-01-15,11,5,7,8,Tarleton St.,.322,.359,.250,.800,55,.548,.558,.500,.333,81
Belmont,2026-01-11,9,7,8,7,UNI,.466,.441,.500,.833,81,.339,.353,.320,.875,62
Northern Ky.,2026-01-10,7,11,11,4,Robert Morris,.382,.321,.444,.844,81,.421,.476,.267,.828,76
Cal St Fullerton,2026-01-08,7,7,8,5,UC San Diego,.368,.407,.214,.762,69,.484,.556,.385,.733,81
Oakland,2026-01-05,4,10,10,4,Youngstown St.,.343,.449,.056,.500,58,.485,.522,.409,.667,81
Illinois,2026-01-04,13,1,13,1,Michigan St.,.397,.375,.435,.789,75,.429,.447,.375,.840,81
Army,2026-01-03,9,3,5,7,Colgate,.517,.591,.313,.700,81,.322,.325,.316,.833,49
Denver,2026-01-03,7,7,12,2,North Dakota St.,.396,.459,.182,1.000,44,.559,.644,.286,.846,81
Louisiana,2026-01-03,1,12,7,6,South Ala.,.310,.400,.000,.800,56,.474,.594,.320,.679,81
Oregon St.,2026-01-02,10,5,7,6,Pacific,.564,.568,.556,.643,81,.371,.389,.346,.667,61
Abilene Christ.,2026-01-01,9,4,5,6,Utah Tech,.458,.595,.267,.875,81,.317,.350,.250,.500,51
Montana,2026-01-01,3,8,4,9,Northern Ariz.,.474,.800,.219,.611,72,.517,.513,.524,.667,81
Georgetown,2025-12-31,8,4,9,4,Seton Hall,.236,.243,.222,.375,36,.500,.563,.409,.818,81
Fla. Atlantic,2025-12-30,6,6,6,6,North Texas,.271,.314,.208,.864,56,.431,.418,.471,.733,81
DePaul,2025-12-29,3,11,10,2,Villanova,.267,.364,.000,.762,48,.500,.622,.304,.778,81
Arkansas,2025-12-28,11,3,10,3,Arkansas St.,.390,.395,.381,.818,72,.386,.568,.239,.750,81
Brewton-Parker,2025-12-28,0,1,6,4,West Ga.,.278,.323,.217,.440,46,.444,.515,.367,.667,81
Campbell,2025-12-21,7,5,7,5,East Carolina,.386,.405,.333,.588,59,.491,.590,.278,.870,81
Niagara,2025-12-21,0,10,2,8,Saint Peter's,.380,.333,.478,.318,72,.500,.564,.353,.704,81
IU Indy,2025-12-21,4,7,8,3,Wisconsin,.478,.567,.313,.767,72,.483,.655,.323,.929,81
Eastern Ky.,2025-12-19,7,4,2,9,Presbyterian,.509,.533,.417,.818,81,.375,.400,.313,.636,61
Stetson,2025-12-19,6,2,5,4,William & Mary,.456,.600,.344,.571,75,.470,.542,.278,.560,81
Alabama,2025-12-17,12,0,4,5,Tulane,.435,.483,.394,.778,81,.328,.351,.292,.500,52
Charlotte,2025-12-17,5,6,7,5,Winthrop,.444,.489,.370,.500,81,.348,.344,.357,.724,58
Texas Southern,2025-12-17,3,6,5,5,UTA,.463,.531,.278,.400,73,.462,.458,.471,.619,81
Old Dominion,2025-12-17,7,3,9,1,Troy,.343,.400,.176,.625,59,.358,.392,.250,.806,81
Chapman,2025-12-16,0,1,4,4,Loyola Marymount,.222,.259,.167,.667,27,.515,.652,.200,.692,81
Bethune-Cookman,2025-12-16,2,7,8,3,Richmond,.313,.316,.300,.800,45,.424,.517,.351,.750,81
Mercyhurst,2025-12-15,0,9,3,5,Mt. St. Mary's,.351,.522,.235,.800,52,.518,.615,.433,.769,81
Illinois,2025-12-14,9,1,6,3,North Texas,.468,.367,.647,.788,81,.409,.447,.316,.600,69
Iowa St.,2025-12-14,11,0,4,5,UNI,.448,.474,.414,.900,81,.333,.395,.211,.846,53
Boise St.,2025-12-13,8,2,7,2,Southern Utah,.509,.526,.471,.773,81,.397,.500,.118,.778,66
BYU,2025-12-13,10,1,7,1,UTEP,.485,.611,.333,.875,81,.300,.313,.250,.636,46
Cal St Fullerton,2025-12-13,4,5,3,6,Portland St.,.500,.528,.333,.889,81,.351,.424,.250,.800,66
Chicago St.,2025-12-13,1,8,5,5,Fresno St.,.400,.415,.333,.576,62,.476,.500,.444,.600,81
Chattanooga,2025-12-11,5,5,1,7,Tennessee St.,.540,.578,.444,.556,81,.333,.381,.167,.684,51
Princeton,2025-12-10,9,1,7,3,Rutgers,.463,.467,.458,.800,81,.490,.607,.333,.889,63
Dayton,2025-12-07,4,4,4,3,LIU,.481,.533,.409,.688,81,.429,.452,.400,.700,72
James Madison,2025-12-07,7,3,3,5,VCU,.554,.667,.294,.609,81,.415,.378,.500,.579,63
Southern Miss.,2025-12-07,6,3,4,4,UAB,.500,.548,.444,.611,81,.439,.600,.313,.765,73
Boston College,2025-12-07,4,7,6,3,Virginia,.297,.368,.192,.800,55,.541,.727,.321,.857,81
Kennesaw St.,2025-12-06,4,3,0,0,Thomas University,.477,.488,.458,.571,81,.255,.343,.000,.591,37
North Texas,2025-12-06,5,3,3,3,Texas Southern,.451,.569,.167,.333,81,.348,.308,.400,.480,52
Montana,2025-12-06,2,5,3,6,St. Thomas,.419,.477,.278,.667,65,.524,.595,.381,.583,81
Southern Ill.,2025-12-03,1,5,3,4,UAB,.339,.347,.300,.786,54,.526,.600,.469,.600,81
Vanderbilt,2025-12-03,8,0,6,2,Virginia,.458,.528,.348,.905,81,.466,.514,.381,.600,68
Villanova,2025-12-01,5,2,6,1,West Virginia,.524,.581,.400,.778,81,.328,.333,.300,.643,59
Penn,2025-11-30,5,2,7,0,Texas,.375,.458,.292,.952,63,.438,.442,.417,.909,81
Milwaukee,2025-11-29,2,6,5,2,UC Davis,.400,.514,.250,.765,72,.529,.524,.533,.917,81
Utah Tech,2025-11-29,3,2,0,2,Westminster (UT),.452,.475,.409,.571,81,.365,.366,.364,.615,70
Charlotte,2025-11-29,4,4,2,5,George Washington,.370,.426,.269,.750,67,.540,.625,.389,.800,81
George Mason,2025-11-29,5,3,6,0,Ole Miss,.400,.429,.308,.679,67,.547,.676,.250,.633,81
Boise St.,2025-11-28,6,1,3,3,Tulane,.413,.462,.333,.778,81,.346,.386,.294,.923,76
Arizona St.,2025-11-25,5,0,3,1,Utah Tech,.413,.492,.190,.688,81,.299,.385,.179,.750,54
IU Indy,2025-11-23,2,3,4,2,Marshall,.409,.420,.375,.625,70,.520,.640,.400,.905,81
Michigan,2025-11-23,4,1,5,0,Syracuse,.471,.533,.348,.818,81,.288,.297,.273,.882,55
Md.-East. Shore,2025-11-23,4,3,4,1,Princeton,.404,.325,.857,.857,62,.450,.462,.429,.692,81
Fresno St.,2025-11-23,3,2,4,2,Santa Clara,.400,.385,.500,.733,63,.419,.477,.278,.750,81
Detroit Mercy,2025-11-23,1,2,5,1,Wisconsin,.396,.531,.190,.680,63,.477,.500,.444,.583,81
Illinois St.,2025-11-21,3,1,1,4,Saint Louis,.483,.548,.333,.680,81,.453,.458,.438,.833,75
Arkansas St.,2025-11-19,2,2,1,2,Central Ark.,.323,.500,.189,.750,58,.509,.567,.435,.773,81
NJIT,2025-11-19,4,1,0,3,Saint Peter's,.559,.611,.478,.400,81,.217,.255,.077,.545,33
Indiana St.,2025-11-19,2,2,2,1,SIU Edwardsville,.414,.417,.400,.704,71,.407,.459,.318,.703,81
Kansas St.,2025-11-18,3,2,3,0,Troy,.417,.550,.250,.867,81,.265,.308,.194,.643,59
Missouri,2025-11-18,3,1,1,1,Southern Ill.,.545,.575,.467,.778,81,.317,.341,.263,.583,50
Bryant,2025-11-15,3,0,1,2,Rider,.516,.524,.500,.538,81,.415,.500,.263,.571,57
Bethune-Cookman,2025-11-15,1,2,0,1,FIU,.382,.395,.333,.733,68,.446,.512,.267,.643,81
Central Baptist,2025-11-14,0,1,3,0,La.-Monroe,.213,.211,.214,.833,31,.333,.438,.214,.923,81
Maine,2025-11-14,0,2,1,1,VCU,.470,.556,.367,1.000,77,.475,.524,.368,.800,81
Alcorn St.,2025-11-12,1,2,0,0,Arkansas Baptist,.484,.500,.458,.667,81,.429,.512,.200,.737,65
Cal St Fullerton,2025-11-12,0,2,0,0,Hope International,.429,.438,.400,.778,81,.360,.481,.217,.833,51
La Salle,2025-11-11,2,0,1,1,Lehigh,.491,.465,.583,.690,81,.436,.560,.333,.800,70
UTEP,2025-11-11,2,0,0,0,Western N.M.,.366,.412,.240,.538,81,.351,.378,.300,.625,56
Ball St.,2025-11-09,1,0,1,1,IU Indy,.418,.550,.222,.826,81,.367,.406,.321,.633,72
Buffalo,2025-11-09,0,1,2,0,Kentucky,.293,.310,.250,.643,47,.462,.694,.172,.696,81
East Texas A&M,2025-11-09,1,1,0,0,Texas-Dallas,.411,.526,.167,.681,81,.231,.350,.040,.786,42
Barton,2025-11-09,0,0,0,1,William & Mary,.309,.379,.231,.733,62,.475,.611,.261,.792,81
High Point,2025-11-08,1,0,1,0,Wofford,.389,.478,.231,.864,81,.460,.571,.238,.769,73
Gonzaga,2025-11-07,0,0,1,0,North Dakota St.,.483,.438,.667,.652,81,.407,.559,.150,.679,66
Alcorn St.,2025-11-05,0,1,0,1,MUW,.440,.482,.316,.750,81,.308,.353,.222,.833,56
TAMUCC,2025-11-05,1,0,0,0,Texas A&M,.326,.370,.250,.733,43,.395,.429,.333,.522,81
Kentucky St.,2025-11-05,0,0,0,0,Western Ky.,.212,.268,.120,.286,33,.483,.545,.400,.600,81
Montana,2025-11-04,0,0,0,0,Seattle Pacific,.433,.579,.182,.833,81,.259,.351,.095,.857,44
Chestnut Hill,2025-11-03,0,0,0,0,Monmouth,.275,.273,.278,.600,42,.471,.622,.200,.588,81
FIU,2025-11-03,0,0,0,0,South Fla.,.340,.364,.300,.609,56,.384,.481,.143,.688,81
Minnesota,2026-03-27 NCAA,24,8,33,1,UCLA,.379,.348,.500,.545,56,.525,.622,.250,.600,80
Northern Colo.,2026-03-22,23,10,23,9,South Dakota,.400,.469,.278,.600,60,.472,.471,.474,.724,80
San Francisco,2026-03-19,18,14,16,14,Utah Valley,.569,.613,.500,.667,80,.333,.405,.143,.636,50
Loyola Marymount,2026-03-19,21,9,19,13,Stanford,.377,.372,.385,.636,76,.571,.622,.364,.706,80
Miami (OH),2026-03-13,26,6,18,12,Ohio,.446,.394,.500,1.000,80,.284,.378,.138,.667,52
Cal St Fullerton,2026-03-11,17,13,10,19,Cal St Northridge,.329,.351,.231,.721,80,.421,.559,.217,.667,65
Fla. Atlantic,2026-03-11,14,17,17,13,North Texas,.367,.425,.250,.727,57,.443,.432,.471,.818,80
Michigan,2026-03-06,24,5,22,11,Oregon,.437,.519,.211,.737,80,.407,.525,.158,.500,58
FIU,2026-03-05,17,10,15,13,Middle Tenn.,.509,.516,.500,.750,80,.343,.382,.303,.815,78
Seattle,2026-03-05,5,24,7,24,Washington St.,.313,.400,.207,.706,58,.478,.543,.333,.900,80
Coastal Caro.,2026-03-04,14,17,13,17,South Ala.,.403,.457,.333,.458,70,.413,.412,.414,.762,80
IU Indy,2026-02-28,12,16,8,22,Milwaukee,.452,.520,.167,.759,80,.443,.541,.292,.727,77
Incarnate Word,2026-02-28,13,14,18,9,Lamar,.481,.500,.450,.769,69,.589,.574,.667,.533,80
Duke,2026-02-26,20,7,9,19,Florida St.,.408,.463,.333,.857,80,.333,.419,.150,1.000,52
Eastern Ill.,2026-02-26,4,25,22,7,Lindenwood,.327,.467,.136,.545,43,.536,.500,.591,.583,80
Florida A&M,2026-02-26,7,19,14,11,Southern U.,.345,.382,.292,.737,61,.431,.418,.500,.655,80
Tennessee Tech,2026-02-26,14,13,13,14,UT Martin,.426,.395,.467,.571,80,.463,.525,.286,.700,68
North Dakota,2026-02-25,7,21,21,7,South Dakota,.392,.450,.355,.882,66,.492,.500,.474,.813,80
Baylor,2026-02-23,23,6,15,14,Kansas St.,.526,.548,.500,.700,80,.338,.381,.261,.667,54
Iowa St.,2026-02-22,21,6,24,4,TCU,.386,.396,.364,.786,73,.420,.535,.231,.762,80
UCLA,2026-02-22,26,1,13,14,Wisconsin,.418,.486,.333,.737,80,.397,.438,.346,.833,60
Akron,2026-02-21,7,19,12,13,Kent St.,.375,.360,.391,.667,61,.448,.447,.455,.767,80
Furman,2026-02-21,16,11,15,11,Mercer,.383,.419,.313,.629,63,.400,.431,.286,.857,80
Pepperdine,2026-02-21,16,11,21,7,Santa Clara,.457,.564,.323,.600,80,.290,.323,.263,.867,63
Nebraska,2026-02-19,16,10,18,9,Oregon,.426,.535,.240,.923,76,.500,.543,.412,.875,80
San Diego St.,2026-02-18,20,4,17,8,UNLV,.405,.452,.344,.818,80,.375,.383,.353,.667,62
Iowa,2026-02-16,19,5,16,9,Nebraska,.604,.703,.375,.769,80,.466,.590,.211,.692,67
Duquesne,2026-02-14,8,16,10,15,Fordham,.435,.447,.417,.800,80,.383,.316,.500,.625,67
Chicago St.,2026-02-14,8,17,7,18,Le Moyne,.443,.488,.333,.800,76,.490,.548,.389,.893,80
Rice,2026-02-13,21,3,5,20,Wichita St.,.476,.487,.458,1.000,80,.254,.283,.154,.833,42
Grambling,2026-02-12,7,16,2,20,Prairie View,.432,.540,.056,.643,80,.358,.405,.250,.846,64
Idaho,2026-02-12,19,5,7,18,Weber St.,.477,.479,.471,.769,80,.421,.400,.444,.875,67
Michigan,2026-02-12,20,4,8,15,Northwestern,.507,.576,.167,.750,80,.413,.406,.429,.700,58
Arkansas,2026-02-12,11,14,19,5,Ole Miss,.339,.415,.190,.688,57,.413,.489,.286,.833,80
Colorado,2026-02-08,15,8,21,3,TCU,.492,.500,.462,.889,80,.542,.641,.350,.889,79
Creighton,2026-02-08,11,12,16,7,Marquette,.439,.511,.263,.739,80,.483,.545,.313,.786,74
Ohio St.,2026-02-08,21,3,18,7,Oregon,.519,.618,.350,.895,80,.367,.393,.344,.750,64
Columbia,2026-02-07,14,6,8,12,Cornell,.574,.583,.556,.533,80,.475,.455,.571,.765,55
Butler,2026-02-07,9,14,24,0,UConn,.365,.500,.250,.500,48,.493,.560,.294,.750,80
Cincinnati,2026-02-07,8,15,14,10,Kansas,.373,.413,.286,.652,71,.551,.594,.471,.857,80
FDU,2026-02-05,19,4,8,13,Stonehill,.533,.588,.462,.667,80,.368,.432,.154,.833,49
Florida A&M,2026-02-05,5,15,2,18,Prairie View,.429,.468,.125,.826,80,.319,.333,.286,.900,61
FIU,2026-02-05,12,8,5,15,Western Ky.,.517,.526,.500,1.000,80,.440,.567,.250,.556,54
Notre Dame,2026-02-05,14,8,18,5,Virginia Tech,.431,.440,.400,.947,80,.426,.432,.417,.727,70
San Diego,2026-02-05,8,16,4,20,Washington St.,.431,.447,.389,.765,76,.450,.528,.333,.857,80
Duke,2026-02-01,15,6,12,10,Wake Forest,.449,.529,.222,.609,80,.304,.279,.385,.714,44
Merrimack,2026-01-31,11,9,17,4,Quinnipiac,.420,.485,.294,.545,53,.589,.605,.556,.571,80
Incarnate Word,2026-01-31,10,9,12,9,UTRGV,.321,.333,.308,.600,70,.418,.463,.231,.875,80
UT Martin,2026-01-31,11,8,17,3,Western Ill.,.373,.385,.333,.706,54,.508,.579,.381,.857,80
Cal,2026-01-29,12,9,13,7,Notre Dame,.615,.560,.714,.667,80,.397,.429,.316,.750,69
Akron,2026-01-28,3,16,10,9,Bowling Green,.349,.405,.269,.733,62,.429,.535,.200,.710,80
Illinois,2026-01-28,15,5,19,1,UCLA,.377,.364,.412,.778,67,.500,.587,.100,.852,80
Florida St.,2026-01-25,7,13,8,12,Ga Tech,.357,.388,.286,.813,69,.365,.349,.400,.813,80
Indiana,2026-01-25,11,9,10,9,Purdue,.422,.414,.438,.828,69,.491,.485,.500,.789,80
Northwestern,2026-01-25,8,11,18,1,UCLA,.354,.353,.357,.636,46,.470,.551,.235,.875,80
Ark-Pine Bluff,2026-01-24,6,11,9,8,Southern U.,.400,.375,.467,.560,65,.523,.571,.375,.545,80
Ga. Southern,2026-01-22,13,5,15,3,Troy,.452,.441,.464,.688,80,.355,.405,.250,.833,69
Samford,2026-01-22,8,12,9,9,Wofford,.404,.515,.250,.571,56,.438,.421,.500,.533,80
Cleveland St.,2026-01-21,15,5,11,8,Fort Wayne,.385,.450,.167,.800,70,.518,.643,.393,.733,80
Arizona,2026-01-20,10,7,11,8,Kansas,.433,.455,.375,.846,69,.551,.594,.471,.720,80
Detroit Mercy,2026-01-18,4,13,5,12,Oakland,.406,.469,.200,.625,70,.520,.576,.412,.808,80
Texas,2026-01-18,18,2,8,5,Texas A&M,.429,.542,.056,.722,80,.172,.174,.167,.650,35
Northern Ariz.,2026-01-17,6,12,5,11,Portland St.,.438,.500,.278,.950,80,.406,.439,.348,.667,68
Creighton,2026-01-17,7,10,9,10,Providence,.414,.513,.290,.909,77,.517,.500,.571,.857,80
James Madison,2026-01-15,11,7,15,3,Marshall,.462,.558,.273,.778,80,.302,.355,.227,.375,43
Central Conn St,2026-01-15,0,15,2,13,Mercyhurst,.458,.531,.100,.667,63,.492,.607,.387,.625,80
Northern Colo.,2026-01-15,12,5,5,10,Portland St.,.412,.425,.393,.722,80,.440,.579,.000,.593,60
IU Indy,2026-01-15,6,10,11,5,Robert Morris,.436,.500,.316,.667,70,.563,.634,.143,.862,80
Binghamton,2026-01-10,10,5,6,10,Mass.-Lowell,.554,.581,.462,.857,80,.389,.438,.318,.500,52
DePaul,2026-01-10,3,14,9,6,Georgetown,.526,.583,.429,.786,80,.583,.600,.538,.667,77
Coastal Caro.,2026-01-10,8,9,14,3,Marshall,.463,.515,.381,.800,74,.441,.545,.343,.571,80
MVSU,2026-01-10,2,12,2,12,Prairie View,.382,.407,.286,.600,80,.339,.415,.167,.732,73
Ark-Pine Bluff,2026-01-10,4,9,6,9,Texas Southern,.389,.432,.200,.684,57,.458,.538,.300,.909,80
Kansas St.,2026-01-10,9,8,12,4,Utah,.469,.629,.276,.556,73,.500,.667,.367,.938,80
Bradley,2026-01-08,8,6,0,15,Valparaiso,.484,.556,.393,.438,80,.321,.405,.125,.533,44
Bryant,2026-01-08,12,3,6,9,Mass.-Lowell,.473,.500,.421,.769,80,.348,.433,.188,.300,38
Eastern Ky.,2026-01-08,11,4,5,8,North Ala.,.537,.636,.381,.737,80,.582,.641,.438,.636,78
Georgia,2026-01-08,15,1,14,2,LSU,.310,.429,.138,.688,59,.569,.646,.200,.750,80
FIU,2026-01-04,7,4,8,5,Missouri St.,.397,.419,.350,.522,69,.519,.667,.188,.793,80
Austin Peay,2026-01-03,9,2,5,7,North Florida,.485,.556,.333,.818,80,.377,.522,.267,.636,55
Cal Baptist,2026-01-03,8,7,7,6,Tarleton St.,.545,.484,.625,1.000,80,.406,.422,.368,.750,68
Richmond,2026-01-03,11,4,10,4,St. Bonaventure,.508,.581,.438,1.000,80,.439,.487,.333,.571,60
Arizona,2026-01-03,9,4,15,0,Texas Tech,.350,.375,.250,.444,49,.475,.536,.419,.733,80
UCLA,2026-01-03,13,1,10,3,USC,.526,.565,.364,.842,80,.270,.231,.333,.500,46
Kentucky,2026-01-01,13,1,14,0,LSU,.435,.524,.296,.545,80,.492,.500,.455,.867,78
Indiana,2026-01-01,11,3,12,1,Michigan St.,.407,.500,.273,.909,60,.527,.553,.471,.875,80
NJIT,2026-01-01,9,4,5,7,UMBC,.517,.659,.176,.773,80,.412,.382,.538,.600,75
Iona,2026-01-01,8,5,8,4,Quinnipiac,.352,.455,.190,.923,54,.574,.605,.500,1.000,80
Louisiana,2026-01-01,1,11,10,2,Troy,.288,.354,.111,.933,54,.370,.368,.375,.733,80
Houston,2025-12-31,6,6,13,0,Iowa St.,.385,.368,.500,.667,62,.531,.542,.500,.571,80
Detroit Mercy,2025-12-29,4,7,0,0,Rochester Christian,.436,.519,.269,.417,80,.465,.583,.217,.750,86
Hofstra,2025-12-28,2,8,12,1,Kentucky,.327,.348,.000,.667,42,.500,.571,.407,.583,80
Ohio,2025-12-20,5,3,5,7,Saint Louis,.256,.293,.216,.703,74,.468,.477,.444,.636,80
Omaha,2025-12-20,1,11,7,3,Southern Utah,.291,.306,.263,.833,47,.483,.686,.200,.773,80
Colo. Christian,2025-12-17,0,0,4,7,Denver,.404,.378,.467,.667,53,.397,.487,.294,.750,80
East Carolina,2025-12-17,6,5,4,6,Wofford,.491,.550,.353,.783,80,.339,.356,.294,.923,59
FIU,2025-12-15,4,3,5,4,Fla. Atlantic,.446,.500,.316,.667,80,.458,.538,.364,.733,63
Minnesota,2025-12-14,7,3,3,5,Wyoming,.559,.568,.533,1.000,80,.304,.360,.238,.250,34
Dayton,2025-12-14,5,4,6,4,Purdue,.255,.250,.261,.600,43,.417,.417,.417,1.000,80
North Dakota,2025-12-14,1,9,3,6,Western Ky.,.353,.500,.200,.818,50,.446,.521,.308,1.000,80
Cal St. L.A.,2025-12-13,0,0,6,2,Pepperdine,.375,.410,.333,.467,72,.431,.489,.320,.769,80
Idaho,2025-12-13,8,3,3,5,Utah St.,.377,.488,.250,.750,73,.483,.525,.400,.636,80
Boston College,2025-12-09,4,8,7,3,Bryant,.453,.486,.375,.773,71,.509,.594,.381,.720,80
Hofstra,2025-12-09,1,6,0,0,Marywood,.458,.543,.308,.667,80,.245,.364,.050,.708,44
Butler,2025-12-07,4,5,5,3,Marquette,.354,.459,.214,.750,55,.561,.528,.619,.750,80
Miami (OH),2025-12-07,6,3,3,5,Western Ky.,.577,.643,.500,.533,80,.392,.483,.273,.636,53
Oregon,2025-12-07,10,0,8,1,UCLA,.333,.353,.267,.846,59,.429,.479,.318,.619,80
Drake,2025-12-07,1,6,5,1,Western Ill.,.435,.556,.269,.765,74,.448,.463,.412,.808,80
Florida St.,2025-12-03,4,5,9,0,Georgia,.361,.406,.310,.875,60,.448,.512,.333,.750,80
New Haven,2025-12-03,2,4,0,7,Siena,.328,.390,.176,.565,54,.455,.563,.304,.885,80
San Jose St.,2025-12-01,0,5,7,0,Washington,.306,.324,.280,1.000,54,.452,.475,.409,.789,80
Abilene Christ.,2025-11-29,4,2,3,3,Bradley,.538,.636,.368,.733,74,.547,.667,.391,.867,80
Butler,2025-11-29,4,3,8,0,Georgia,.333,.400,.261,.842,54,.542,.551,.500,.846,80
Columbia,2025-11-29,4,3,7,1,UNC,.458,.444,.476,.818,63,.576,.617,.417,.438,80
Cleveland St.,2025-11-28,5,1,0,6,Valparaiso,.475,.537,.350,.625,80,.308,.414,.174,.625,41
Columbia,2025-11-28,3,3,5,1,South Dakota St.,.474,.463,.500,.857,80,.415,.442,.300,.667,67
Chicago St.,2025-11-28,1,5,5,2,New Mexico,.333,.378,.200,.714,53,.411,.514,.306,.500,80
Liberty,2025-11-26,2,2,0,0,UVA Wise,.427,.556,.233,.900,80,.177,.143,.206,.750,35
UNCA,2025-11-25,2,3,1,4,Wofford,.302,.289,.333,.654,54,.446,.488,.375,.867,80
Alabama,2025-11-24,5,0,3,3,Harvard,.547,.585,.417,.773,80,.373,.415,.278,.786,60
Fort Wayne,2025-11-24,3,2,5,0,Nebraska,.389,.481,.296,.778,57,.569,.625,.444,.857,80
Ohio,2025-11-24,2,2,4,2,Wright St.,.406,.469,.344,.654,80,.377,.444,.324,.643,66
FIU,2025-11-22,1,2,3,1,Jacksonville,.369,.426,.091,.714,69,.519,.500,.563,.714,80
Niagara,2025-11-22,0,4,3,3,Radford,.364,.485,.182,.737,58,.456,.537,.250,.750,80
TCU,2025-11-20,4,0,2,3,Tarleton St.,.444,.655,.265,.750,80,.155,.175,.111,.571,32
App. St.,2025-11-20,3,1,4,0,West Virginia,.413,.483,.294,.800,51,.563,.769,.318,.576,80
Belmont,2025-11-19,2,2,2,3,Lipscomb,.435,.553,.290,.611,80,.477,.591,.364,.769,60
Bryant,2025-11-19,4,0,2,2,Merrimack,.509,.581,.250,.750,80,.431,.513,.263,.667,73
Northern Ariz.,2025-11-19,1,3,2,1,Pepperdine,.422,.449,.333,.750,74,.491,.526,.400,.815,80
Lindenwood,2025-11-17,2,1,1,2,UMKC,.516,.590,.391,.636,80,.574,.571,.583,.769,71
Army,2025-11-16,3,0,3,0,Oregon,.442,.571,.292,.400,55,.561,.614,.385,1.000,80
San Francisco,2025-11-16,1,2,1,2,UC San Diego,.471,.636,.192,.818,80,.379,.432,.273,.765,69
Arkansas,2025-11-16,4,0,4,0,Texas Tech,.385,.409,.333,.846,68,.462,.478,.421,.600,80
San Francisco,2025-11-14,1,1,1,0,Seton Hall,.417,.474,.318,.692,66,.462,.532,.278,.833,80
Fairfield,2025-11-13,2,0,2,0,South Fla.,.367,.450,.325,.852,80,.382,.396,.350,.765,72
Alabama A&M,2025-11-12,1,1,0,2,UAB,.349,.419,.167,.686,56,.491,.412,.619,.813,80
Coastal Caro.,2025-11-12,1,2,1,1,UNCW,.392,.388,.400,.632,80,.333,.421,.182,.632,56
Miami (OH),2025-11-10,2,0,1,1,Oakland,.459,.558,.222,.938,75,.469,.636,.290,.786,80
Bucknell,2025-11-09,0,1,1,0,Virginia,.288,.378,.067,.800,35,.477,.591,.238,.591,80
Longwood,2025-11-08,1,0,1,0,Western Ky.,.389,.422,.333,.882,80,.281,.417,.048,.750,42
Nebraska,2025-11-08,1,0,1,0,Samford,.508,.643,.261,.667,80,.333,.375,.296,1.000,46
Charleston,2025-11-07,1,0,0,1,Charleston So.,.364,.368,.350,.810,80,.414,.433,.393,.600,65
Coppin St.,2025-11-06,0,1,0,0,Lincoln (PA),.391,.564,.167,.636,80,.370,.424,.231,.556,47
Florida St.,2025-11-06,1,0,1,0,Ga. Southern,.389,.417,.333,.762,80,.306,.360,.182,.800,72
Mars Hill,2025-11-06,0,0,1,0,Queens (NC),.229,.225,.233,.600,48,.444,.500,.294,.633,80
Indiana,2025-11-04,0,0,0,0,Lipscomb,.500,.588,.200,.917,80,.298,.382,.174,.727,46
NC State,2025-11-04,0,0,0,0,Tennessee,.395,.424,.294,.714,80,.390,.477,.273,.571,77
Cal St Mont Bay,2025-11-03,0,0,0,0,UCSB,.300,.333,.235,.556,44,.508,.553,.435,.533,80
James Madison,2025-11-03,0,0,0,0,Kent St.,.406,.512,.250,.739,80,.254,.326,.063,.739,48
Eastern Mich.,2025-11-03,0,0,0,0,La.-Monroe,.386,.441,.304,.833,71,.484,.532,.333,.750,80
Loyola (MD),2025-11-03,0,0,0,0,Maryland,.200,.192,.211,.667,26,.509,.531,.476,.762,80
TCU,2026-03-28 NCAA,31,5,22,11,Virginia,.517,.571,.389,.833,79,.410,.395,.444,.647,69
Fairfield,2026-03-21 NCAA,28,4,22,10,Notre Dame,.383,.412,.346,.625,60,.469,.471,.462,.722,79
Kansas,2026-03-19,19,13,25,7,Troy,.429,.500,.318,.706,79,.362,.452,.222,.737,70
Air Force,2026-03-19,16,18,22,10,Northern Colo.,.403,.452,.320,.769,72,.600,.697,.412,.706,79
FDU,2026-03-15,29,4,21,10,LIU,.517,.512,.526,.636,79,.345,.343,.350,.857,57
Charleston,2026-03-14,25,5,18,14,Stony Brook,.485,.511,.429,1.000,79,.429,.531,.235,.500,49
Eastern Wash.,2026-03-10,15,17,24,6,Montana St.,.491,.641,.167,.857,77,.377,.442,.240,.714,79
Fresno St.,2026-03-08,15,17,20,10,UNLV,.436,.486,.350,.833,65,.500,.519,.480,.750,79
High Point,2026-03-07,25,5,15,16,Winthrop,.458,.487,.400,.630,79,.364,.410,.250,.792,63
James Madison,2026-03-07,23,8,16,17,South Ala.,.604,.714,.450,1.000,79,.352,.457,.158,.765,54
LIU,2026-03-05,18,10,13,15,Wagner,.456,.474,.421,.731,79,.358,.418,.083,.786,71
Memphis,2026-03-04,9,20,10,18,UAB,.408,.420,.381,.714,76,.446,.395,.545,.818,79
La.-Monroe,2026-03-04,14,15,5,25,Louisiana,.469,.511,.353,.929,79,.404,.476,.200,.875,63
Ga Tech,2026-03-01,12,17,16,12,Miami (FL),.467,.541,.348,.789,79,.309,.362,.190,.600,49
American,2026-02-28,6,21,9,18,Boston U.,.384,.426,.308,.667,76,.423,.421,.429,.765,79
Dayton,2026-02-28,15,13,8,21,VCU,.492,.524,.421,.733,79,.410,.450,.333,.500,62
Florida A&M,2026-02-28,7,20,11,17,Grambling,.365,.404,.250,.750,65,.491,.511,.400,.808,79
Jacksonville,2026-02-27,20,8,9,19,North Florida,.452,.561,.238,.692,79,.377,.378,.375,.667,71
Cal Baptist,2026-02-26,17,10,10,17,UTA,.450,.615,.143,.759,79,.387,.333,.529,.652,72
Miami (FL),2026-02-26,15,12,8,21,Pitt,.478,.492,.375,.714,79,.373,.371,.375,.714,58
Georgia,2026-02-26,21,7,26,3,Texas,.378,.433,.267,.667,50,.528,.553,.333,.875,79
SIU Edwardsville,2026-02-26,14,14,23,4,Western Ill.,.362,.375,.346,.667,61,.558,.632,.357,.842,79
Indiana,2026-02-25,15,13,9,18,Rutgers,.491,.556,.423,.842,79,.439,.556,.238,.933,69
Maryland,2026-02-25,22,6,8,19,Northwestern,.442,.554,.143,.571,79,.434,.488,.200,.692,57
Boston College,2026-02-22,5,24,13,14,Wake Forest,.344,.364,.323,.733,65,.528,.615,.444,.786,79
Davidson,2026-02-21,17,11,14,12,Dayton,.517,.579,.400,.688,79,.407,.476,.167,.778,67
Oregon St.,2026-02-21,19,9,5,23,Washington St.,.444,.442,.450,.778,79,.313,.353,.188,.750,51
Drake,2026-02-19,7,17,0,26,Valparaiso,.433,.429,.444,.760,79,.364,.424,.303,.714,68
Denver,2026-02-18,9,17,7,19,UMKC,.619,.682,.550,.696,79,.358,.400,.235,.611,63
Rice,2026-02-17,22,3,16,10,South Fla.,.525,.600,.286,.765,79,.400,.436,.200,.947,72
Ill.-Chicago,2026-02-15,11,13,21,3,Murray St.,.451,.500,.182,.786,77,.466,.543,.348,.773,79
NC State,2026-02-15,17,7,15,9,Notre Dame,.482,.558,.231,.833,67,.439,.468,.368,.875,79
Alabama,2026-02-15,20,5,18,6,Oklahoma,.431,.543,.300,.750,71,.540,.652,.235,.583,79
Pitt,2026-02-15,8,18,8,17,SMU,.431,.463,.333,.769,78,.431,.415,.458,.571,79
Alabama St.,2026-02-14,11,12,9,13,Ark-Pine Bluff,.500,.618,.300,.826,79,.342,.364,.278,.615,71
UC Riverside,2026-02-14,8,16,17,7,UC San Diego,.412,.467,.333,.826,68,.500,.462,.636,.667,79
East Carolina,2026-02-14,18,7,10,13,Temple,.435,.488,.316,.826,79,.426,.500,.235,.895,73
Merrimack,2026-02-14,14,10,11,13,Siena,.453,.500,.350,.875,79,.301,.368,.063,.750,60
Morehead St.,2026-02-14,15,11,4,20,Tennessee St.,.379,.394,.364,.810,79,.362,.438,.200,.727,53
George Mason,2026-02-14,16,7,22,2,Rhode Island,.315,.344,.111,.842,63,.566,.622,.250,.895,79
LSU,2026-02-14,22,3,24,2,South Carolina,.400,.448,.167,.609,72,.424,.408,.471,.882,79
Delaware,2026-02-14,12,12,10,13,UTEP,.469,.464,.476,.842,72,.523,.558,.385,.545,79
Bradley,2026-02-13,16,8,6,18,Evansville,.415,.447,.370,.682,79,.466,.538,.316,.889,68
Indiana,2026-02-12,14,11,15,9,USC,.481,.515,.421,.833,73,.375,.467,.158,.800,79
Stanford,2026-02-12,16,9,18,7,Virginia Tech,.379,.429,.292,.769,67,.465,.446,.533,.625,79
American,2026-02-11,6,17,12,10,Lehigh,.404,.444,.273,.714,51,.491,.565,.438,.786,79
Fla. Atlantic,2026-02-10,10,13,5,19,Wichita St.,.500,.590,.294,.750,79,.417,.474,.200,.636,77
Iowa St.,2026-02-07,18,5,16,7,Utah,.459,.486,.417,.722,79,.381,.452,.313,.609,72
Bellarmine,2026-02-05,2,21,10,11,Fla. Gulf Coast,.326,.286,.400,.500,40,.462,.531,.394,.600,79
Idaho St.,2026-02-05,14,7,7,16,Northern Ariz.,.437,.500,.235,.722,79,.415,.500,.304,.792,70
Mercyhurst,2026-02-05,7,14,2,19,SFU,.509,.656,.304,1.000,79,.429,.500,.348,.818,59
Milwaukee,2026-02-05,8,16,16,7,Youngstown St.,.273,.293,.240,.750,48,.391,.400,.382,.923,79
Fresno St.,2026-02-04,10,13,3,19,San Jose St.,.411,.417,.400,.750,79,.296,.355,.217,.619,50
UNCW,2026-02-01,5,15,10,9,William & Mary,.393,.432,.333,.632,68,.443,.467,.400,.700,79
Le Moyne,2026-01-31,5,17,7,13,Stonehill,.317,.385,.208,.818,54,.478,.490,.444,.583,79
New Mexico St.,2026-01-31,7,13,9,10,UTEP,.424,.513,.250,.824,69,.407,.450,.316,.806,79
Delaware,2026-01-30,9,10,12,7,Missouri St.,.273,.308,.143,.727,54,.444,.500,.316,.895,79
Belmont,2026-01-29,11,8,5,15,Evansville,.280,.286,.269,.750,79,.366,.395,.321,.750,73
Murray St.,2026-01-29,17,3,6,12,Southern Ill.,.440,.520,.360,.867,79,.516,.538,.400,.636,75
Kansas,2026-01-29,13,8,19,2,TCU,.500,.591,.167,.792,77,.500,.500,.500,.684,79
Elon,2026-01-26,8,10,8,10,Hampton,.456,.490,.353,.846,79,.382,.452,.292,.444,53
Colorado,2026-01-25,12,7,16,4,Oklahoma St.,.569,.615,.417,.800,79,.354,.450,.200,.609,65
Dayton,2026-01-25,10,9,17,2,Rhode Island,.433,.447,.385,.818,66,.413,.444,.333,.808,79
North Dakota St.,2026-01-24,17,2,15,5,South Dakota,.460,.489,.375,.714,79,.345,.357,.308,.778,56
Bradley,2026-01-23,11,7,0,19,Valparaiso,.397,.400,.395,.778,79,.222,.250,.167,.800,39
Idaho St.,2026-01-22,11,6,13,4,Montana St.,.577,.590,.538,.800,79,.323,.407,.257,.524,60
Central Ark.,2026-01-17,9,8,6,10,North Florida,.481,.485,.476,.895,79,.352,.409,.259,.682,72
App. St.,2026-01-17,8,8,7,11,Georgia St.,.423,.654,.192,.533,57,.581,.708,.421,.700,79
Louisiana Tech,2026-01-17,10,5,5,11,Western Ky.,.508,.594,.407,.889,79,.446,.463,.400,.643,65
Buffalo,2026-01-17,2,14,12,3,Massachusetts,.385,.500,.241,.625,67,.464,.500,.333,.667,79
Fla. Atlantic,2026-01-16,8,9,8,7,UTSA,.278,.324,.176,.750,42,.537,.543,.526,.917,79
LIU,2026-01-15,9,6,5,12,Le Moyne,.482,.448,.519,.917,79,.535,.533,.538,.833,68
Louisville,2026-01-15,16,3,12,4,Notre Dame,.484,.500,.438,.750,79,.391,.333,.563,.700,66
SMU,2026-01-15,7,10,13,5,Virginia Tech,.222,.250,.167,.789,42,.423,.426,.412,.800,79
East Carolina,2026-01-13,11,6,11,4,Tulsa,.448,.475,.407,.667,79,.321,.333,.300,.667,48
Baylor,2026-01-11,14,3,11,5,Kansas,.412,.568,.226,.842,79,.453,.563,.286,.769,64
Bradley,2026-01-11,9,6,5,9,Indiana St.,.522,.591,.458,.769,79,.422,.408,.467,.929,74
Syracuse,2026-01-11,13,3,13,3,Virginia,.483,.442,.600,.824,79,.421,.556,.190,.615,60
Towson,2026-01-11,9,5,5,9,UNCW,.448,.514,.348,.864,79,.368,.451,.118,.727,68
BYU,2026-01-10,13,3,6,9,Houston,.462,.543,.367,.667,79,.367,.364,.375,.778,64
Akron,2026-01-10,3,12,11,4,Miami (OH),.315,.286,.346,.542,56,.558,.656,.400,.765,79
New Orleans,2026-01-10,1,13,7,6,Nicholls St.,.364,.359,.375,.563,64,.351,.382,.263,.786,79
Minnesota,2026-01-08,10,4,6,9,Northwestern,.500,.614,.250,.714,79,.291,.310,.269,.667,47
George Washington,2026-01-07,9,7,12,2,Rhode Island,.492,.561,.333,.750,70,.509,.529,.333,.864,79
Cincinnati,2026-01-03,5,9,10,4,Colorado,.389,.400,.368,.792,68,.441,.458,.364,.719,79
Georgia,2026-01-01,14,0,13,2,Ole Miss,.473,.535,.250,.636,62,.403,.488,.238,.857,79
Kansas,2026-01-01,10,3,11,2,West Virginia,.510,.514,.500,.833,72,.500,.519,.481,.800,79
Cincinnati,2025-12-31,5,8,7,7,Kansas St.,.308,.362,.167,.600,52,.433,.455,.412,.500,79
Buffalo,2025-12-31,2,9,5,5,Toledo,.300,.328,.167,.286,46,.459,.564,.273,.630,79
Ga Tech,2025-12-28,4,9,5,7,Wofford,.508,.568,.368,.571,79,.309,.286,.333,.769,63
Grand Canyon,2025-12-28,1,10,2,10,San Jose St.,.469,.526,.385,.600,79,.288,.297,.273,.613,59
Arizona St.,2025-12-21,13,0,9,3,Colorado,.591,.594,.583,.870,79,.441,.489,.286,.700,63
Iowa St.,2025-12-21,12,0,10,2,Kansas,.550,.596,.250,.917,79,.491,.441,.571,.769,76
Radford,2025-12-21,8,6,10,3,Virginia Tech,.250,.216,.353,.583,47,.457,.500,.313,.500,79
La.-Monroe,2025-12-20,6,5,4,6,Texas St.,.391,.360,.500,.632,69,.580,.610,.444,.739,79
Point Park,2025-12-19,0,0,8,2,Robert Morris,.188,.216,.148,.125,29,.390,.532,.167,.778,79
Incarnate Word,2025-12-18,3,5,0,9,New Orleans,.528,.581,.455,.591,79,.314,.405,.179,.864,68
Norfolk St.,2025-12-18,5,8,9,1,Ohio St.,.305,.333,.182,.438,45,.435,.524,.296,.688,79
SE Missouri St,2025-12-18,3,5,7,2,Tennessee Tech,.397,.511,.063,.556,66,.377,.395,.355,.727,79
Florida St.,2025-12-18,4,8,9,3,Virginia Tech,.286,.293,.267,.600,54,.444,.538,.200,.688,79
Arkansas St.,2025-12-17,8,3,6,4,La.-Monroe,.394,.423,.375,.667,79,.429,.438,.375,.583,58
IU Columbus,2025-12-17,0,0,3,7,IU Indy,.390,.444,.286,.667,40,.500,.529,.333,.640,79
Mayville St,2025-12-17,0,0,1,10,North Dakota,.203,.255,.059,.500,30,.400,.417,.382,.909,79
Colorado,2025-12-16,8,3,8,2,Northern Colo.,.508,.610,.278,.636,79,.463,.537,.231,.692,62
Oral Roberts,2025-12-16,5,5,2,9,Wichita St.,.348,.370,.304,.909,65,.547,.605,.400,.750,79
UConn,2025-12-13,9,0,7,2,USC,.477,.522,.368,.667,79,.302,.353,.211,.750,51
Green Bay,2025-12-13,8,3,8,1,Washington,.483,.512,.412,.733,74,.509,.536,.483,.500,79
Lafayette,2025-12-07,4,5,2,6,Marist,.459,.485,.429,.615,76,.389,.380,.409,.737,79
Northwestern,2025-12-07,6,2,6,1,Ohio St.,.433,.449,.389,1.000,70,.412,.480,.222,.864,79
Iowa,2025-12-06,8,0,7,2,Rutgers,.492,.500,.462,.500,79,.219,.250,.083,.538,36
North Dakota St.,2025-12-06,6,2,2,6,Weber St.,.509,.512,.500,.800,79,.479,.444,.583,.864,72
Miss. St.,2025-12-04,7,1,6,4,Pitt,.452,.510,.318,.667,79,.220,.143,.412,.579,44
Louisville,2025-12-04,7,2,7,1,South Carolina,.477,.524,.391,.600,77,.492,.489,.500,.647,79
Texas,2025-12-04,8,0,8,1,UNC,.460,.463,.444,.810,79,.469,.553,.182,.800,64
Saint Mary's,2025-12-02,5,3,5,2,USC,.268,.321,.154,.900,33,.464,.600,.308,.760,79
Morgan St.,2025-12-02,1,8,2,3,Toledo,.386,.400,.333,.818,66,.500,.600,.200,.615,79
Alabama,2025-12-01,7,0,4,2,Kennesaw St.,.464,.528,.350,.645,79,.375,.389,.300,.636,65
Northeastern,2025-11-28,3,4,5,2,Rutgers,.418,.425,.400,.400,56,.441,.487,.350,.769,79
Green Bay,2025-11-27,5,1,3,3,NC State,.397,.417,.370,.583,67,.478,.510,.389,.500,79
Houston Christian,2025-11-26,2,3,0,5,New Orleans,.547,.615,.481,.667,79,.397,.426,.313,.786,66
Northern Ariz.,2025-11-26,1,5,1,3,UNI,.348,.395,.261,.571,60,.452,.517,.394,.909,79
Arkansas,2025-11-25,5,1,1,3,Drake,.446,.522,.263,.727,79,.491,.667,.296,.727,72
Fairfield,2025-11-25,3,1,2,3,New Haven,.473,.500,.452,.929,79,.460,.500,.375,.800,60
Eastern Wash.,2025-11-23,2,2,2,3,Gonzaga,.358,.409,.261,.500,60,.508,.611,.348,1.000,79
Miami (OH),2025-11-23,4,1,2,2,Purdue,.439,.480,.406,.833,68,.528,.531,.524,.750,79
BYU,2025-11-22,5,0,2,3,Weber St.,.462,.500,.409,.815,79,.431,.583,.182,.727,62
George Washington,2025-11-21,1,3,2,2,Georgetown,.372,.419,.250,.750,50,.446,.500,.333,.885,79
FIU,2025-11-18,1,1,1,1,UCF,.351,.349,.357,.640,61,.466,.526,.350,.900,79
Maine,2025-11-17,0,3,3,1,Stonehill,.464,.542,.286,.600,79,.364,.395,.294,.533,53
DePaul,2025-11-17,1,2,3,0,Northwestern,.389,.500,.167,.571,72,.537,.568,.400,.680,79
Chattanooga,2025-11-16,2,2,1,2,UAB,.397,.475,.222,.667,66,.451,.469,.421,.893,79
Ark-Pine Bluff,2025-11-16,1,2,4,0,La.-Monroe,.447,.480,.385,.733,50,.419,.389,.462,.625,79
Pacific,2025-11-16,1,2,2,0,Seton Hall,.386,.458,.300,.810,57,.460,.583,.296,.765,79
Fisk,2025-11-16,0,1,0,2,UT Martin,.226,.273,.150,.750,39,.444,.487,.375,.636,79
Arizona St.,2025-11-13,2,0,1,2,San Diego,.517,.444,.636,.714,79,.291,.263,.353,.500,47
Fla. Atlantic,2025-11-13,2,0,2,0,Miami (FL),.304,.367,.231,.583,47,.542,.568,.467,.500,79
Tarleton St.,2025-11-13,2,1,1,0,Texas A&M,.400,.423,.375,.682,64,.458,.535,.250,.636,79
Kent St.,2025-11-10,0,2,0,0,Walsh,.424,.533,.310,.690,79,.407,.517,.280,.400,55
Prairie View,2025-11-09,0,1,1,0,Tulsa,.371,.375,.364,.500,59,.429,.512,.273,.633,79
Murray St.,2025-11-07,0,0,1,0,Southern Ind.,.423,.515,.263,.882,79,.421,.474,.263,.615,77
Rice,2025-11-07,0,0,1,0,South Dakota St.,.319,.347,.261,.867,65,.424,.488,.250,.735,79
LIU,2025-11-07,1,0,1,0,South Fla.,.433,.429,.440,.600,72,.431,.475,.182,.652,79
Santa Clara,2025-11-06,1,0,1,0,Stanford,.333,.342,.318,.688,58,.419,.375,.500,.727,79
Texas Tech,2025-11-06,1,0,0,0,UTSA,.426,.484,.367,.640,79,.269,.333,.182,.714,52
Oakland,2025-11-05,1,0,0,0,Wisconsin,.366,.357,.379,.625,68,.500,.611,.333,.786,79
Louisville,2025-11-04,0,0,0,0,UConn,.344,.350,.333,.824,66,.449,.596,.154,.625,79
Rutgers,2025-11-03,0,0,0,0,Wagner,.348,.405,.259,.600,79,.250,.310,.111,.750,50
South Carolina,2026-03-30 NCAA,34,3,32,5,TCU,.471,.443,.667,.750,78,.333,.333,.333,.750,52
Lamar,2026-03-22,20,10,19,14,Portland,.361,.326,.467,.850,68,.472,.462,.500,.778,78
Montana,2026-03-08,9,21,23,6,Montana St.,.404,.394,.421,.700,57,.423,.426,.417,.889,78
South Carolina,2026-03-08,31,2,30,3,Texas,.469,.541,.250,.522,61,.540,.536,.571,.667,78
Ball St.,2026-03-07,24,6,15,13,Toledo,.470,.549,.200,.591,78,.348,.349,.348,.708,71
Belmont,2026-03-07,19,11,14,16,Ill.-Chicago,.508,.619,.286,.667,78,.400,.446,.214,.917,70
Cornell,2026-03-07,8,18,10,16,Dartmouth,.550,.591,.438,.625,78,.358,.444,.269,.727,53
Princeton,2026-03-07,23,3,7,19,Yale,.569,.625,.364,.889,78,.429,.409,.600,.833,55
UCLA,2026-03-06,28,1,21,9,Washington,.540,.623,.100,.750,78,.453,.581,.273,.750,60
Ill.-Chicago,2026-03-05,14,15,26,3,Murray St.,.550,.615,.125,.692,76,.509,.583,.353,.783,78
Cal,2026-03-01,17,13,9,20,SMU,.452,.406,.500,.875,78,.200,.229,.083,.643,34
Illinois,2026-03-01,19,9,21,7,Minnesota,.441,.400,.526,.786,73,.474,.489,.400,.833,78
Ga. Southern,2026-02-27,22,6,23,7,Marshall,.410,.375,.476,.818,78,.439,.531,.176,.579,72
Illinois St.,2026-02-26,16,11,9,16,Southern Ill.,.500,.595,.214,.731,78,.474,.520,.143,.714,60
Eastern Mich.,2026-02-25,12,13,22,5,Miami (OH),.414,.500,.222,.615,60,.434,.500,.379,.724,78
Pitt,2026-02-22,8,20,22,6,UNC,.306,.364,.167,.750,50,.397,.417,.378,.667,78
Abilene Christ.,2026-02-22,19,7,18,8,Southern Utah,.359,.317,.435,.824,70,.508,.553,.357,.917,78
Arkansas,2026-02-22,11,17,11,11,Texas A&M,.333,.356,.278,.769,57,.484,.579,.346,.538,78
MVSU,2026-02-21,5,19,9,17,Texas Southern,.417,.559,.231,.579,78,.369,.380,.333,.478,64
LSU,2026-02-19,22,4,21,6,Ole Miss,.483,.521,.333,.800,78,.348,.320,.438,.708,70
Loyola Marymount,2026-02-19,17,8,5,20,Seattle,.394,.431,.267,.917,78,.429,.500,.286,.700,54
Notre Dame,2026-02-19,16,9,13,13,Wake Forest,.517,.548,.444,.889,78,.396,.519,.238,.611,54
Arizona,2026-02-17,11,14,18,8,Colorado,.481,.474,.500,.722,70,.545,.587,.333,.750,78
Lindenwood,2026-02-14,19,7,8,16,SE Missouri St,.475,.611,.261,.762,78,.509,.600,.333,.467,67
LIU,2026-02-14,15,8,7,16,New Haven,.467,.625,.150,.731,78,.389,.426,.278,.813,74
Nevada,2026-02-14,8,16,19,4,San Diego St.,.403,.467,.235,1.000,64,.517,.636,.360,.600,78
Southern Utah,2026-02-14,16,8,10,14,UTA,.519,.568,.400,.667,78,.446,.490,.000,.773,67
Detroit Mercy,2026-02-12,5,18,7,18,Wright St.,.406,.511,.158,.667,61,.429,.350,.565,.688,78
Villanova,2026-02-11,19,5,11,13,Xavier,.458,.564,.333,.250,78,.277,.300,.259,.833,38
Maryland,2026-02-07,18,6,16,7,Nebraska,.500,.605,.333,.727,78,.393,.419,.360,.778,60
Ga. Southern,2026-02-07,17,5,18,4,Miami (OH),.436,.439,.429,.722,67,.509,.524,.467,.813,78
Pepperdine,2026-02-07,14,9,5,20,Washington St.,.508,.600,.316,.923,78,.426,.425,.429,.769,62
Arkansas St.,2026-02-04,19,4,11,12,Coastal Caro.,.302,.158,.364,.828,78,.418,.481,.357,.700,70
Cleveland St.,2026-02-04,17,7,8,13,IU Indy,.455,.556,.263,.682,70,.492,.500,.474,.563,78
Marquette,2026-02-04,15,7,10,13,Providence,.517,.575,.389,.917,78,.353,.380,.278,.667,61
Evansville,2026-02-01,5,16,7,13,Indiana St.,.381,.462,.250,.808,75,.377,.455,.176,.744,78
Notre Dame,2026-02-01,13,8,15,7,Stanford,.500,.607,.000,.667,78,.379,.457,.200,.800,66
Oklahoma,2026-02-01,17,4,20,2,Texas,.448,.541,.286,.600,70,.508,.521,.455,.591,78
Alabama St.,2026-01-31,8,11,3,18,Bethune-Cookman,.596,.684,.357,.579,78,.435,.469,.357,.882,60
Central Conn St,2026-01-31,0,20,12,8,LIU,.352,.360,.250,.688,50,.418,.538,.250,.938,78
Belmont,2026-01-31,12,8,18,3,Murray St.,.429,.426,.438,.556,71,.422,.500,.308,.800,78
NW St.,2026-01-31,10,9,1,19,New Orleans,.551,.560,.542,.733,78,.338,.400,.200,.765,61
App. St.,2026-01-30,10,10,9,12,La.-Monroe,.411,.486,.286,.750,70,.492,.563,.267,.667,78
FDU,2026-01-29,17,4,7,12,Stonehill,.564,.632,.412,.818,78,.333,.333,.333,.875,54
Cal,2026-01-25,11,9,15,5,Stanford,.473,.514,.400,.692,78,.342,.364,.286,.929,71
NC State,2026-01-24,13,6,14,5,Virginia,.364,.385,.286,.813,78,.390,.367,.429,.500,76
Georgia St.,2026-01-22,8,11,9,8,South Ala.,.375,.404,.294,.676,78,.386,.517,.250,.800,75
Morgan St.,2026-01-22,3,17,8,11,Norfolk St.,.344,.404,.143,.800,52,.460,.550,.304,.813,78
Ball St.,2026-01-21,14,4,13,3,Massachusetts,.474,.645,.269,.630,78,.355,.370,.313,.611,60
Air Force,2026-01-21,8,10,12,6,UNLV,.284,.372,.125,.750,47,.526,.641,.278,.722,78
Longwood,2026-01-21,13,5,11,9,Radford,.333,.298,.421,.786,63,.508,.548,.412,.647,78
Rice,2026-01-20,15,3,12,5,Tulsa,.420,.467,.333,.750,78,.377,.467,.125,.692,66
Clemson,2026-01-18,12,6,12,7,Wake Forest,.417,.412,.423,.810,78,.475,.462,.500,.556,71
Ball St.,2026-01-17,13,4,5,10,Western Mich.,.566,.629,.444,.714,78,.300,.278,.333,.813,57
Bryant,2026-01-17,14,4,12,6,NJIT,.307,.365,.174,.789,65,.491,.632,.176,.677,78
Arizona,2026-01-17,10,6,17,1,TCU,.421,.417,.444,.833,62,.426,.594,.241,.905,78
Lindenwood,2026-01-15,12,5,5,10,SE Missouri St,.517,.553,.450,.692,78,.424,.472,.348,.889,66
Northern Ariz.,2026-01-15,6,11,8,8,Sacramento St.,.345,.389,.273,.722,59,.492,.529,.440,.600,78
Southeastern LA,2026-01-15,2,12,8,8,UTRGV,.338,.342,.333,.900,65,.493,.640,.105,.533,78
San Jose St.,2026-01-14,2,15,11,5,UNLV,.340,.542,.172,.750,50,.403,.436,.364,.727,78
Wright St.,2026-01-14,6,12,12,5,Youngstown St.,.373,.420,.235,.867,67,.439,.551,.118,.857,78
Purdue,2026-01-11,9,7,12,3,Washington,.424,.525,.269,.789,78,.400,.423,.333,1.000,72
Boston College,2026-01-11,4,14,12,5,Virginia Tech,.350,.310,.455,.742,56,.509,.622,.278,.895,78
High Point,2026-01-10,14,2,9,8,Radford,.459,.528,.360,.684,78,.229,.304,.083,.500,40
Eastern Mich.,2026-01-10,7,6,5,10,Kent St.,.449,.556,.318,.538,65,.464,.500,.357,.724,78
Incarnate Word,2026-01-10,6,7,7,6,Lamar,.279,.370,.206,.808,62,.553,.528,.636,.704,78
Belmont,2026-01-09,8,7,4,9,Drake,.474,.543,.364,.727,78,.406,.474,.308,.692,69
Long Beach State,2026-01-08,1,12,13,2,UC Irvine,.407,.462,.357,.714,59,.387,.351,.440,.792,78
Cal,2026-01-08,9,7,9,6,Duke,.450,.521,.167,.857,74,.418,.471,.250,.857,78
Green Bay,2026-01-08,11,5,4,11,Oakland,.577,.667,.375,.600,78,.417,.514,.261,.778,63
Indiana,2026-01-08,11,5,13,2,Nebraska,.509,.568,.308,.846,73,.418,.435,.381,.737,78
Oregon St.,2026-01-08,11,5,3,14,Washington St.,.508,.538,.385,.538,78,.431,.449,.375,1.000,64
Ga. Southern,2026-01-07,10,4,11,5,James Madison,.552,.683,.235,.588,78,.431,.478,.250,.607,70
Illinois,2026-01-07,13,2,13,2,Ohio St.,.424,.491,.154,.917,69,.483,.556,.267,.800,78
Kennesaw St.,2026-01-04,7,5,4,8,Western Ky.,.545,.625,.435,.889,78,.447,.393,.526,.667,64
Nebraska,2026-01-04,12,2,8,6,Purdue,.511,.429,.632,.783,78,.442,.469,.400,.667,62
Fordham,2026-01-03,8,5,10,3,Saint Joseph's,.306,.341,.238,.462,49,.529,.645,.350,.680,78
Belmont,2026-01-02,6,7,8,4,Bradley,.475,.556,.348,.700,78,.317,.343,.286,.563,57
High Point,2025-12-31,11,2,5,8,UNCA,.438,.531,.250,.615,78,.318,.356,.238,.571,51
Drake,2025-12-29,2,9,6,6,Ill.-Chicago,.484,.463,.522,.571,78,.407,.469,.100,.722,62
Bushnell,2025-12-29,0,0,6,6,Eastern Wash.,.288,.353,.167,.500,37,.423,.468,.333,.588,78
Md.-East. Shore,2025-12-29,7,8,8,3,Penn,.297,.293,.304,.632,57,.474,.553,.316,.750,78
Southern Utah,2025-12-29,8,4,5,5,Utah Tech,.355,.357,.350,.607,78,.412,.500,.304,.579,60
Gardner-Webb,2025-12-22,3,10,10,3,Wake Forest,.379,.438,.324,.833,66,.577,.655,.478,.538,78
Holy Cross,2025-12-21,5,5,5,6,Mass.-Lowell,.557,.692,.318,.750,78,.392,.400,.381,1.000,56
Ball St.,2025-12-20,8,4,6,4,Eastern Mich.,.510,.484,.550,.682,78,.500,.531,.462,.500,74
Penn St.,2025-12-20,6,4,4,8,VCU,.392,.452,.313,.588,78,.429,.467,.333,.600,66
Morehead St.,2025-12-20,4,7,7,2,Southern Ind.,.465,.600,.278,.609,59,.406,.463,.304,.731,78
Davidson,2025-12-19,8,4,1,12,Morgan St.,.527,.516,.542,.389,78,.295,.314,.222,.500,34
FIU,2025-12-19,5,3,7,3,Youngstown St.,.477,.583,.176,.565,78,.349,.405,.238,.706,61
Manhattan,2025-12-19,0,9,5,4,Quinnipiac,.232,.231,.235,.600,39,.444,.457,.429,.667,78
Charleston So.,2025-12-17,2,7,7,4,Clemson,.400,.593,.214,.500,52,.500,.576,.407,.467,78
Morgan St.,2025-12-14,1,10,7,3,UCF,.370,.325,.500,.818,56,.537,.636,.100,.760,78
James Madison,2025-12-14,8,3,7,2,Notre Dame,.407,.432,.333,.706,65,.460,.500,.368,.722,78
Ball St.,2025-12-14,8,3,9,2,South Dakota St.,.444,.606,.190,.778,59,.458,.500,.400,.824,78
Cal,2025-12-14,8,3,8,2,Stanford,.368,.417,.250,.737,69,.439,.404,.571,.923,78
DePaul,2025-12-11,2,8,4,5,Mass.-Lowell,.471,.537,.250,.667,78,.408,.533,.211,.500,48
Bellarmine,2025-12-07,2,8,4,5,Chattanooga,.431,.367,.524,.857,73,.500,.548,.440,.733,78
App. St.,2025-12-07,6,2,5,4,Clemson,.434,.450,.385,.727,59,.543,.621,.412,.913,78
SMU,2025-12-07,4,5,7,1,Syracuse,.421,.413,.455,.762,69,.453,.500,.393,.750,78
UNCW,2025-12-07,3,4,6,4,Winthrop,.379,.452,.188,.677,68,.415,.435,.368,.680,78
Michigan St.,2025-12-07,8,0,6,3,Wisconsin,.381,.463,.227,.611,64,.475,.486,.458,.688,78
Arkansas St.,2025-12-06,6,3,3,4,UT Martin,.380,.577,.267,.706,78,.490,.556,.308,.700,66
Illinois,2025-12-06,7,1,8,1,Indiana,.479,.526,.286,1.000,78,.358,.364,.350,1.000,57
Arkansas,2025-12-04,7,2,3,5,SMU,.289,.288,.292,.667,63,.478,.583,.238,.583,78
Howard,2025-11-30,6,2,5,1,Syracuse,.377,.404,.222,.778,62,.508,.574,.286,.632,78
Oakwood,2025-11-30,0,0,1,4,UT Martin,.327,.357,.231,.636,53,.426,.556,.174,.727,78
Arizona,2025-11-29,5,0,2,4,Cal St Bakersfield,.500,.551,.273,.682,78,.338,.371,.300,.667,63
Montana,2025-11-29,1,4,4,3,Utah,.172,.190,.162,.923,38,.449,.529,.371,.750,78
Oregon St.,2025-11-29,5,2,5,2,Virginia Tech,.364,.358,.385,.824,67,.483,.561,.316,.875,78
Colorado St.,2025-11-28,6,0,3,2,Texas Southern,.429,.487,.333,.593,78,.277,.333,.229,.526,54
Penn,2025-11-28,4,2,0,1,St. Thomas (TX),.424,.424,.424,.800,78,.333,.333,.333,.619,44
Morehead St.,2025-11-22,1,3,2,4,USC Upstate,.375,.444,.324,.783,78,.421,.432,.400,.571,64
Texas A&M,2025-11-22,3,0,3,1,VCU,.432,.467,.286,.556,78,.361,.378,.313,.773,66
Cal St Fullerton,2025-11-21,1,3,4,1,Sacramento St.,.319,.367,.200,.769,58,.500,.667,.250,.923,78
Jackson St.,2025-11-19,1,2,2,2,Mercer,.365,.373,.333,.818,68,.481,.475,.500,.704,78
Portland,2025-11-18,2,1,2,1,USC,.322,.359,.250,.533,51,.403,.423,.360,.583,78
Cal Poly,2025-11-17,1,2,1,2,Eastern Wash.,.327,.333,.316,.818,67,.420,.467,.350,.707,78
South Carolina St.,2025-11-17,2,1,1,3,USC Upstate,.362,.432,.240,.722,69,.533,.560,.500,.714,78
Oral Roberts,2025-11-17,2,2,3,0,Tulsa,.375,.426,.235,.654,69,.449,.486,.357,.707,78
Holy Cross,2025-11-16,2,1,0,3,Marist,.420,.490,.250,.636,77,.452,.439,.476,.923,78
Syracuse,2025-11-16,3,0,1,2,Wagner,.403,.422,.364,.762,78,.207,.244,.077,.667,29
Cal St Bakersfield,2025-11-15,0,3,2,1,San Diego St.,.286,.294,.267,.571,48,.410,.548,.267,.741,78
Tennessee St.,2025-11-14,0,3,1,2,UTA,.352,.390,.231,.567,58,.543,.600,.438,.778,78
American,2025-11-13,1,0,2,1,Clemson,.271,.259,.286,.750,38,.475,.517,.438,.667,78
UCLA,2025-11-13,3,0,2,0,UNC,.525,.634,.300,.727,78,.348,.417,.273,.600,60
Bradley,2025-11-12,1,0,1,1,DePaul,.439,.486,.350,.808,78,.365,.429,.167,.438,64
Ark-Pine Bluff,2025-11-12,1,1,1,1,Sam Houston,.354,.390,.143,.643,44,.420,.469,.300,.667,78
Fresno St.,2025-11-11,2,0,1,2,Seattle,.516,.547,.333,.688,78,.447,.571,.100,.750,53
N.M. Highlands,2025-11-11,0,0,0,1,New Mexico St.,.320,.385,.174,.563,61,.527,.578,.300,.850,78
NJIT,2025-11-11,2,0,1,1,Wagner,.460,.553,.320,.667,78,.323,.320,.333,.583,58
Georgia,2025-11-10,2,0,1,1,USC Upstate,.500,.541,.421,.700,78,.432,.478,.357,.636,44
Detroit Mercy,2025-11-08,0,0,0,1,Valparaiso,.412,.458,.300,.615,78,.286,.308,.250,.462,48
Northern Ariz.,2025-11-08,0,1,0,0,Utah Tech,.433,.431,.438,.571,73,.433,.500,.357,.593,78
N.C. Central,2025-11-07,0,1,0,1,UNCW,.400,.429,.333,.519,68,.434,.500,.333,.694,78
Presbyterian,2025-11-06,1,0,1,0,Wake Forest,.227,.200,.286,.385,41,.509,.575,.333,.739,78
Frostburg St.,2025-11-04,0,0,0,0,Liberty,.358,.414,.292,1.000,49,.426,.553,.267,.750,78
Central Ark.,2025-11-03,0,0,0,0,Missouri,.406,.526,.258,.583,71,.435,.536,.278,.733,78
Ill.-Chicago,2025-11-03,0,0,0,0,Robert Morris,.391,.480,.071,.600,63,.533,.625,.350,.636,78
Creighton,2025-11-03,0,0,0,0,South Dakota St.,.333,.375,.276,.800,62,.533,.553,.462,.889,78
N.C. A&T,2025-11-03,0,0,0,0,Texas Tech,.212,.273,.105,.727,40,.438,.583,.250,.833,78
Michigan,2026-03-30 NCAA,28,6,34,3,Texas,.228,.262,.133,.929,41,.469,.600,.158,.636,77
Abilene Christ.,2026-03-24,23,10,21,11,FIU,.509,.567,.444,.583,77,.563,.658,.200,.769,66
Fort Wayne,2026-03-24,20,13,17,18,South Ala.,.423,.523,.259,.714,77,.509,.559,.429,.778,72
Michigan St.,2026-03-22 NCAA,23,8,25,7,Oklahoma,.426,.442,.375,.438,71,.424,.545,.182,.773,77
Morehead St.,2026-03-20,18,14,22,12,Radford,.377,.538,.257,.429,58,.388,.436,.321,.800,77
Holy Cross,2026-03-15,22,9,17,13,Lehigh,.517,.605,.294,.833,77,.473,.548,.375,.750,70
Cal Baptist,2026-03-13,21,10,14,16,Tarleton St.,.433,.500,.355,.500,77,.333,.362,.231,.810,60
UTA,2026-03-11,10,20,9,19,Utah Tech,.473,.535,.250,.786,77,.415,.432,.393,.889,73
Bowling Green,2026-03-07,16,13,7,22,Northern Ill.,.379,.379,.379,.846,77,.340,.290,.409,.750,66
Cal Baptist,2026-03-07,20,10,19,10,Southern Utah,.464,.553,.355,.250,77,.323,.381,.217,.700,61
Akron,2026-03-07,7,23,12,16,Eastern Mich.,.329,.364,.269,.643,62,.366,.426,.250,.760,77
Miami (OH),2026-03-07,25,5,16,12,Ohio,.396,.545,.290,.786,62,.418,.370,.464,.692,77
Arizona St.,2026-03-05,23,9,22,8,Iowa St.,.429,.419,.462,.821,77,.361,.600,.194,.680,68
Cal St Fullerton,2026-03-05,16,12,20,8,UC San Diego,.387,.400,.333,.944,69,.509,.590,.313,.640,77
Maine,2026-03-05,17,12,10,19,New Hampshire,.481,.515,.421,.704,77,.358,.457,.167,.739,58
Bowling Green,2026-03-04,16,12,17,11,Central Mich.,.421,.514,.250,.750,65,.373,.311,.571,.862,77
Florida St.,2026-03-01,9,20,14,15,Wake Forest,.368,.449,.222,.682,77,.431,.478,.346,1.000,74
Hampton,2026-03-01,9,18,7,19,Northeastern,.492,.537,.389,.923,77,.436,.476,.308,.760,71
Fordham,2026-02-28,10,18,15,14,St. Bonaventure,.385,.333,.438,1.000,69,.545,.556,.500,.962,77
Charleston So.,2026-02-28,8,20,13,16,Winthrop,.322,.333,.310,.800,55,.517,.543,.417,.632,77
Chattanooga,2026-02-26,18,7,12,17,Samford,.475,.625,.190,.727,70,.462,.483,.435,.731,77
Colorado St.,2026-02-25,21,7,18,9,UNLV,.414,.419,.407,.947,77,.328,.353,.296,.684,61
James Madison,2026-02-25,21,8,17,12,Old Dominion,.432,.462,.222,.688,77,.354,.377,.250,.600,55
Marquette,2026-02-25,16,11,11,16,Xavier,.467,.541,.348,.650,77,.373,.426,.250,.769,65
Rice,2026-02-25,24,3,12,14,Temple,.536,.595,.421,.692,77,.472,.535,.200,.778,66
Florida St.,2026-02-22,9,18,16,12,Stanford,.290,.340,.182,.895,61,.476,.550,.348,.818,77
Nicholls St.,2026-02-21,12,13,19,8,Stephen F. Austin,.328,.356,.250,.650,57,.526,.579,.421,.692,77
Southeastern LA,2026-02-21,4,21,16,11,UTRGV,.344,.405,.211,.667,54,.492,.564,.375,.667,77
UTA,2026-02-21,10,16,12,12,Utah Valley,.451,.447,.462,.533,60,.466,.474,.450,.636,77
Boston College,2026-02-19,4,24,9,17,SMU,.394,.475,.269,.857,77,.393,.382,.409,.500,59
Long Beach State,2026-02-19,3,21,21,4,UC Irvine,.400,.536,.227,1.000,62,.450,.500,.375,.824,77
Southern Ill.,2026-02-19,9,14,12,12,UNI,.333,.326,.364,.600,48,.475,.500,.435,.786,77
Boston U.,2026-02-18,8,17,6,19,Colgate,.518,.564,.412,.632,77,.367,.455,.259,.864,70
Milwaukee,2026-02-18,8,19,9,18,Wright St.,.400,.464,.294,.583,55,.509,.500,.519,.778,77
Belmont,2026-02-15,15,9,0,25,Valparaiso,.365,.382,.350,.692,77,.194,.205,.182,.375,37
Air Force,2026-02-14,11,13,3,22,San Jose St.,.344,.412,.259,.824,77,.455,.500,.409,.545,61
Long Beach State,2026-02-14,3,20,18,7,UC Davis,.393,.419,.333,.600,66,.455,.667,.324,.800,77
Cal St Fullerton,2026-02-14,15,9,20,4,UC Irvine,.393,.452,.320,.679,71,.491,.471,.524,.667,77
Central Conn St,2026-02-14,0,23,21,4,FDU,.286,.318,.000,.889,36,.441,.500,.400,.688,77
Delaware St.,2026-02-14,4,20,12,12,Norfolk St.,.327,.316,.364,.692,45,.450,.417,.500,.647,77
Green Bay,2026-02-14,20,6,12,14,Northern Ky.,.367,.375,.350,.667,59,.438,.576,.290,.857,77
Portland,2026-02-14,15,10,19,7,Santa Clara,.413,.419,.400,.600,66,.446,.568,.190,.789,77
Bryant,2026-02-12,16,8,7,17,Mass.-Lowell,.478,.489,.455,.429,77,.218,.357,.074,.909,36
Eastern Wash.,2026-02-12,12,12,16,7,Idaho St.,.385,.429,.333,.895,65,.441,.500,.300,.733,77
Marist,2026-02-12,10,15,13,10,Merrimack,.431,.395,.500,.923,72,.395,.520,.154,.813,77
Incarnate Word,2026-02-12,10,12,2,21,New Orleans,.358,.395,.310,.762,73,.411,.466,.200,.700,77
Arizona,2026-02-10,11,12,8,16,Cincinnati,.411,.457,.200,.684,61,.397,.426,.333,.800,77
Auburn,2026-02-08,13,11,21,3,LSU,.250,.308,.143,.688,44,.433,.417,.500,.731,77
Drake,2026-02-07,6,16,13,9,Illinois St.,.509,.650,.176,.692,70,.468,.490,.364,.652,77
BYU,2026-02-07,16,7,12,12,Kansas St.,.304,.316,.278,.813,52,.476,.512,.400,.750,77
Louisiana Tech,2026-02-07,16,5,8,14,New Mexico St.,.509,.563,.429,.667,77,.453,.475,.385,.833,58
Cal Baptist,2026-02-05,14,8,11,10,Tarleton St.,.458,.545,.346,.778,77,.377,.377,.375,.818,67
LSU,2026-02-05,21,2,21,2,Texas,.417,.426,.385,.643,64,.424,.414,.500,.850,77
Akron,2026-02-04,4,17,11,8,Toledo,.468,.452,.500,.600,77,.484,.521,.357,.692,74
Indiana,2026-02-04,12,11,13,9,Wisconsin,.558,.719,.300,.813,77,.455,.477,.409,.714,74
Northern Ky.,2026-02-03,10,14,8,14,Oakland,.458,.537,.278,.857,77,.439,.516,.346,.739,76
Clemson,2026-02-01,15,7,7,14,Florida St.,.417,.517,.323,.850,77,.356,.421,.238,.733,58
Richmond,2026-02-01,17,4,8,14,VCU,.531,.783,.308,.944,77,.431,.511,.222,.455,65
BYU,2026-01-31,15,6,15,6,Utah,.446,.625,.313,.810,77,.365,.486,.214,.867,65
Dartmouth,2026-01-31,9,10,5,14,Yale,.440,.531,.278,.778,77,.333,.354,.250,.727,59
Duquesne,2026-01-31,7,14,11,10,La Salle,.361,.333,.400,.778,61,.393,.350,.476,.731,77
Charleston,2026-01-30,16,3,9,10,Elon,.323,.290,.353,.885,77,.400,.474,.273,.882,69
Indiana St.,2026-01-29,6,13,0,20,Valparaiso,.435,.469,.350,.833,77,.306,.324,.286,.773,63
Miss. St.,2026-01-29,15,6,14,3,Tennessee,.482,.500,.444,.750,77,.319,.375,.190,.609,62
Southern Utah,2026-01-29,13,7,8,11,UTA,.431,.463,.353,.700,77,.383,.412,.222,.741,68
Fla. Atlantic,2026-01-27,9,11,13,6,Tulsa,.362,.395,.300,.625,58,.551,.647,.333,.818,77
Syracuse,2026-01-25,16,3,16,5,UNC,.346,.410,.150,.800,71,.450,.500,.375,.875,77
McNeese,2026-01-24,15,4,1,17,New Orleans,.375,.389,.333,.739,77,.302,.333,.231,.600,41
Chicago St.,2026-01-24,4,16,5,13,Mercyhurst,.509,.548,.364,.947,76,.431,.481,.375,.889,77
Texas Tech,2026-01-24,19,2,14,5,Utah,.519,.559,.450,.857,77,.327,.394,.188,.824,49
Queens (NC),2026-01-24,7,11,12,6,West Ga.,.393,.400,.385,.500,64,.556,.724,.360,.889,77
Charleston So.,2026-01-23,5,14,3,16,Presbyterian,.600,.636,.500,.739,77,.349,.347,.357,.828,73
Loyola Marymount,2026-01-22,11,7,11,8,Portland,.468,.500,.300,.667,77,.419,.467,.294,.917,68
Charlotte,2026-01-20,8,10,8,10,Fla. Atlantic,.462,.533,.300,.550,77,.396,.405,.375,.667,56
Evansville,2026-01-18,4,13,5,11,Indiana St.,.333,.386,.190,.714,71,.406,.500,.250,.731,77
Richmond,2026-01-18,15,4,6,12,VCU,.484,.654,.361,.800,77,.328,.424,.200,.800,47
Central Mich.,2026-01-17,9,6,7,8,Eastern Mich.,.544,.595,.400,.818,77,.407,.462,.300,.769,64
Ark-Pine Bluff,2026-01-15,4,10,3,13,Bethune-Cookman,.574,.636,.429,.708,77,.442,.542,.316,.556,54
Long Beach State,2026-01-15,1,14,5,10,UC Riverside,.313,.341,.261,.813,59,.453,.576,.323,.750,77
Boston College,2026-01-15,4,15,14,4,Stanford,.351,.424,.250,.857,52,.476,.643,.143,.875,77
Boise St.,2026-01-14,12,5,4,11,Wyoming,.468,.444,.529,.667,77,.321,.464,.160,1.000,40
Arizona St.,2026-01-11,16,1,15,1,TCU,.288,.298,.250,.563,46,.554,.710,.360,.667,77
Brown,2026-01-10,9,4,10,4,Penn,.368,.477,.219,.778,77,.310,.324,.294,.786,65
Coppin St.,2026-01-10,3,14,3,12,N.C. Central,.435,.450,.423,.788,77,.436,.462,.375,.593,70
Ga. Southern,2026-01-10,11,4,10,6,Old Dominion,.433,.400,.529,1.000,77,.431,.489,.231,.500,60
LIU,2026-01-10,8,6,1,13,SFU,.476,.523,.368,.769,77,.400,.381,.462,.786,61
McNeese,2026-01-10,11,4,2,11,Southeastern LA,.455,.588,.313,.700,77,.386,.385,.389,.824,55
North Dakota,2026-01-10,4,12,4,12,UMKC,.447,.615,.238,.563,56,.450,.480,.300,.870,77
Tennessee Tech,2026-01-10,10,4,12,2,Western Ill.,.317,.308,.324,.733,60,.583,.641,.333,.900,77
Cal Poly,2026-01-08,3,11,5,8,Cal St Northridge,.414,.439,.353,.609,68,.446,.486,.381,.613,77
Iona,2026-01-08,8,7,0,13,Niagara,.448,.568,.217,.857,77,.241,.243,.235,.731,49
Louisville,2026-01-08,14,3,10,5,Miami (FL),.462,.579,.296,.750,77,.413,.447,.313,.733,68
North Dakota St.,2026-01-08,13,2,4,11,UMKC,.456,.564,.222,.808,77,.354,.389,.182,.857,54
San Francisco,2026-01-08,10,5,13,4,Santa Clara,.403,.553,.120,.667,67,.379,.400,.333,.741,77
SE Missouri St,2026-01-08,5,8,9,4,Southern Ind.,.348,.450,.269,.636,46,.356,.350,.368,.800,77
Syracuse,2026-01-08,13,2,11,5,Virginia Tech,.350,.375,.250,.667,57,.453,.418,.667,.813,77
Marshall,2026-01-07,13,3,10,5,Old Dominion,.429,.514,.286,.793,77,.483,.468,.538,.714,70
Bucknell,2026-01-07,4,9,7,6,Navy,.321,.452,.160,.786,51,.455,.524,.333,.529,77
Alabama,2026-01-04,14,1,11,5,Arkansas,.403,.400,.406,.750,77,.316,.382,.217,.500,48
Gonzaga,2026-01-04,11,5,12,4,Santa Clara,.409,.435,.350,.800,73,.368,.400,.333,.762,77
Stanford,2026-01-04,12,3,13,3,UNC,.450,.514,.348,.833,77,.446,.524,.214,.600,71
Montana,2026-01-03,3,9,9,5,Northern Colo.,.346,.409,.300,.684,58,.429,.450,.391,.737,77
Canisius,2026-01-03,2,10,5,8,Sacred Heart,.522,.576,.385,.615,61,.508,.551,.300,.778,77
North Texas,2026-01-03,7,6,7,7,South Fla.,.357,.349,.429,.533,61,.500,.500,.500,.750,77
Elon,2026-01-02,5,7,7,4,Monmouth,.386,.421,.316,.750,62,.528,.586,.458,.769,77
Baylor,2025-12-31,11,3,12,2,Oklahoma St.,.417,.450,.350,.800,77,.406,.553,.192,.647,68
Army,2025-12-31,9,2,4,7,Lehigh,.400,.487,.188,.826,66,.524,.542,.500,.889,77
Boston U.,2025-12-31,4,7,6,5,Navy,.482,.533,.273,.583,64,.433,.556,.290,.833,77
Miami (FL),2025-12-28,8,4,7,3,Stetson,.485,.569,.235,.778,77,.293,.333,.265,.500,45
South Carolina St.,2025-12-22,3,11,7,5,UNCG,.302,.333,.200,.667,32,.439,.457,.409,.750,77
Alabama,2025-12-21,13,0,10,1,Troy,.455,.537,.320,.600,77,.343,.413,.208,.400,59
Kansas St.,2025-12-20,7,6,12,0,TCU,.333,.425,.174,.750,55,.509,.561,.375,.813,77
Baylor,2025-12-18,10,2,4,5,Southern U.,.467,.556,.333,.542,77,.355,.388,.231,.929,60
Cal St Northridge,2025-12-18,5,4,2,9,Northern Ariz.,.271,.364,.216,.640,56,.444,.533,.222,.630,77
Belmont,2025-12-17,4,6,2,8,Evansville,.491,.550,.333,.720,77,.333,.393,.289,.857,67
DePaul,2025-12-17,3,9,5,5,Ill.-Chicago,.329,.313,.360,.769,67,.545,.596,.250,.600,77
Georgia,2025-12-15,10,0,3,5,N.C. A&T,.472,.447,.533,.864,77,.317,.311,.333,.353,49
Lamar,2025-12-15,3,4,1,6,TAMUCC,.441,.425,.474,.762,77,.380,.452,.263,.600,49
Denver,2025-12-14,4,6,8,2,Kansas,.250,.294,.226,.875,38,.518,.606,.391,.588,77
Belmont,2025-12-14,4,5,10,1,Kentucky,.373,.387,.357,.882,69,.403,.548,.258,.792,77
Cal Baptist,2025-12-13,6,3,8,2,UC Irvine,.316,.433,.185,.667,57,.397,.410,.375,.783,77
Gardner-Webb,2025-12-13,2,9,2,9,Western Caro.,.547,.486,.667,.500,77,.490,.514,.429,.429,62
Houston Christian,2025-12-12,3,4,2,5,Southeastern LA,.386,.514,.182,.707,77,.307,.383,.179,.594,70
Alabama A&M,2025-12-07,2,6,0,0,Miles,.436,.500,.316,.676,77,.358,.444,.176,.519,55
Arkansas,2025-12-07,7,3,2,5,Jackson St.,.492,.543,.417,.600,77,.230,.200,.292,.714,46
Cincinnati,2025-12-07,4,5,5,3,Xavier,.390,.457,.292,.739,70,.459,.553,.304,.875,77
UC Irvine,2025-12-04,6,2,1,5,UC Riverside,.417,.571,.281,.857,77,.241,.286,.174,.800,40
Buffalo,2025-12-03,1,6,0,7,Niagara,.438,.457,.389,.560,77,.302,.308,.286,.600,51
Monmouth,2025-12-03,2,4,7,2,NJIT,.459,.533,.250,.895,77,.472,.576,.300,.600,68
Minnesota,2025-12-01,5,2,4,5,Samford,.472,.593,.111,.700,77,.240,.250,.231,.769,40
Coppin St.,2025-11-30,1,6,5,2,Missouri St.,.321,.314,.333,.765,56,.500,.514,.474,.706,77
Northern Ky.,2025-11-30,2,6,4,1,Southern Ind.,.358,.333,.382,.727,77,.400,.411,.357,.667,71
St. Thomas,2025-11-30,1,6,0,0,Wis.-Stout,.415,.474,.333,.700,77,.273,.317,.143,.667,40
Clemson,2025-11-28,4,2,2,5,Western Caro.,.385,.405,.357,.586,77,.304,.375,.143,.737,44
High Point,2025-11-28,5,1,0,5,Louisiana,.468,.484,.452,.714,77,.358,.382,.250,.917,62
Milwaukee,2025-11-28,2,5,1,4,Pacific,.320,.424,.118,.667,48,.453,.520,.393,.947,77
Ga Tech,2025-11-28,3,3,5,1,St. John's (NY),.426,.467,.313,.720,75,.532,.696,.375,.818,77
Southern Miss.,2025-11-27,6,0,2,3,UAB,.400,.488,.259,.818,72,.439,.545,.333,.667,77
Saint Louis,2025-11-26,2,5,4,2,Stetson,.371,.486,.222,.750,67,.490,.565,.429,.750,77
Boston College,2025-11-25,3,4,2,3,Merrimack,.357,.326,.417,.680,77,.429,.514,.308,.909,72
Fort Wayne,2025-11-25,3,3,3,3,NW St.,.450,.486,.400,.500,77,.441,.500,.267,.750,68
Ga. Southwestern,2025-11-25,0,0,4,1,Jacksonville,.338,.475,.143,.429,56,.348,.358,.313,.727,77
Concordia (TX),2025-11-24,0,0,1,3,Houston Christian,.389,.459,.235,.786,57,.390,.500,.207,.786,77
Colgate,2025-11-23,4,0,2,3,Quinnipiac,.321,.364,.261,1.000,50,.463,.500,.407,1.000,77
Bryant,2025-11-22,5,0,3,2,Stonehill,.623,.675,.462,.357,77,.258,.256,.263,.524,48
Ak. Anchorage,2025-11-21,0,0,0,4,St. Thomas,.362,.467,.250,.786,60,.473,.526,.444,.818,77
New Mexico,2025-11-20,4,1,1,2,UT Martin,.422,.630,.270,.650,77,.333,.410,.167,.800,45
Georgetown,2025-11-18,1,2,1,2,Sacred Heart,.500,.548,.375,.684,77,.306,.353,.200,.786,44
Prairie View,2025-11-17,1,3,2,1,Sam Houston,.296,.342,.188,.583,49,.484,.510,.400,.409,77
Texas St.,2025-11-17,0,3,2,1,UTRGV,.343,.327,.417,.700,65,.480,.514,.400,.719,77
App. St.,2025-11-16,2,1,1,2,Wofford,.534,.600,.435,.357,77,.293,.382,.167,.923,50
Austin Peay,2025-11-16,1,1,2,1,Indiana St.,.490,.606,.278,.710,77,.473,.538,.313,.941,73
Colorado,2025-11-16,1,1,1,1,Portland St.,.448,.511,.318,.588,77,.364,.357,.375,.583,45
Bellarmine,2025-11-16,1,2,3,1,Miami (OH),.405,.444,.333,.826,58,.480,.583,.385,.826,77
New Mexico,2025-11-16,3,1,1,1,New Mexico St.,.537,.594,.455,.643,77,.270,.306,.143,.750,45
Kansas St.,2025-11-16,3,1,2,0,Texas A&M,.473,.471,.476,.667,72,.474,.500,.435,.722,77
Radford,2025-11-16,2,2,2,1,Virginia,.358,.405,.250,1.000,46,.450,.475,.400,.750,77
Columbia,2025-11-15,2,0,2,1,Richmond,.397,.500,.208,.533,67,.463,.464,.462,1.000,77
Florida A&M,2025-11-15,0,3,1,2,Samford,.349,.412,.083,.522,57,.473,.571,.370,.750,77
Omaha,2025-11-15,1,3,1,1,Utah St.,.444,.484,.391,.667,69,.441,.424,.462,.619,77
Abilene Christ.,2025-11-14,3,0,2,0,Stephen F. Austin,.406,.512,.231,.636,76,.492,.571,.385,.412,77
Rider,2025-11-13,1,1,2,1,Stonehill,.356,.343,.375,.500,55,.450,.553,.273,.708,77
N.C. A&T,2025-11-12,0,3,0,0,Shaw,.351,.375,.286,.708,77,.200,.250,.067,.625,28
North Florida,2025-11-12,1,1,1,1,Tulane,.304,.405,.188,.667,54,.392,.441,.250,.625,77
Norfolk St.,2025-11-09,1,1,0,0,Virginia St.,.403,.468,.250,.692,77,.327,.387,.238,.636,53
Saint Mary's,2025-11-09,2,0,0,0,San Fran. St.,.435,.457,.391,.800,77,.259,.214,.308,.400,38
Hampton,2025-11-09,1,0,2,0,Wake Forest,.306,.353,.250,.750,48,.564,.718,.188,.600,77
Davidson,2025-11-08,1,1,0,0,Fla. Gulf Coast,.429,.563,.316,.556,77,.395,.455,.200,.600,51
Southern Utah,2025-11-08,1,0,0,2,Washington St.,.438,.489,.316,.750,77,.418,.552,.269,.733,64
Missouri,2025-11-06,1,0,1,0,Tulane,.393,.406,.379,.857,77,.414,.522,.208,.462,69
New Orleans,2025-11-05,0,1,0,0,Tulsa,.304,.273,.360,.529,60,.408,.421,.394,.750,77
Bellarmine,2025-11-03,0,0,0,0,Spalding,.377,.413,.304,.750,77,.237,.175,.368,.696,51
New Mexico,2025-11-03,0,0,0,0,Northern Ariz.,.519,.606,.381,.565,77,.328,.323,.333,.632,59
Northern Ill.,2025-11-03,0,0,0,0,Southern Miss.,.380,.452,.263,.765,56,.394,.333,.522,1.000,77
San Diego St.,2025-11-03,0,0,0,0,UCLA,.339,.297,.400,.333,53,.485,.641,.259,.857,77
Kentucky,2026-03-28 NCAA,25,10,33,3,Texas,.373,.389,.333,.786,54,.540,.574,.333,.333,76
BYU,2026-03-26,24,11,21,13,Stanford,.433,.458,.368,.647,76,.319,.409,.160,1.000,61
FIU,2026-03-20,20,11,20,11,Stetson,.458,.500,.400,.600,76,.400,.439,.333,.619,73
NC State,2026-03-20 NCAA,20,10,16,13,Tennessee,.510,.575,.273,.840,76,.329,.459,.194,1.000,61
Belmont,2026-03-13,20,11,8,24,Evansville,.367,.514,.160,.652,63,.410,.436,.364,.750,76
Evansville,2026-03-12,7,24,14,17,Ill.-Chicago,.500,.475,.583,.810,76,.431,.477,.286,.739,71
North Texas,2026-03-12,18,13,19,11,Tulsa,.455,.500,.353,.690,76,.462,.441,.500,.571,73
FIU,2026-03-11,19,10,16,15,Jacksonville St.,.406,.412,.385,.760,76,.444,.517,.313,.808,66
Gonzaga,2026-03-10,23,9,23,10,Oregon St.,.406,.422,.368,.895,76,.404,.462,.278,.750,66
NW St.,2026-03-10,18,13,19,12,UTRGV,.356,.400,.310,.800,67,.471,.444,.533,1.000,76
Boston U.,2026-03-09,11,19,21,7,Navy,.500,.561,.333,.385,66,.406,.444,.357,.737,76
Arkansas St.,2026-03-07,23,8,17,15,La.-Monroe,.380,.485,.289,.846,76,.385,.468,.167,.682,68
East Carolina,2026-03-07,21,9,19,10,Tulsa,.491,.559,.368,.708,76,.407,.553,.063,.571,61
Portland St.,2026-03-07,6,24,10,21,Weber St.,.333,.405,.200,.611,53,.509,.611,.333,.917,76
Chattanooga,2026-03-06,19,9,18,12,Furman,.466,.500,.423,.733,76,.451,.429,.500,1.000,65
Alabama,2026-03-05,22,9,16,12,Tennessee,.500,.583,.333,.842,76,.385,.448,.304,.739,64
Abilene Christ.,2026-03-05,21,8,19,10,Cal Baptist,.365,.364,.367,.923,69,.392,.419,.355,.700,76
Georgia,2026-03-05,22,8,22,9,Kentucky,.417,.588,.192,.750,61,.500,.564,.353,.700,76
USC,2026-03-05,17,12,20,9,Washington,.310,.357,.267,.690,64,.500,.605,.300,.706,76
BYU,2026-03-04,20,10,7,22,Houston,.474,.704,.267,.737,76,.313,.353,.188,.808,66
Boise St.,2026-03-04,23,7,19,10,UNLV,.293,.359,.158,.667,47,.403,.486,.280,.826,76
Wright St.,2026-03-04,10,21,22,8,Youngstown St.,.377,.400,.333,.875,60,.455,.469,.435,.941,76
North Florida,2026-03-03,9,20,17,12,West Ga.,.410,.417,.385,.640,71,.343,.387,.306,.864,76
Cal Baptist,2026-02-28,18,10,12,15,Tarleton St.,.472,.487,.429,.645,76,.353,.438,.150,.593,67
South Ala.,2026-02-27,11,17,24,5,Troy,.431,.488,.333,.667,76,.371,.462,.258,.600,69
Abilene Christ.,2026-02-26,19,8,8,17,Utah Tech,.355,.333,.371,.792,76,.418,.407,.429,1.000,66
Alabama,2026-02-22,20,7,16,12,Florida,.542,.560,.522,.545,76,.429,.457,.381,.600,71
DePaul,2026-02-22,6,22,11,15,Xavier,.391,.442,.308,.875,76,.443,.523,.235,.900,67
Tarleton St.,2026-02-21,12,13,7,17,Utah Tech,.344,.409,.176,.769,55,.400,.429,.367,.722,76
Boston U.,2026-02-21,9,17,14,11,Lehigh,.473,.524,.308,.714,61,.518,.571,.464,.833,76
Presbyterian,2026-02-21,3,23,10,17,UNCA,.418,.413,.444,.500,58,.435,.486,.360,.565,76
Fort Wayne,2026-02-21,16,11,20,8,Youngstown St.,.414,.500,.200,.818,71,.460,.575,.261,.667,76
Ga. Southern,2026-02-19,19,6,22,6,Marshall,.527,.618,.381,.769,76,.396,.405,.375,.636,55
Mt. St. Mary's,2026-02-19,12,13,0,25,Niagara,.473,.543,.350,.630,76,.333,.317,.385,.615,57
Pepperdine,2026-02-19,15,11,9,18,San Diego,.435,.486,.360,.765,76,.356,.375,.273,.833,55
Alabama,2026-02-19,20,6,25,2,South Carolina,.389,.458,.333,.714,57,.492,.600,.222,.625,76
SIU Edwardsville,2026-02-19,12,14,14,11,Tennessee Tech,.518,.550,.438,.846,76,.407,.475,.214,.591,60
Southeastern LA,2026-02-19,4,20,4,20,TAMUCC,.324,.405,.226,.818,69,.440,.520,.360,.793,76
Southern Utah,2026-02-18,17,8,12,12,Tarleton St.,.500,.523,.417,.577,76,.435,.525,.273,.692,69
BYU,2026-02-17,17,9,9,17,Cincinnati,.407,.375,.455,.684,67,.410,.395,.444,.720,76
Illinois,2026-02-17,17,8,9,16,Rutgers,.463,.489,.400,.667,76,.389,.436,.267,.667,56
Georgia,2026-02-15,19,6,24,2,Vanderbilt,.560,.618,.438,.684,76,.371,.417,.308,.909,74
Iowa St.,2026-02-15,19,6,14,12,Kansas St.,.449,.536,.333,.893,76,.383,.400,.350,.826,72
Maryland,2026-02-15,20,6,22,3,Ohio St.,.357,.371,.343,.700,76,.458,.421,.524,.625,75
BYU,2026-02-14,17,8,17,8,Colorado,.309,.385,.125,.769,46,.450,.512,.294,.810,76
Denver,2026-02-14,9,16,12,12,Oral Roberts,.290,.417,.115,.696,55,.541,.604,.308,.750,76
Jacksonville,2026-02-12,16,7,15,8,Stetson,.367,.359,.381,.828,76,.414,.471,.333,.700,70
Air Force,2026-02-11,11,12,7,16,Nevada,.327,.368,.235,.731,59,.483,.525,.400,.667,76
Arkansas St.,2026-02-07,20,4,10,11,Eastern Mich.,.321,.419,.220,.769,73,.460,.511,.313,.619,76
Bellarmine,2026-02-07,2,22,14,8,Stetson,.271,.296,.238,.625,41,.459,.633,.290,.688,76
Southern Miss.,2026-02-07,12,11,11,9,Toledo,.379,.436,.091,.800,67,.429,.477,.316,.889,76
Eastern Wash.,2026-02-05,11,11,7,14,Montana,.484,.561,.333,.750,76,.381,.471,.276,.800,72
San Francisco,2026-02-05,13,9,5,17,Seattle,.426,.455,.375,.750,76,.382,.469,.261,.905,67
Baylor,2026-02-04,19,4,8,14,Cincinnati,.365,.314,.429,.818,76,.433,.476,.333,.706,70
Ohio,2026-02-04,12,8,6,13,Western Mich.,.460,.474,.440,.700,76,.292,.423,.136,.600,37
Illinois,2026-02-04,16,6,17,7,Oregon,.443,.548,.211,.882,73,.509,.537,.429,.737,76
IU Indy,2026-02-01,8,12,14,7,Robert Morris,.389,.469,.273,.657,71,.556,.605,.286,.800,76
Virginia,2026-02-01,15,6,17,5,Virginia Tech,.344,.383,.235,.762,64,.383,.391,.357,.658,76
Akron,2026-01-31,3,17,2,18,Buffalo,.433,.543,.190,.560,76,.458,.542,.091,.654,72
Cal St Bakersfield,2026-01-31,7,13,15,6,UC Davis,.365,.366,.364,.875,68,.509,.586,.423,.750,76
Ill.-Chicago,2026-01-31,9,11,0,21,Valparaiso,.446,.458,.412,.524,76,.364,.375,.333,.750,57
Ball St.,2026-01-28,15,5,12,6,Central Mich.,.370,.406,.318,.644,76,.338,.375,.280,.704,70
Gardner-Webb,2026-01-28,6,15,14,6,Longwood,.483,.576,.370,.667,70,.433,.545,.296,.640,76
Rutgers,2026-01-26,9,10,15,4,Washington,.322,.375,.211,.462,48,.441,.541,.323,.857,76
Creighton,2026-01-25,8,11,4,17,DePaul,.387,.392,.364,.750,61,.471,.520,.333,.500,76
Alabama St.,2026-01-24,6,11,2,16,Prairie View,.478,.540,.316,.400,76,.305,.229,.417,.600,58
South Dakota St.,2026-01-24,15,5,6,14,UMKC,.492,.545,.368,1.000,76,.431,.484,.370,.750,63
Central Conn St,2026-01-22,0,17,15,4,FDU,.276,.240,.500,.900,45,.481,.560,.414,.750,76
Arkansas,2026-01-22,11,9,16,3,Georgia,.397,.405,.381,.533,66,.459,.559,.333,.917,76
Ill.-Chicago,2026-01-22,8,10,10,8,Illinois St.,.537,.564,.467,.611,76,.511,.559,.364,.609,64
Detroit Mercy,2026-01-22,4,14,6,14,Milwaukee,.355,.444,.231,.783,68,.520,.533,.500,.824,76
Canisius,2026-01-22,3,14,8,10,Sacred Heart,.404,.476,.100,.857,55,.500,.526,.438,.789,76
Buffalo,2026-01-21,2,15,14,4,Miami (OH),.404,.447,.222,.857,52,.466,.553,.300,.842,76
Eastern Mich.,2026-01-20,7,9,8,7,Toledo,.549,.632,.308,.842,76,.528,.559,.474,.500,71
Montana,2026-01-19,3,13,7,12,Northern Ariz.,.481,.458,.500,1.000,76,.400,.395,.412,.654,72
Drexel,2026-01-18,8,7,5,11,UNCW,.475,.520,.222,.783,76,.482,.556,.350,.545,67
Penn St.,2026-01-18,7,11,8,9,Rutgers,.452,.622,.200,.611,72,.406,.429,.364,.727,76
Boise St.,2026-01-17,13,5,6,10,Utah St.,.417,.467,.367,.882,76,.380,.400,.350,.833,60
Delaware,2026-01-17,6,10,8,7,Liberty,.500,.568,.353,.762,76,.397,.488,.227,.667,69
Fairfield,2026-01-17,13,3,4,12,Manhattan,.466,.621,.310,.722,76,.477,.514,.333,.818,54
Green Bay,2026-01-17,14,5,6,13,Milwaukee,.426,.475,.286,.765,76,.375,.355,.400,.643,61
Mercer,2026-01-17,11,6,8,11,Samford,.368,.400,.318,.818,76,.512,.500,.529,.778,67
North Dakota St.,2026-01-17,15,2,14,4,South Dakota St.,.429,.478,.294,.810,76,.471,.550,.182,.857,68
Rice,2026-01-14,13,3,7,9,UAB,.439,.451,.400,1.000,76,.418,.419,.417,.417,56
Southern Miss.,2026-01-14,10,6,7,8,Texas St.,.375,.395,.346,.731,76,.431,.469,.222,.625,62
Minnesota,2026-01-14,12,4,15,1,UCLA,.403,.467,.235,.667,58,.600,.688,.385,.895,76
Air Force,2026-01-10,7,8,2,14,San Jose St.,.413,.500,.310,1.000,76,.322,.400,.241,.667,57
Alabama A&M,2026-01-10,6,9,5,8,Alcorn St.,.531,.594,.412,.739,76,.213,.231,.190,.500,34
FIU,2026-01-10,7,6,8,6,Kennesaw St.,.451,.526,.231,.730,76,.478,.528,.300,.720,65
Mercer,2026-01-10,11,5,11,5,UNCG,.389,.426,.143,.762,59,.500,.484,.524,.591,76
Princeton,2026-01-10,13,1,4,10,Yale,.459,.523,.294,.789,76,.365,.415,.182,.909,50
Southern Utah,2026-01-08,10,4,9,5,Utah Valley,.528,.500,.579,.692,76,.344,.348,.333,.750,68
North Florida,2026-01-08,5,8,8,5,West Ga.,.339,.412,.227,.783,61,.491,.655,.292,.773,76
Tennessee St.,2026-01-08,2,11,11,2,Western Ill.,.364,.366,.357,.875,59,.397,.404,.375,.769,76
High Point,2026-01-07,13,2,2,13,Presbyterian,.489,.621,.278,.833,76,.300,.300,.300,.769,43
Tulane,2026-01-06,6,8,9,4,Tulsa,.463,.583,.158,.471,73,.419,.452,.350,.739,76
Little Rock,2026-01-03,6,7,2,10,Tennessee St.,.509,.568,.273,.810,76,.245,.289,.133,.550,39
North Ala.,2026-01-03,5,7,7,5,Stetson,.386,.366,.438,.667,59,.484,.521,.375,.571,76
North Dakota St.,2026-01-01,11,2,7,6,Oral Roberts,.426,.500,.318,.793,76,.433,.458,.250,.500,68
Florida,2026-01-01,12,3,8,3,Tennessee,.433,.541,.261,.700,65,.394,.512,.200,.792,76
NW St.,2025-12-31,6,5,7,5,Stephen F. Austin,.373,.390,.346,.632,71,.446,.500,.286,.688,76
Brown,2025-12-29,7,4,0,0,Wheaton (MA),.420,.547,.179,.429,76,.175,.304,.088,.250,24
Columbia Intl,2025-12-29,0,1,3,7,UNCW,.233,.235,.231,.500,37,.516,.600,.364,.800,76
SMU,2025-12-29,7,6,9,3,Virginia,.317,.375,.200,.588,52,.508,.612,.143,.556,76
Creighton,2025-12-28,6,6,7,4,Georgetown,.343,.351,.333,.750,74,.464,.537,.267,.741,76
Loyola Marymount,2025-12-21,5,5,8,3,Southern Utah,.444,.524,.167,.867,76,.481,.529,.400,.571,68
Marist,2025-12-21,3,8,6,4,Quinnipiac,.423,.412,.444,.882,67,.449,.483,.400,.889,76
Belmont,2025-12-20,5,6,5,6,Duke,.270,.311,.167,.750,46,.458,.553,.286,.615,76
Howard,2025-12-20,9,5,9,3,St. Bonaventure,.444,.475,.357,.920,76,.429,.451,.333,.462,64
Milwaukee,2025-12-20,3,9,0,0,Wis. Lutheran,.450,.561,.211,.643,76,.356,.371,.333,.400,52
Louisiana,2025-12-20,0,10,8,4,Southern Miss.,.338,.340,.333,.625,58,.435,.619,.148,.857,76
SE Missouri St,2025-12-20,3,6,1,9,Tennessee St.,.365,.439,.227,.875,72,.519,.559,.450,.550,76
Delaware St.,2025-12-20,3,9,4,6,Tulane,.281,.275,.294,.500,44,.510,.640,.375,.739,76
Cal Baptist,2025-12-19,6,5,5,7,Denver,.476,.636,.105,.643,71,.413,.441,.379,.684,76
Davidson,2025-12-17,7,4,10,1,High Point,.500,.538,.412,.813,76,.434,.459,.375,.650,65
Florida,2025-12-17,10,2,0,8,Florida A&M,.583,.714,.231,.607,76,.327,.317,.364,.542,51
Eastern Ky.,2025-12-17,7,3,10,3,Louisville,.351,.412,.261,.556,51,.403,.509,.136,.579,76
Jacksonville,2025-12-17,7,2,12,0,Texas Tech,.271,.326,.077,.636,40,.492,.743,.125,.789,76
Little Rock,2025-12-16,3,6,4,6,Morehead St.,.406,.400,.417,.824,76,.392,.654,.120,.833,63
East Texas A&M,2025-12-15,3,5,3,5,Texas Southern,.453,.512,.333,.917,76,.407,.432,.353,.833,60
Louisville,2025-12-14,9,3,9,2,UNC,.403,.463,.308,.824,76,.375,.371,.379,.583,66
New Mexico St.,2025-12-14,2,6,0,1,Western N.M.,.525,.644,.188,.529,76,.275,.297,.214,.765,44
Middle Tenn.,2025-12-14,4,5,5,2,Southern Ind.,.339,.414,.267,.688,59,.424,.525,.211,.917,76
Liberty,2025-12-13,6,2,7,3,Richmond,.410,.444,.313,.667,61,.517,.694,.250,.889,76
SIU Edwardsville,2025-12-12,5,3,0,9,Valparaiso,.469,.556,.357,.600,76,.379,.405,.313,.833,69
Howard,2025-12-10,7,4,7,3,Virginia,.350,.372,.294,.333,50,.523,.617,.278,.500,76
Army,2025-12-09,7,2,4,6,Cornell,.569,.625,.474,.818,76,.412,.476,.111,.750,52
Saint Joseph's,2025-12-07,6,2,7,2,Villanova,.410,.378,.500,.800,70,.417,.333,.542,.813,76
North Florida,2025-12-06,3,5,3,5,UNCA,.468,.563,.367,.875,76,.449,.486,.357,.667,61
SE Missouri St,2025-12-06,3,4,1,6,Southern Ill.,.426,.500,.278,.741,71,.338,.345,.308,.800,76
Cleveland St.,2025-12-04,7,1,1,5,Detroit Mercy,.446,.606,.217,.765,68,.587,.657,.364,.643,76
Georgetown,2025-12-04,5,2,6,2,Villanova,.348,.380,.250,.704,69,.459,.550,.286,.778,76
Boston College,2025-12-03,4,6,3,3,Quinnipiac,.308,.333,.235,.625,49,.500,.588,.385,1.000,76
Saint Louis,2025-12-03,2,6,7,2,St. Bonaventure,.426,.482,.167,.762,76,.433,.521,.211,.667,70
Baylor,2025-11-30,6,1,1,6,Grambling,.509,.618,.348,.909,76,.200,.216,.143,.583,35
Hawaii,2025-11-30,4,2,6,3,Santa Clara,.382,.357,.462,.818,57,.364,.395,.324,.900,76
Gardner-Webb,2025-11-29,2,5,1,5,Jackson St.,.357,.400,.286,.600,55,.500,.600,.375,.765,76
Gonzaga,2025-11-28,3,3,6,0,Indiana,.394,.404,.368,.813,72,.483,.605,.250,.789,76
Green Bay,2025-11-28,5,2,5,2,Richmond,.370,.441,.250,.778,59,.528,.667,.438,1.000,76
Air Force,2025-11-27,3,3,2,3,Fla. Atlantic,.446,.459,.421,.765,71,.596,.622,.500,.789,76
Belmont,2025-11-26,3,3,3,2,McNeese,.373,.450,.323,.750,66,.404,.438,.350,.794,76
Creighton,2025-11-26,1,3,2,3,UNLV,.373,.324,.433,1.000,67,.491,.559,.368,.773,76
Texas,2025-11-26,5,0,6,0,UCLA,.435,.447,.400,.941,76,.471,.526,.308,.929,65
Lafayette,2025-11-25,3,3,4,2,Pitt,.492,.531,.444,.857,76,.373,.375,.368,.667,59
Delaware St.,2025-11-24,3,4,2,2,Hampton,.362,.422,.154,.577,59,.439,.500,.348,.750,76
Clemson,2025-11-23,3,2,2,4,Furman,.468,.538,.348,.526,76,.444,.353,.727,.588,58
Pepperdine,2025-11-23,3,1,0,3,San Jose St.,.400,.385,.419,.778,76,.242,.235,.250,.882,52
East Texas A&M,2025-11-22,2,2,1,3,Southeastern LA,.386,.590,.129,.565,71,.472,.439,.583,.826,76
Florida A&M,2025-11-21,0,4,2,1,UCF,.354,.429,.125,.550,59,.551,.585,.375,.576,76
Queens (NC),2025-11-20,2,2,2,2,South Carolina St.,.456,.471,.435,.737,76,.404,.500,.296,.688,65
Grand Canyon,2025-11-18,0,4,1,2,SMU,.393,.436,.318,.808,76,.354,.458,.059,.565,60
Kentucky,2025-11-18,5,0,2,1,Purdue,.413,.455,.367,.867,76,.200,.217,.158,.667,35
Cal,2025-11-16,3,1,2,2,Harvard,.444,.485,.381,.714,76,.403,.453,.111,.778,65
Akron,2025-11-16,0,3,3,0,Cleveland St.,.321,.333,.304,.750,55,.472,.556,.294,.700,76
Georgia,2025-11-16,4,0,1,2,Jacksonville St.,.468,.535,.316,.800,76,.293,.324,.238,.667,51
Florida St.,2025-11-16,3,1,3,0,Indiana,.397,.469,.143,.769,72,.482,.526,.389,.714,76
New England Col.,2025-11-16,0,0,1,3,New Hampshire,.282,.310,.200,.625,29,.544,.645,.423,.429,76
Green Bay,2025-11-16,4,0,3,1,Wisconsin,.439,.528,.286,.842,72,.439,.500,.360,.708,76
Arkansas St.,2025-11-15,1,2,1,1,Little Rock,.479,.560,.391,.618,76,.545,.629,.222,.739,67
Idaho,2025-11-15,2,1,3,0,Southern Utah,.429,.489,.278,.607,76,.304,.261,.391,.750,72
Kentucky,2025-11-15,4,0,2,1,Marshall,.391,.500,.281,.810,76,.280,.324,.188,.591,44
Santa Clara,2025-11-14,2,1,1,2,Wyoming,.421,.464,.300,.545,76,.357,.410,.235,.500,45
Green Bay,2025-11-13,3,0,1,2,New Hampshire,.566,.639,.412,.692,76,.421,.452,.385,1.000,64
Lafayette,2025-11-13,0,3,0,2,Saint Peter's,.463,.538,.393,.833,76,.333,.405,.250,.400,58
Lindenwood,2025-11-13,1,1,2,1,Oral Roberts,.456,.556,.286,.783,76,.407,.500,.238,.800,65
Morehead St.,2025-11-13,1,1,1,1,Ohio,.355,.600,.238,.400,60,.353,.462,.207,.759,76
Abilene Christ.,2025-11-11,2,0,2,0,UTRGV,.409,.517,.324,.769,76,.488,.522,.444,.667,58
Memphis,2025-11-11,1,1,2,0,South Ala.,.348,.358,.313,.676,76,.404,.410,.385,.700,68
Stetson,2025-11-11,2,1,1,1,Towson,.355,.396,.214,.583,54,.389,.405,.367,.643,76
Minot St.,2025-11-10,0,0,2,0,Montana St.,.240,.143,.310,.333,37,.441,.595,.258,.500,76
Baylor,2025-11-09,1,0,1,0,Lindenwood,.481,.500,.462,.875,76,.377,.355,.409,.636,63
Stephen F. Austin,2025-11-08,1,0,0,0,Tx A&M-Texarkana,.408,.605,.211,.857,76,.233,.277,.077,.400,37
Nicholls St.,2025-11-08,1,0,1,0,UTEP,.350,.425,.200,.625,61,.456,.556,.286,.720,76
Milwaukee,2025-11-07,0,1,0,1,Northern Ill.,.489,.464,.529,.676,76,.404,.463,.250,.714,65
Erskine,2025-11-06,0,0,0,1,USC Upstate,.286,.308,.258,.333,54,.397,.395,.400,.600,76
Houston,2025-11-04,0,0,0,0,UTA,.429,.548,.071,.692,76,.358,.375,.200,.769,59
Clemson,2025-11-03,0,0,0,0,USC Upstate,.509,.636,.333,.667,76,.348,.367,.313,.250,38
Illinois,2026-03-23 NCAA,22,11,28,4,Vanderbilt,.296,.375,.130,.800,57,.438,.447,.423,.727,75
Howard,2026-03-21 NCAA,26,7,26,7,Ohio St.,.339,.404,.000,.615,54,.450,.500,.375,.857,75
Green Bay,2026-03-20 NCAA,25,8,22,8,Minnesota,.444,.462,.400,.571,58,.476,.500,.400,.750,75
Chattanooga,2026-03-19,20,10,28,4,North Dakota St.,.463,.488,.364,.800,62,.476,.529,.250,.667,75
Nebraska,2026-03-18 NCAA,18,12,26,7,Richmond,.569,.621,.500,.857,75,.396,.567,.174,.714,56
Evansville,2026-03-14,9,24,20,12,Illinois St.,.429,.410,.471,.826,75,.411,.531,.250,.581,70
Ball St.,2026-03-11,25,6,17,13,Bowling Green,.415,.372,.500,.625,75,.371,.426,.188,.800,63
Howard,2026-03-11,23,7,5,24,South Carolina St.,.429,.509,.176,.857,75,.270,.304,.176,.857,43
Evansville,2026-03-08,7,23,9,19,Southern Ill.,.308,.349,.227,.750,69,.491,.511,.375,.769,75
Grand Canyon,2026-03-07,12,18,6,23,Utah St.,.467,.522,.286,.714,75,.352,.351,.353,1.000,58
South Dakota St.,2026-03-05,24,6,7,22,UMKC,.500,.561,.368,.615,75,.333,.367,.261,.700,61
Cal,2026-03-04,18,13,14,16,Wake Forest,.452,.568,.280,1.000,75,.375,.375,.375,.500,52
Eastern Wash.,2026-03-02,14,16,25,5,Idaho,.343,.333,.357,.667,64,.378,.407,.267,.714,75
Boise St.,2026-02-28,22,7,6,21,Utah St.,.483,.486,.478,.889,75,.375,.447,.222,.929,59
BYU,2026-02-28,19,10,20,9,Colorado,.418,.447,.353,.742,75,.404,.500,.261,.714,62
Delaware St.,2026-02-28,6,21,8,18,N.C. Central,.490,.516,.450,.640,75,.420,.391,.750,.568,66
Louisiana Tech,2026-02-28,21,5,16,10,Sam Houston,.483,.564,.316,.765,75,.349,.395,.280,.600,60
Bryant,2026-02-28,18,10,17,11,NJIT,.254,.333,.053,.778,42,.526,.656,.360,.545,75
Canisius,2026-02-28,5,23,23,5,Quinnipiac,.310,.318,.300,.556,37,.429,.350,.565,.727,75
App. St.,2026-02-27,11,17,17,13,Old Dominion,.381,.438,.200,.560,65,.417,.435,.357,.833,75
Gonzaga,2026-02-26,21,8,15,14,Saint Mary's,.472,.469,.476,.714,75,.472,.447,.533,.692,67
Coppin St.,2026-02-26,9,19,20,7,Howard,.356,.441,.240,.826,67,.433,.500,.278,.581,75
Central Conn St,2026-02-26,1,25,11,15,Mercyhurst,.446,.477,.333,.857,66,.419,.484,.355,.857,75
Montana,2026-02-26,7,19,12,16,Sacramento St.,.386,.387,.385,.750,57,.483,.543,.400,.875,75
Arizona,2026-02-24,11,16,7,20,Houston,.434,.452,.364,.926,75,.365,.405,.286,.882,67
Hofstra,2026-02-22,5,19,6,19,UNCW,.500,.579,.375,.667,75,.273,.324,.167,.667,43
Michigan St.,2026-02-22,21,6,21,6,Minnesota,.556,.615,.400,.750,75,.333,.362,.273,.692,61
Colorado,2026-02-21,19,8,24,4,Texas Tech,.473,.488,.429,.810,75,.591,.613,.538,.900,68
Idaho,2026-02-21,22,5,12,15,Sacramento St.,.426,.396,.538,.842,75,.318,.400,.226,.733,60
Kansas,2026-02-21,16,11,15,13,Kansas St.,.543,.645,.333,.800,75,.429,.541,.211,.727,68
Fla. Atlantic,2026-02-21,12,14,16,11,South Fla.,.322,.361,.261,.579,55,.536,.578,.364,.647,75
Cal,2026-02-19,16,11,9,17,Florida St.,.456,.531,.360,.778,75,.318,.298,.368,.619,62
Gonzaga,2026-02-19,19,8,5,22,Washington St.,.476,.511,.389,.727,75,.389,.500,.125,.545,50
Lindenwood,2026-02-19,20,7,4,21,Tennessee St.,.467,.568,.304,.800,75,.470,.542,.278,.429,70
Northern Ky.,2026-02-19,13,14,19,8,Youngstown St.,.345,.400,.200,.824,55,.475,.528,.391,.667,75
Arkansas St.,2026-02-18,20,7,11,14,Texas St.,.394,.444,.359,.900,75,.449,.488,.250,.750,61
Lehigh,2026-02-18,13,11,18,6,Navy,.500,.593,.381,.679,75,.421,.512,.143,.636,64
Arkansas,2026-02-16,11,15,17,8,Miss. St.,.333,.357,.292,.789,66,.450,.464,.438,.700,75
Stanford,2026-02-15,16,10,17,8,Virginia,.368,.447,.190,.750,69,.362,.381,.313,.875,75
Towson,2026-02-15,14,10,12,10,William & Mary,.368,.429,.211,1.000,70,.482,.478,.500,.800,75
Akron,2026-02-14,5,19,5,19,Northern Ill.,.422,.486,.333,.632,75,.393,.405,.357,.864,68
Arizona,2026-02-14,11,13,20,6,Arizona St.,.403,.512,.158,.941,69,.458,.514,.364,.650,75
Coppin St.,2026-02-14,8,18,7,15,N.C. Central,.403,.421,.375,.842,75,.359,.256,.571,.625,68
Fairfield,2026-02-14,21,4,21,4,Quinnipiac,.500,.581,.391,.800,75,.522,.625,.286,.917,63
Oklahoma St.,2026-02-14,19,7,23,3,Texas Tech,.538,.556,.500,.611,75,.411,.543,.190,.789,65
Longwood,2026-02-14,18,6,11,15,Winthrop,.393,.429,.316,.688,65,.519,.553,.286,.739,75
Kentucky,2026-02-12,18,7,9,10,Texas A&M,.361,.404,.280,.640,75,.333,.395,.091,.750,55
Lamar,2026-02-12,14,8,15,9,UTRGV,.304,.417,.100,.895,53,.596,.583,.636,.706,75
Boise St.,2026-02-11,19,5,12,13,Fresno St.,.379,.409,.318,.667,69,.431,.462,.368,.667,75
Colgate,2026-02-11,6,17,14,9,Holy Cross,.443,.435,.467,1.000,64,.458,.511,.286,.773,75
High Point,2026-02-11,21,3,17,6,Longwood,.400,.385,.423,.625,73,.361,.412,.238,.783,75
Richmond,2026-02-11,20,4,14,11,St. Bonaventure,.400,.452,.345,.810,75,.389,.500,.250,.667,52
Massachusetts,2026-02-10,16,5,5,18,Northern Ill.,.492,.590,.318,.727,75,.370,.514,.059,.650,54
Elon,2026-02-08,10,12,12,9,William & Mary,.338,.345,.313,.815,75,.316,.366,.188,.867,52
Arkansas,2026-02-08,11,13,14,11,Florida,.348,.400,.290,.778,69,.388,.419,.333,.714,75
Hampton,2026-02-08,9,13,3,18,Hofstra,.365,.333,.438,.560,59,.435,.429,.450,.750,75
Dayton,2026-02-07,12,11,15,7,Saint Joseph's,.549,.594,.474,.833,75,.463,.521,.316,.500,73
Dartmouth,2026-02-07,10,10,12,8,Harvard,.294,.304,.273,.706,35,.403,.512,.241,.667,75
Incarnate Word,2026-02-07,10,11,19,4,McNeese,.488,.500,.471,.571,54,.427,.406,.545,.556,75
Missouri St.,2026-02-07,14,8,5,16,Western Ky.,.411,.342,.556,.826,75,.365,.438,.250,.750,52
Eastern Ill.,2026-02-07,4,20,12,10,Tennessee Tech,.441,.457,.417,.727,70,.349,.413,.150,.700,75
North Florida,2026-02-07,8,14,14,8,West Ga.,.436,.559,.238,.714,68,.397,.571,.233,.846,75
Drexel,2026-02-06,13,7,9,12,Hampton,.484,.565,.250,.786,75,.243,.283,.143,.750,42
Alcorn St.,2026-02-05,11,9,4,15,MVSU,.380,.419,.321,.545,75,.403,.423,.333,.813,72
Central Conn St,2026-02-05,0,21,6,17,Chicago St.,.446,.469,.286,.739,69,.373,.487,.214,.704,75
Loyola Marymount,2026-02-05,14,8,13,10,Saint Mary's,.500,.600,.316,.882,75,.460,.548,.316,.680,69
Saint Peter's,2026-02-05,6,15,9,12,Siena,.434,.481,.385,.600,62,.426,.429,.423,.800,75
Eastern Mich.,2026-02-04,10,10,15,4,Massachusetts,.421,.487,.278,1.000,60,.441,.538,.250,.750,75
Tulsa,2026-02-03,15,6,5,17,Wichita St.,.490,.581,.350,.857,75,.441,.442,.438,.545,65
Illinois,2026-02-01,15,6,17,4,Washington,.450,.511,.267,.708,75,.540,.600,.300,.900,66
Central Mich.,2026-01-31,12,7,4,16,Northern Ill.,.491,.543,.389,.615,75,.510,.500,.529,.550,70
Milwaukee,2026-01-31,7,16,6,16,Wright St.,.491,.467,.522,.688,75,.414,.462,.375,.714,70
Oregon St.,2026-01-31,16,6,13,8,San Francisco,.468,.535,.316,.733,75,.371,.392,.273,.800,53
Alabama St.,2026-01-29,7,11,5,13,Florida A&M,.410,.417,.385,.741,75,.339,.373,.125,.793,64
Long Beach State,2026-01-29,2,17,6,13,UC Riverside,.481,.484,.476,.833,75,.434,.429,.444,.818,72
Dayton,2026-01-28,10,10,12,9,St. Bonaventure,.441,.548,.321,.667,75,.441,.463,.389,.706,71
Miami (FL),2026-01-25,11,8,8,12,SMU,.415,.400,.467,.700,75,.426,.467,.375,.846,66
Boise St.,2026-01-24,15,5,6,13,Grand Canyon,.475,.479,.462,.786,75,.371,.474,.208,.667,65
Mass.-Lowell,2026-01-24,6,13,9,9,UMBC,.317,.500,.152,.700,52,.518,.571,.357,.750,75
Ohio,2026-01-24,12,5,8,8,Toledo,.367,.424,.296,.700,66,.483,.649,.190,.789,75
Marist,2026-01-22,6,13,7,11,Siena,.426,.421,.435,1.000,75,.474,.512,.375,.706,72
Dayton,2026-01-21,9,9,7,11,Duquesne,.443,.581,.300,.800,75,.328,.342,.304,.846,58
IU Indy,2026-01-21,7,11,10,11,Northern Ky.,.466,.512,.333,.727,75,.400,.533,.100,.667,70
North Dakota St.,2026-01-21,16,2,9,10,St. Thomas,.423,.515,.263,.839,75,.473,.537,.286,.667,66
Merrimack,2026-01-19,8,8,13,4,Quinnipiac,.400,.382,.438,.700,61,.459,.543,.346,.769,75
Iowa,2026-01-18,15,2,17,1,Michigan St.,.536,.667,.348,.700,75,.446,.475,.375,.750,68
Colorado St.,2026-01-17,14,4,2,16,San Jose St.,.397,.421,.360,.941,75,.382,.483,.269,.647,60
Grand Canyon,2026-01-17,5,12,12,6,New Mexico,.518,.561,.400,.786,75,.385,.435,.263,.636,62
St. Thomas,2026-01-17,9,9,5,13,UMKC,.388,.538,.217,.773,60,.429,.489,.278,.727,75
San Diego St.,2026-01-17,13,3,12,5,UNLV,.466,.486,.435,.846,75,.491,.500,.462,.545,66
Denver,2026-01-17,7,10,13,5,South Dakota,.316,.359,.222,.833,55,.429,.475,.348,.813,75
South Fla.,2026-01-17,11,7,3,15,Wichita St.,.517,.600,.231,.667,75,.392,.405,.333,.667,53
Little Rock,2026-01-17,9,8,14,2,Western Ill.,.271,.294,.211,.773,59,.491,.541,.375,.895,75
Arkansas St.,2026-01-15,14,4,1,15,Louisiana,.333,.438,.265,.615,75,.241,.282,.158,.500,34
Memphis,2026-01-13,7,10,9,7,North Texas,.385,.367,.438,.500,64,.500,.533,.286,.636,75
Cal St Bakersfield,2026-01-10,5,10,1,13,Long Beach State,.483,.613,.333,.909,75,.275,.318,.200,.500,48
Murray St.,2026-01-09,12,2,8,6,UNI,.400,.444,.333,.792,75,.410,.471,.100,.690,71
Cal Baptist,2026-01-08,9,7,5,7,Utah Tech,.380,.425,.323,.846,75,.397,.400,.391,.632,67
Clemson,2026-01-08,11,5,11,4,NC State,.484,.579,.333,.778,75,.413,.500,.211,.900,65
Eastern Ill.,2026-01-08,1,14,10,3,Tennessee Tech,.544,.591,.385,.800,75,.474,.475,.471,.600,74
Evansville,2026-01-08,3,11,3,10,Southern Ill.,.444,.511,.278,.737,75,.391,.448,.091,.682,70
Ill.-Chicago,2026-01-08,7,8,7,8,Illinois St.,.540,.542,.500,.545,61,.527,.575,.400,.846,75
North Dakota,2026-01-08,3,12,2,15,Omaha,.471,.630,.292,.800,75,.364,.417,.323,.500,54
Purdue,2026-01-08,8,7,11,4,Wisconsin,.472,.394,.600,.765,75,.385,.457,.300,.727,67
SFU,2026-01-08,0,13,6,7,Wagner,.415,.387,.455,.808,75,.403,.463,.000,.459,67
Incarnate Word,2026-01-08,6,6,9,5,Stephen F. Austin,.338,.404,.190,.867,63,.492,.542,.308,.688,75
Arizona,2026-01-06,9,5,13,2,BYU,.396,.462,.214,.909,75,.436,.500,.360,.600,72
Belmont,2026-01-04,7,7,7,7,Illinois St.,.475,.600,.238,.571,75,.464,.500,.417,.400,68
Detroit Mercy,2026-01-04,4,9,5,11,Northern Ky.,.333,.310,.400,.684,57,.361,.405,.300,.700,75
Binghamton,2026-01-03,8,5,10,4,NJIT,.424,.524,.176,.815,75,.438,.500,.357,.500,71
Lindenwood,2026-01-03,9,5,9,3,Southern Ind.,.483,.629,.261,.867,75,.383,.415,.316,.867,65
Kent St.,2026-01-03,5,8,9,2,Massachusetts,.394,.490,.150,.786,70,.403,.432,.333,.731,75
Jacksonville St.,2026-01-02,6,6,4,7,Western Ky.,.433,.483,.387,1.000,75,.370,.414,.294,.563,48
Cal Poly,2026-01-01,2,10,6,5,UC San Diego,.351,.381,.267,.833,54,.446,.583,.276,.692,75
Miami (FL),2026-01-01,9,4,11,3,Virginia Tech,.431,.509,.133,.579,75,.424,.413,.450,.400,67
Auburn,2026-01-01,11,3,13,1,Miss. St.,.352,.436,.133,.650,53,.458,.526,.333,.824,75
DePaul,2026-01-01,3,12,12,3,St. John's (NY),.349,.386,.263,.600,58,.583,.686,.308,.833,75
Arizona,2025-12-31,9,3,9,4,Colorado,.370,.389,.333,.667,56,.448,.550,.222,.760,75
Ill.-Chicago,2025-12-31,6,7,6,6,UNI,.525,.521,.545,.750,74,.542,.604,.273,.500,75
Presbyterian,2025-12-31,2,11,8,7,Radford,.204,.200,.214,.500,32,.431,.432,.429,.625,75
Gonzaga,2025-12-30,9,5,9,4,Pepperdine,.452,.477,.389,.750,75,.382,.515,.182,.667,52
Delaware St.,2025-12-29,3,11,8,4,NJIT,.426,.490,.167,.533,62,.438,.500,.300,.722,75
Seton Hall,2025-12-28,8,4,8,4,Xavier,.468,.400,.588,.808,75,.389,.467,.292,.600,55
SIU Edwardsville,2025-12-22,8,3,9,1,Western Ill.,.365,.389,.313,.800,51,.435,.440,.417,.800,75
Dayton,2025-12-21,6,5,2,9,Evansville,.596,.750,.267,.556,75,.375,.455,.200,.778,66
George Washington,2025-12-21,7,5,6,5,Northwestern,.421,.410,.444,.731,75,.365,.348,.412,.600,62
Akron,2025-12-20,2,8,5,4,Delaware,.370,.438,.273,.833,56,.474,.486,.455,.733,75
Lehigh,2025-12-20,4,6,5,5,Towson,.447,.542,.348,.739,67,.443,.487,.364,.684,75
App. St.,2025-12-17,6,3,9,3,Marshall,.375,.359,.412,.813,62,.540,.618,.375,.833,75
Georgian Court,2025-12-17,0,0,4,8,Stony Brook,.389,.463,.154,.600,50,.463,.463,.462,.731,75
Toledo,2025-12-17,3,5,0,0,Wayne St. (MI),.509,.525,.462,.789,75,.433,.500,.250,.875,63
Charleston,2025-12-14,6,2,4,7,Florida St.,.329,.314,.357,.813,75,.373,.432,.300,.733,70
Colorado,2025-12-14,7,3,7,3,Miami (OH),.491,.571,.267,.789,75,.358,.519,.192,.706,55
East Carolina,2025-12-14,5,5,3,7,UNCA,.377,.417,.231,.897,75,.373,.405,.318,.833,61
Creighton,2025-12-14,4,4,6,6,Kansas St.,.407,.471,.320,.882,71,.474,.514,.400,.650,75
Eastern Ky.,2025-12-14,7,2,8,3,Marshall,.385,.467,.273,.667,50,.485,.619,.250,.417,75
Rice,2025-12-12,7,3,5,4,UTA,.400,.484,.292,.800,75,.300,.271,.455,.438,54
Columbia Col.,2025-12-09,0,0,6,1,Western Ill.,.220,.265,.160,.700,37,.477,.528,.250,.714,75
Alabama,2025-12-07,9,0,6,2,La.-Monroe,.552,.735,.292,.800,75,.327,.410,.000,.750,38
Florida,2025-12-07,8,2,6,2,South Ala.,.467,.571,.222,.682,75,.359,.333,.438,.615,61
Lehigh,2025-12-07,4,5,2,5,Mt. St. Mary's,.346,.333,.360,.731,64,.425,.434,.400,.556,75
Long Beach State,2025-12-06,0,7,4,4,UC San Diego,.327,.364,.300,.500,45,.492,.647,.310,.444,75
Rice,2025-12-06,6,3,5,3,UNLV,.438,.381,.545,.875,75,.351,.362,.300,.583,50
Coppin St.,2025-12-03,1,7,5,3,Marshall,.373,.395,.308,.647,53,.419,.483,.364,.917,75
Cincinnati,2025-12-03,4,4,5,3,Miami (OH),.368,.403,.214,.571,71,.446,.522,.263,.800,75
Portland St.,2025-12-03,2,5,7,1,South Dakota,.220,.154,.350,.857,51,.458,.465,.438,.700,75
Canisius,2025-11-30,0,7,0,5,Mercyhurst,.549,.622,.357,.700,75,.309,.367,.263,.750,67
Florida A&M,2025-11-30,0,6,5,1,South Ala.,.310,.391,.000,.750,54,.433,.526,.273,.630,75
Kent St.,2025-11-28,3,4,5,0,Tulsa,.411,.488,.200,.929,75,.310,.276,.345,.821,69
Portland St.,2025-11-28,1,4,0,4,San Jose St.,.409,.457,.300,.789,75,.397,.465,.250,.563,64
Morgan St.,2025-11-27,1,6,4,2,Rice,.357,.361,.333,.632,44,.413,.514,.269,.889,75
Baylor,2025-11-26,5,1,3,2,Louisiana Tech,.458,.556,.304,.667,75,.290,.366,.143,.467,46
East Carolina,2025-11-26,2,3,4,1,UCF,.313,.405,.160,.789,61,.484,.560,.167,.722,75
Cleveland St.,2025-11-26,4,1,5,1,St. Bonaventure,.532,.700,.235,.724,75,.441,.488,.333,.722,71
Illinois St.,2025-11-26,4,1,3,2,Rice,.382,.400,.308,.800,72,.368,.458,.150,.786,75
Florida A&M,2025-11-25,0,5,3,3,Mercer,.368,.426,.100,.762,59,.394,.434,.278,.700,75
Evansville,2025-11-25,1,4,3,2,SIU Edwardsville,.472,.391,.533,.300,69,.492,.561,.350,1.000,75
UMKC,2025-11-25,2,3,4,0,UTEP,.407,.349,.563,.583,64,.446,.415,.533,.680,75
Southern Ill.,2025-11-25,1,2,3,3,Winthrop,.415,.526,.133,.789,61,.468,.500,.421,.697,75
Chadron St.,2025-11-25,0,0,1,4,Wyoming,.259,.371,.087,.462,38,.484,.641,.240,.875,75
Arkansas St.,2025-11-23,2,3,1,3,Jackson St.,.459,.588,.296,.647,75,.362,.318,.500,.769,69
Bowling Green,2025-11-21,1,3,2,2,UC Irvine,.241,.320,.182,.800,50,.426,.514,.308,.882,75
Charleston,2025-11-21,4,0,2,2,Quinnipiac,.528,.513,.571,.611,75,.414,.462,.375,.846,71
DePaul,2025-11-21,1,3,1,4,Grambling,.500,.588,.350,.700,75,.258,.283,.188,.444,39
Presbyterian,2025-11-21,2,3,1,3,UNCW,.339,.391,.188,.526,55,.542,.583,.417,.600,75
Cleveland St.,2025-11-21,4,0,4,0,Northwestern,.339,.333,.346,.826,68,.400,.514,.267,.833,75
Providence,2025-11-21,3,1,0,4,Yale,.500,.467,.667,.652,75,.397,.434,.200,.800,64
Evansville,2025-11-20,0,4,2,2,IU Indy,.462,.455,.474,.750,75,.340,.345,.333,.583,58
San Jose St.,2025-11-19,0,2,3,1,UCSB,.383,.583,.174,.714,60,.369,.400,.333,.850,75
Marquette,2025-11-19,3,1,2,3,Milwaukee,.433,.432,.435,.813,75,.298,.361,.190,.833,43
Charleston,2025-11-18,3,0,1,2,N.C. Central,.320,.328,.294,.815,75,.391,.423,.294,.250,60
Bradley,2025-11-15,2,0,1,2,IU Indy,.424,.477,.267,.684,67,.435,.549,.111,.650,75
Cal Poly,2025-11-15,1,1,1,3,Seattle,.444,.532,.188,.700,73,.463,.522,.333,.667,75
Queens (NC),2025-11-15,2,1,1,2,Winthrop,.472,.467,.478,.571,69,.436,.525,.200,.686,75
Charleston,2025-11-14,2,0,2,0,Iona,.476,.605,.200,.688,75,.290,.341,.167,.714,44
La Salle,2025-11-14,3,0,2,1,Temple,.323,.400,.067,.733,54,.397,.458,.250,.941,75
Houston Christian,2025-11-13,0,2,2,0,Tulsa,.571,.680,.412,.667,67,.444,.531,.318,.714,75
UC Davis,2025-11-12,2,0,1,1,Weber St.,.426,.448,.406,.909,75,.309,.375,.214,.667,52
Austin Peay,2025-11-12,1,0,2,0,Vanderbilt,.393,.500,.250,.750,65,.473,.529,.381,.600,75
Georgia St.,2025-11-11,1,1,1,1,Wofford,.369,.364,.375,.750,75,.357,.488,.172,.722,68
Utah,2025-11-11,2,0,2,0,Utah Valley,.549,.556,.542,.545,75,.328,.327,.333,.667,52
Milwaukee,2025-11-10,1,1,1,1,Wisconsin,.296,.273,.333,.875,46,.450,.556,.292,.933,75
Arizona,2025-11-09,1,0,1,0,UC Irvine,.393,.500,.240,.875,75,.378,.464,.235,.697,61
Illinois,2025-11-09,1,0,1,0,Illinois St.,.466,.511,.273,.783,75,.482,.548,.286,.875,65
Kansas,2025-11-09,1,0,1,1,NW St.,.500,.625,.143,.792,75,.317,.351,.261,.889,60
Houston Christian,2025-11-09,0,1,1,1,Tarleton St.,.393,.359,.471,.633,71,.406,.512,.217,.750,75
Northeastern,2025-11-07,0,1,0,0,Yale,.452,.479,.357,.700,75,.368,.412,.235,.909,64
Air Force,2025-11-07,1,0,1,0,South Dakota,.358,.436,.143,.556,50,.574,.628,.364,.750,75
Florida Tech,2025-11-06,0,0,1,0,Jacksonville,.281,.273,.292,.800,47,.422,.447,.353,.714,75
Fisk,2025-11-06,0,0,1,0,North Ala.,.278,.304,.125,.524,42,.418,.574,.188,.600,75
Fairfield,2025-11-05,0,0,1,0,Villanova,.426,.500,.333,.840,75,.421,.514,.250,.769,63
Colorado St.,2025-11-04,0,0,0,0,Weber St.,.517,.625,.278,.714,75,.367,.545,.148,.833,58
Bethune-Cookman,2025-11-03,0,0,0,0,UCF,.244,.257,.200,.545,36,.475,.558,.250,.682,75
Kentucky,2025-11-03,0,0,0,0,Morehead St.,.373,.471,.167,.682,75,.357,.345,.370,.563,59
LIU,2025-11-03,0,0,0,0,Northeastern,.500,.645,.235,.697,75,.339,.341,.333,.571,60
Montevallo,2025-11-03,0,0,0,0,Samford,.313,.269,.364,.750,53,.388,.469,.314,.750,75
Cal,2026-03-26,21,14,22,8,Columbia,.510,.571,.375,.833,68,.484,.543,.333,.667,74
Army,2026-03-25,25,7,19,13,La Salle,.563,.586,.526,.769,74,.379,.378,.385,.778,63
Cleveland St.,2026-03-23,24,9,21,11,Monmouth,.433,.426,.462,.696,74,.443,.553,.261,.727,68
Kentucky,2026-03-23 NCAA,24,10,28,6,West Virginia,.482,.564,.294,.833,74,.417,.390,.474,.875,73
Maryland,2026-03-22 NCAA,24,8,27,7,UNC,.324,.417,.130,.548,66,.491,.522,.364,.700,74
Columbia,2026-03-19,20,8,22,11,St. John's (NY),.469,.535,.333,.583,74,.261,.423,.050,.333,26
Abilene Christ.,2026-03-14,23,9,22,10,Cal Baptist,.308,.300,.313,.889,58,.441,.561,.259,.778,74
FIU,2026-03-13,20,10,20,12,Missouri St.,.369,.429,.188,.643,69,.510,.606,.313,.760,74
Bradley,2026-03-13,20,11,17,13,UNI,.350,.355,.345,.913,73,.472,.500,.385,.704,74
Charlotte,2026-03-10,14,17,13,17,Fla. Atlantic,.333,.347,.313,.500,70,.421,.474,.316,.741,74
Fresno St.,2026-03-07,14,17,10,20,Nevada,.417,.467,.367,.813,74,.327,.341,.200,.828,57
Hawaii,2026-03-07,19,10,5,24,Long Beach State,.534,.523,.571,.667,74,.268,.294,.227,.400,39
South Dakota,2026-03-07,23,8,25,6,South Dakota St.,.396,.583,.241,.667,59,.414,.500,.273,.714,74
Kansas St.,2026-03-07,18,16,28,4,TCU,.369,.436,.269,.636,62,.500,.568,.391,.625,74
Drexel,2026-03-07,20,8,16,13,Towson,.313,.308,.333,.733,58,.438,.486,.370,.667,74
Kansas St.,2026-03-06,17,16,23,8,Oklahoma St.,.536,.600,.462,.400,74,.519,.559,.450,.667,73
SE Missouri St,2026-03-06,14,17,24,5,Western Ill.,.359,.343,.379,.750,66,.500,.537,.333,.955,74
Howard,2026-03-05,22,7,16,12,Norfolk St.,.377,.390,.350,.808,74,.367,.450,.200,.524,59
Southern Utah,2026-03-05,19,9,14,13,Utah Valley,.462,.471,.455,.700,53,.446,.462,.385,.786,74
IU Indy,2026-03-04,13,16,15,16,Northern Ky.,.527,.667,.188,.722,74,.394,.391,.400,.857,72
Akron,2026-03-04,7,22,21,6,Massachusetts,.423,.500,.357,.909,64,.519,.611,.333,.632,74
Air Force,2026-03-03,13,16,24,4,San Diego St.,.361,.396,.231,.625,57,.500,.419,.647,.882,74
Duke,2026-03-01,21,7,24,6,UNC,.385,.340,.500,.667,69,.404,.441,.348,.741,74
Davidson,2026-02-28,19,11,11,19,Saint Louis,.413,.421,.400,.800,74,.455,.575,.133,.833,62
Binghamton,2026-02-28,18,10,16,12,Maine,.375,.324,.444,.538,67,.500,.559,.400,.750,74
Md.-East. Shore,2026-02-28,16,13,5,22,South Carolina St.,.418,.395,.500,.786,74,.196,.176,.235,.529,33
Akron,2026-02-28,7,21,23,5,Miami (OH),.440,.444,.435,.667,56,.527,.647,.333,.643,74
Georgia St.,2026-02-27,9,20,4,24,Louisiana,.333,.353,.314,.810,74,.444,.453,.400,.727,68
Florida,2026-02-26,16,13,21,8,Ole Miss,.591,.625,.250,.750,74,.386,.371,.409,.667,67
New Orleans,2026-02-26,3,24,4,22,Southeastern LA,.315,.318,.310,.563,64,.433,.421,.455,.706,74
UCF,2026-02-25,10,17,22,6,West Virginia,.510,.581,.000,.750,62,.517,.535,.467,.636,74
Auburn,2026-02-23,14,13,20,7,Georgia,.404,.517,.222,.769,52,.568,.692,.389,.895,74
Detroit Mercy,2026-02-22,5,21,11,15,IU Indy,.414,.488,.200,.656,72,.415,.447,.333,.641,74
Louisville,2026-02-22,24,4,18,8,Virginia,.362,.395,.308,.933,72,.500,.513,.471,.769,74
Arizona,2026-02-21,11,15,22,6,Baylor,.324,.377,.133,.778,60,.386,.455,.269,.867,74
Delaware St.,2026-02-21,4,21,4,22,Morgan St.,.527,.625,.267,.571,74,.417,.500,.214,.571,59
Cornell,2026-02-21,8,15,14,9,Harvard,.295,.219,.500,.833,37,.484,.537,.381,.857,74
App. St.,2026-02-21,11,15,20,8,James Madison,.396,.421,.333,.250,48,.491,.564,.313,.789,74
Loyola Marymount,2026-02-21,18,8,9,19,San Diego,.449,.532,.273,.667,74,.380,.486,.077,.710,61
Morehead St.,2026-02-21,17,11,22,4,Western Ill.,.392,.520,.269,.545,53,.453,.459,.438,.731,74
Cal St Northridge,2026-02-19,8,15,17,7,UCSB,.420,.500,.250,.857,58,.400,.429,.375,1.000,74
Cleveland St.,2026-02-19,20,8,11,14,IU Indy,.441,.463,.357,.692,74,.333,.361,.278,.364,45
LIU,2026-02-19,16,8,2,22,SFU,.458,.552,.316,.828,74,.328,.375,.188,.875,59
Eastern Ill.,2026-02-19,4,23,16,11,Morehead St.,.415,.400,.444,.692,70,.529,.700,.286,.667,74
Minnesota,2026-02-18,20,6,22,4,Ohio St.,.397,.383,.429,1.000,74,.393,.381,.421,.714,61
East Carolina,2026-02-17,19,7,12,13,Fla. Atlantic,.357,.407,.188,.778,74,.468,.529,.308,.591,61
Kentucky,2026-02-15,19,7,20,5,Ole Miss,.509,.579,.368,.900,74,.271,.295,.200,.880,57
Creighton,2026-02-15,12,13,20,5,Villanova,.396,.471,.263,.654,64,.418,.481,.200,.938,74
Grand Canyon,2026-02-14,9,15,16,8,UNLV,.368,.394,.333,.714,65,.393,.459,.292,.731,74
Eastern Wash.,2026-02-14,12,13,7,19,Weber St.,.358,.357,.360,.882,72,.450,.378,.565,.875,74
Bellarmine,2026-02-12,2,23,8,15,Lipscomb,.310,.342,.250,.600,44,.439,.571,.361,.786,74
Missouri St.,2026-02-12,15,8,14,7,Sam Houston,.490,.512,.400,.765,67,.355,.308,.600,.727,74
Ga Tech,2026-02-08,10,14,16,8,Stanford,.462,.568,.321,.714,74,.328,.432,.200,.667,52
Indiana,2026-02-08,13,11,11,12,Purdue,.490,.526,.385,.792,74,.333,.356,.292,.600,59
Rhode Island,2026-02-08,20,2,11,14,Saint Louis,.453,.511,.294,1.000,74,.259,.263,.250,.615,43
Abilene Christ.,2026-02-07,17,6,15,8,Cal Baptist,.410,.417,.400,.917,71,.492,.543,.423,.600,74
Oral Roberts,2026-02-07,12,10,18,6,South Dakota,.410,.400,.429,.500,69,.448,.548,.188,.704,74
Ark-Pine Bluff,2026-02-05,7,12,6,15,Jackson St.,.491,.550,.353,.462,74,.385,.452,.261,.923,68
North Dakota St.,2026-02-05,20,2,7,15,UMKC,.479,.593,.333,.808,74,.426,.447,.333,.375,49
Incarnate Word,2026-02-05,10,10,2,18,Southeastern LA,.383,.467,.300,.750,64,.439,.485,.375,.750,74
North Florida,2026-02-05,8,13,13,8,Stetson,.392,.548,.150,.765,56,.537,.655,.400,.545,74
Arizona St.,2026-02-04,18,5,18,5,Oklahoma St.,.455,.500,.368,.773,74,.319,.381,.222,.864,69
Canisius,2026-02-03,3,18,0,21,Niagara,.553,.588,.462,.800,74,.379,.413,.250,.550,58
Arizona St.,2026-02-01,18,4,11,11,Kansas St.,.435,.564,.217,.800,67,.511,.444,.600,.737,74
Pepperdine,2026-01-31,13,9,18,5,Santa Clara,.509,.585,.313,.579,74,.307,.308,.306,.714,72
Memphis,2026-01-31,8,12,14,6,Tulsa,.441,.518,.083,.471,69,.379,.460,.125,.667,74
Eastern Ky.,2026-01-30,18,4,8,12,Queens (NC),.446,.618,.258,1.000,74,.393,.441,.333,.250,59
FIU,2026-01-30,11,7,9,9,Liberty,.400,.417,.368,.821,74,.420,.464,.364,.733,61
Duke,2026-01-29,14,6,12,8,Miami (FL),.500,.488,.538,.500,74,.411,.489,.091,.688,58
Gonzaga,2026-01-29,14,7,13,7,San Francisco,.324,.356,.269,.808,74,.333,.405,.222,.824,66
DePaul,2026-01-28,5,17,13,7,Marquette,.359,.373,.333,.500,73,.646,.757,.273,.692,74
Oregon,2026-01-28,15,7,9,11,Rutgers,.446,.526,.333,.700,74,.362,.395,.300,.556,53
Presbyterian,2026-01-28,3,17,10,11,Winthrop,.250,.294,.167,.650,42,.517,.553,.364,.500,74
Arkansas St.,2026-01-25,17,4,14,7,James Madison,.450,.525,.300,.933,74,.475,.550,.316,.625,67
FIU,2026-01-24,11,6,12,5,Louisiana Tech,.409,.440,.368,.762,59,.478,.643,.200,.625,74
Loyola (IL),2026-01-24,8,11,11,10,Saint Louis,.500,.706,.208,.611,74,.386,.485,.091,.750,59
Air Force,2026-01-24,8,11,12,7,New Mexico,.360,.367,.350,.778,57,.455,.533,.360,.750,74
Manhattan,2026-01-24,5,13,15,4,Quinnipiac,.458,.541,.182,.909,56,.566,.706,.316,.800,74
Robert Morris,2026-01-24,13,6,6,14,Wright St.,.481,.543,.368,.652,74,.351,.364,.333,.833,53
Central Conn St,2026-01-24,0,18,6,12,Stonehill,.371,.419,.263,.933,65,.522,.536,.500,.773,74
Utah St.,2026-01-24,6,12,6,12,Wyoming,.382,.457,.250,.818,56,.574,.611,.500,.600,74
Longwood,2026-01-23,13,6,6,14,USC Upstate,.360,.444,.233,.722,74,.383,.375,.400,.444,50
Austin Peay,2026-01-22,11,5,9,8,Fla. Gulf Coast,.509,.667,.211,.824,74,.488,.500,.455,.677,66
UC Irvine,2026-01-22,16,2,6,11,UC Riverside,.444,.484,.391,.773,74,.429,.515,.304,.813,68
Houston Christian,2026-01-22,5,11,8,8,Incarnate Word,.333,.395,.231,.813,65,.456,.452,.462,.833,74
Michigan St.,2026-01-22,17,2,11,7,USC,.382,.418,.231,.792,74,.474,.571,.318,.875,68
Miami (FL),2026-01-22,11,7,12,6,Notre Dame,.510,.571,.357,.579,66,.431,.433,.429,.778,74
Akron,2026-01-21,3,15,10,6,Central Mich.,.352,.529,.050,.636,53,.452,.490,.273,.556,74
High Point,2026-01-21,16,2,10,10,Winthrop,.474,.571,.318,.765,74,.386,.513,.111,.737,60
Colorado,2026-01-18,12,6,9,8,UCF,.410,.488,.250,.619,68,.404,.410,.389,.750,74
Illinois,2026-01-18,14,4,8,10,Northwestern,.379,.417,.278,.864,74,.452,.476,.400,.778,71
Jacksonville St.,2026-01-17,8,8,8,7,Kennesaw St.,.482,.464,.500,.750,74,.339,.358,.222,.500,47
Loyola Marymount,2026-01-17,10,7,7,10,Pacific,.525,.547,.375,.700,74,.383,.500,.176,.882,54
Central Conn St,2026-01-17,0,16,1,15,SFU,.344,.367,.250,.783,63,.424,.515,.308,.696,74
Saint Peter's,2026-01-17,3,13,6,10,Siena,.281,.351,.185,.545,47,.551,.692,.391,.647,74
Charleston,2026-01-16,12,3,8,6,Drexel,.423,.509,.167,.846,74,.414,.525,.167,1.000,64
Iowa,2026-01-15,14,2,14,4,Oregon,.466,.500,.417,.588,74,.426,.421,.435,.800,66
Davidson,2026-01-14,12,6,8,8,Fordham,.475,.633,.310,.643,74,.429,.421,.455,.429,50
Eastern Ill.,2026-01-13,3,14,13,2,Western Ill.,.390,.432,.267,.733,61,.396,.391,.429,.806,74
Alabama,2026-01-12,16,1,12,6,Missouri,.424,.449,.353,.923,74,.379,.351,.429,.769,63
Detroit Mercy,2026-01-10,4,11,12,5,Green Bay,.284,.324,.233,.800,53,.475,.625,.296,.909,74
Manhattan,2026-01-10,2,12,0,14,Niagara,.466,.489,.364,.842,74,.305,.341,.200,.778,53
Central Mich.,2026-01-10,9,5,10,3,Massachusetts,.468,.509,.222,.632,72,.403,.488,.250,.700,74
Jacksonville,2026-01-10,10,4,9,5,West Ga.,.306,.422,.000,.600,59,.451,.516,.350,.750,74
Detroit Mercy,2026-01-08,4,10,5,11,Milwaukee,.367,.463,.158,.560,61,.519,.484,.571,.471,74
Oklahoma,2026-01-08,14,1,14,3,Ole Miss,.343,.405,.240,.739,69,.475,.489,.417,.867,74
Fort Wayne,2026-01-08,11,5,10,4,Robert Morris,.451,.485,.389,.786,64,.500,.500,.500,.917,74
Denver,2026-01-08,7,8,7,8,St. Thomas,.426,.463,.350,.462,65,.388,.395,.375,.722,74
Florida,2026-01-08,12,5,7,4,Texas A&M,.356,.389,.304,.773,66,.439,.553,.211,.714,74
Fla. Atlantic,2026-01-07,6,8,6,9,Memphis,.403,.500,.217,.500,66,.411,.426,.333,.556,74
Kentucky,2026-01-04,14,1,12,4,Missouri,.439,.529,.344,.625,74,.297,.389,.179,.900,52
Pacific,2026-01-04,7,7,8,7,Portland,.267,.306,.208,.800,53,.391,.400,.357,.704,74
Florida,2026-01-04,12,4,14,1,South Carolina,.338,.429,.174,.882,63,.343,.388,.238,.677,74
Penn St.,2026-01-04,7,7,10,4,Wisconsin,.482,.556,.350,.750,73,.468,.578,.176,.867,74
Albany (NY),2026-01-03,10,4,6,8,Mass.-Lowell,.643,.700,.591,.700,74,.417,.444,.381,.824,62
Ball St.,2026-01-03,10,4,2,10,Northern Ill.,.519,.633,.375,.818,74,.396,.486,.154,.667,56
East Carolina,2026-01-03,9,5,6,8,Memphis,.369,.426,.222,.786,74,.424,.462,.143,.737,65
Bucknell,2026-01-03,4,8,5,7,Lehigh,.462,.516,.250,.357,43,.490,.667,.412,1.000,74
Penn,2026-01-03,10,3,12,1,Princeton,.448,.447,.450,.875,68,.411,.429,.381,.714,74
Alabama A&M,2026-01-01,4,8,1,10,MVSU,.394,.431,.000,.552,72,.381,.525,.130,.697,74
NC State,2026-01-01,9,4,12,2,Stanford,.467,.471,.444,.824,74,.300,.378,.174,.600,46
Tarleton St.,2026-01-01,7,5,7,5,Utah Valley,.375,.484,.176,.667,49,.429,.452,.381,.857,74
Creighton,2026-01-01,6,7,11,2,Villanova,.410,.424,.393,.300,64,.508,.512,.500,.600,74
Pitt,2026-01-01,7,8,11,3,Wake Forest,.343,.392,.211,.750,55,.500,.559,.417,.667,74
Boise St.,2025-12-31,9,4,4,8,Nevada,.475,.488,.444,.889,74,.383,.455,.188,.684,62
Dayton,2025-12-31,7,5,6,6,George Mason,.389,.450,.214,.636,59,.403,.469,.222,.762,74
San Jose St.,2025-12-31,2,11,5,6,Utah St.,.319,.344,.300,.600,61,.384,.538,.206,.733,74
Incarnate Word,2025-12-29,4,5,7,4,McNeese,.400,.524,.263,.727,53,.500,.538,.300,.750,74
Georgian Court,2025-12-29,0,2,6,4,Monmouth,.283,.389,.059,.600,40,.476,.609,.118,.750,74
Nebraska,2025-12-29,12,0,9,3,USC,.404,.457,.294,.905,66,.500,.605,.300,.588,74
Oregon St.,2025-12-28,8,5,7,4,San Francisco,.473,.463,.500,.789,74,.393,.435,.267,.867,65
Jacksonville St.,2025-12-21,5,6,2,10,Presbyterian,.537,.622,.353,.625,74,.302,.351,.188,.444,39
SMU,2025-12-21,6,6,4,6,Southern U.,.429,.405,.474,.680,74,.361,.364,.353,.632,62
Florida,2025-12-21,11,2,7,4,Tulsa,.433,.500,.250,.688,67,.471,.556,.375,.607,74
Omaha,2025-12-21,1,12,5,7,Weber St.,.357,.433,.269,.824,61,.463,.472,.444,.842,74
Arkansas St.,2025-12-20,9,3,7,4,South Ala.,.397,.585,.111,.630,74,.377,.429,.278,.533,61
Dartmouth,2025-12-20,8,2,4,7,New Hampshire,.226,.270,.160,.375,38,.508,.587,.267,.800,74
Tennessee Tech,2025-12-20,8,2,5,5,UT Martin,.438,.436,.440,.583,74,.446,.564,.176,1.000,62
Bethune-Cookman,2025-12-19,2,8,3,5,Stonehill,.438,.489,.294,.538,68,.480,.500,.438,.826,74
North Texas,2025-12-18,6,4,5,6,Oral Roberts,.400,.471,.323,.647,73,.458,.455,.467,.765,74
Lindenwood,2025-12-18,7,3,8,1,Western Ill.,.434,.474,.333,.875,65,.450,.500,.200,.720,74
Jacksonville St.,2025-12-17,5,5,4,7,Saint Louis,.303,.275,.346,.714,54,.518,.543,.400,.750,74
Bowling Green,2025-12-16,6,4,1,8,Le Moyne,.441,.640,.294,.600,74,.347,.438,.176,.900,46
Cleveland St.,2025-12-16,9,2,3,9,Northern Ky.,.443,.474,.391,.688,74,.357,.419,.280,.500,56
Seton Hall,2025-12-16,6,3,1,10,Washington St.,.388,.452,.280,.882,74,.415,.465,.318,.667,65
Butler,2025-12-14,5,6,1,9,Eastern Ill.,.400,.483,.308,.846,74,.339,.415,.167,.643,52
Cal St. Chico,2025-12-14,0,1,7,3,UC Davis,.225,.179,.400,.364,42,.431,.577,.333,.625,74
Eastern Mich.,2025-12-14,6,3,9,2,Indiana,.393,.486,.269,.667,67,.448,.500,.364,.824,74
Samford,2025-12-14,4,8,4,7,USC Upstate,.448,.500,.400,.476,74,.415,.465,.318,.600,67
Fairfield,2025-12-12,5,3,3,7,Maine,.482,.531,.417,.909,74,.487,.531,.286,.733,51
Green Bay,2025-12-10,7,3,3,6,IU Indy,.588,.629,.500,.667,74,.286,.379,.185,.714,47
Iowa,2025-12-10,9,0,10,0,Iowa St.,.429,.462,.375,.500,69,.526,.595,.333,.450,74
San Diego,2025-12-10,4,6,7,3,Wisconsin,.386,.353,.500,.538,46,.385,.500,.258,.842,74
Arizona St.,2025-12-09,10,0,6,2,Penn St.,.446,.477,.333,.741,74,.355,.429,.200,.750,60
Duquesne,2025-12-09,6,3,5,3,Eastern Mich.,.393,.405,.368,.739,72,.542,.677,.294,.739,74
Grambling,2025-12-09,1,7,4,3,Louisiana Tech,.339,.385,.261,.750,60,.474,.568,.300,.700,74
Montana Western,2025-12-09,0,0,2,7,Weber St.,.211,.243,.150,.545,33,.509,.652,.400,.889,74
Delaware St.,2025-12-07,3,6,6,3,UCF,.348,.313,.429,.727,46,.482,.605,.077,.704,74
Detroit Mercy,2025-12-07,2,5,3,5,IU Indy,.443,.489,.286,.571,74,.442,.516,.333,.667,69
George Mason,2025-12-07,6,4,5,2,Liberty,.406,.400,.414,.692,73,.500,.537,.400,.750,74
Austin Peay,2025-12-06,4,1,6,2,Murray St.,.361,.459,.208,.583,56,.472,.606,.250,.905,74
Stephen F. Austin,2025-12-06,5,2,2,5,Texas St.,.381,.433,.333,.938,74,.418,.463,.231,.636,66
Brown,2025-12-03,5,3,3,3,Stonehill,.424,.436,.407,.467,74,.309,.395,.118,.714,46
Furman,2025-12-03,3,5,2,7,Presbyterian,.481,.500,.400,.645,74,.390,.449,.100,.500,56
Idaho St.,2025-12-03,4,2,1,6,Omaha,.342,.391,.267,.778,74,.321,.364,.250,.667,43
Fort Wayne,2025-12-03,4,4,3,4,IU Indy,.429,.487,.294,.677,74,.392,.536,.217,.767,68
Kansas,2025-12-03,6,2,6,1,Northwestern,.542,.574,.417,.714,74,.385,.488,.182,.533,62
Northern Ariz.,2025-12-03,1,7,2,6,St. Thomas,.375,.388,.333,.867,66,.426,.485,.333,.778,74
Central Ark.,2025-12-01,5,2,0,0,Hendrix,.354,.487,.225,.750,74,.256,.208,.316,1.000,32
Arkansas St.,2025-11-30,4,3,4,4,Kent St.,.419,.462,.389,.800,74,.389,.463,.154,.769,54
Army,2025-11-29,5,1,6,1,Eastern Ky.,.347,.300,.421,.880,64,.519,.535,.444,.762,74
Furman,2025-11-29,2,5,2,4,UNCA,.400,.420,.333,.810,74,.400,.353,.476,.591,67
Fla. Gulf Coast,2025-11-29,2,3,6,1,Troy,.456,.581,.308,.556,70,.420,.510,.167,.520,74
Cal Baptist,2025-11-28,5,0,4,1,UCSB,.308,.425,.120,.462,49,.435,.379,.485,.667,74
Florida,2025-11-28,6,1,4,3,Memphis,.418,.509,.071,.773,74,.311,.340,.182,.714,60
Charlotte,2025-11-28,4,3,6,1,Oklahoma St.,.377,.355,.400,.700,65,.475,.629,.269,.750,74
Kentucky,2025-11-26,7,0,7,0,Maryland,.431,.500,.357,.750,66,.355,.342,.375,.913,74
Penn,2025-11-24,4,1,4,1,Saint Joseph's,.392,.533,.190,.750,53,.528,.667,.348,.714,74
Montana St.,2025-11-24,4,0,4,1,Troy,.319,.436,.182,.667,60,.595,.586,.615,.727,74
Baylor,2025-11-22,4,1,4,2,Davidson,.439,.500,.294,.655,74,.329,.404,.174,.786,72
Ohio,2025-11-20,2,1,2,2,Xavier,.322,.500,.216,.467,53,.458,.607,.323,.833,74
Oklahoma St.,2025-11-19,5,0,3,1,St. John's (NY),.396,.459,.250,.778,67,.591,.649,.286,.571,74
Incarnate Word,2025-11-19,1,2,1,2,UTSA,.375,.500,.231,.563,57,.521,.588,.357,.731,74
Ill.-Chicago,2025-11-19,1,2,4,1,Wisconsin,.386,.452,.200,.500,53,.444,.417,.481,.714,74
Benedictine,2025-11-17,0,0,3,1,Utah Valley,.250,.250,.250,.750,34,.442,.548,.286,.710,74
Iowa,2025-11-16,3,0,0,2,UNI,.453,.550,.292,.563,74,.228,.250,.190,.611,41
N.C. A&T,2025-11-16,1,3,0,0,Winston-Salem,.561,.690,.250,.676,74,.242,.333,.083,.643,43
Prairie View,2025-11-14,0,3,0,0,Texas College,.423,.483,.348,.611,74,.424,.500,.200,.417,63
Johnson,2025-11-13,0,0,1,2,Lipscomb,.295,.214,.474,.800,49,.467,.600,.333,.667,74
Central Conn St,2025-11-13,0,2,0,2,Sacred Heart,.364,.381,.308,.714,64,.426,.545,.238,.676,74
Eastern Wash.,2025-11-13,1,1,2,0,Southern Utah,.296,.267,.346,.944,68,.431,.468,.333,.923,74
App. St.,2025-11-12,2,0,2,1,Davidson,.351,.413,.091,.778,55,.560,.613,.474,.643,74
Bloomfield,2025-11-12,0,1,1,2,Delaware St.,.333,.424,.190,.692,58,.333,.286,.500,.750,74
James Madison,2025-11-12,2,1,2,0,Liberty,.429,.511,.280,1.000,74,.377,.400,.313,.667,61
Colorado,2025-11-12,1,0,1,1,Louisville,.410,.412,.400,.737,68,.391,.500,.250,.708,74
Longwood,2025-11-12,2,0,1,0,Navy,.351,.418,.182,.800,66,.450,.645,.241,.722,74
Grambling,2025-11-11,1,2,2,0,La.-Monroe,.290,.342,.208,.519,55,.466,.500,.250,.600,74
VCU,2025-11-09,1,0,1,1,Villanova,.333,.405,.143,.400,40,.469,.487,.440,.600,74
Pepperdine,2025-11-08,1,0,0,0,Westmont,.455,.513,.370,.667,74,.283,.276,.292,.778,51
Newberry,2025-11-08,0,0,0,2,Winthrop,.229,.235,.214,.800,37,.441,.490,.294,.563,74
Butler,2025-11-07,1,0,0,0,Columbia,.500,.571,.286,.643,69,.400,.442,.278,.591,74
Cal St Bakersfield,2025-11-07,0,1,1,0,Fresno St.,.447,.512,.000,.529,51,.516,.544,.286,.429,74
Niagara,2025-11-07,0,0,1,0,St. Bonaventure,.368,.386,.308,.588,56,.423,.471,.333,.774,74
Bethune-Cookman,2025-11-06,0,1,1,0,Miami (FL),.273,.319,.158,.333,41,.435,.564,.217,.682,74
Hawaii,2025-11-05,0,0,0,0,Portland St.,.419,.458,.286,.621,74,.364,.436,.188,.714,63
Kansas,2025-11-05,0,0,0,0,UMKC,.571,.679,.429,.429,74,.377,.368,.391,.563,64
Albany (NY),2025-11-04,0,0,0,0,Marist,.556,.636,.429,.714,74,.308,.212,.474,.625,46
Stony Brook,2025-11-04,0,0,0,0,Syracuse,.300,.267,.400,.571,50,.492,.585,.083,.750,74
Butler,2025-11-03,0,0,0,0,Wright St.,.456,.512,.313,.739,74,.338,.386,.238,.400,53
Campbell,2025-11-03,0,0,0,0,Tulane,.352,.372,.321,.542,72,.435,.452,.400,.632,74
Cal,2025-11-03,0,0,0,0,Vanderbilt,.388,.487,.250,.462,65,.387,.434,.273,.625,74
Pepperdine,2026-03-26,21,12,24,9,South Dakota,.404,.412,.389,.727,57,.475,.472,.478,.750,73
Alcorn St.,2026-03-21,17,13,16,18,South Ala.,.411,.400,.438,.522,65,.414,.600,.130,.759,73
Harvard,2026-03-19,18,11,22,8,Navy,.433,.474,.364,.765,73,.291,.355,.208,.625,52
Alabama St.,2026-03-14,17,14,18,13,Southern U.,.283,.359,.143,.760,56,.490,.472,.538,.720,73
Fort Wayne,2026-03-09,20,12,23,8,Green Bay,.333,.417,.167,.900,48,.412,.421,.364,.867,73
Loyola Marymount,2026-03-09,21,8,22,10,Oregon St.,.408,.455,.250,.625,67,.423,.405,.467,.815,73
Buffalo,2026-03-07,3,26,22,6,Massachusetts,.365,.389,.313,.667,55,.456,.500,.313,.750,73
Providence,2026-03-07,15,17,23,6,Villanova,.407,.455,.267,.650,65,.500,.556,.409,.857,73
Marshall,2026-03-06,23,8,15,17,South Ala.,.310,.412,.216,.500,58,.500,.528,.400,.767,73
Drake,2026-03-05,10,18,18,11,Illinois St.,.460,.488,.400,.778,73,.385,.433,.318,.800,55
Auburn,2026-03-05,15,16,21,10,Ole Miss,.327,.325,.333,.704,57,.528,.525,.538,.769,73
Maryland,2026-03-05,23,7,21,11,Oregon,.433,.556,.067,.882,68,.441,.465,.375,.789,73
Fort Wayne,2026-03-04,18,12,18,11,Robert Morris,.473,.500,.429,.923,73,.283,.333,.188,.824,43
Creighton,2026-03-01,14,14,11,17,Xavier,.429,.472,.370,.563,73,.492,.512,.438,.667,71
UCLA,2026-03-01,27,1,17,11,USC,.406,.422,.375,.889,73,.392,.531,.158,.636,50
Cleveland St.,2026-02-28,22,8,10,19,Oakland,.547,.605,.400,.600,73,.308,.265,.355,.800,59
McNeese,2026-02-28,25,4,3,25,New Orleans,.456,.537,.143,.900,73,.348,.406,.214,.824,49
Colgate,2026-02-28,6,21,19,7,Navy,.509,.571,.273,.600,63,.407,.500,.238,.741,73
Coppin St.,2026-02-28,9,20,15,12,Norfolk St.,.245,.371,.000,.533,34,.368,.372,.360,.636,73
Bethune-Cookman,2026-02-28,6,23,15,11,Southern U.,.341,.361,.200,.692,47,.439,.436,.444,.652,73
Little Rock,2026-02-26,14,14,18,12,Morehead St.,.429,.462,.300,.824,73,.423,.500,.346,.682,68
Delaware,2026-02-26,12,15,7,18,Western Ky.,.417,.439,.368,.824,71,.450,.486,.400,.750,73
St. Thomas,2026-02-25,14,14,7,21,UMKC,.455,.550,.200,.714,73,.500,.532,.333,.800,71
Morehead St.,2026-02-24,17,12,19,8,Southern Ind.,.524,.588,.480,.810,73,.410,.417,.385,.700,62
Illinois St.,2026-02-22,16,10,23,3,Murray St.,.469,.537,.125,.750,62,.422,.512,.238,.824,73
Stony Brook,2026-02-22,15,11,14,12,Towson,.412,.460,.278,.875,68,.433,.436,.429,.800,73
Central Ark.,2026-02-21,17,10,17,9,West Ga.,.408,.595,.138,.786,73,.365,.464,.250,.652,59
Cincinnati,2026-02-21,10,17,10,16,UCF,.419,.449,.308,.850,73,.500,.574,.000,1.000,60
Buffalo,2026-02-21,2,23,11,13,Eastern Mich.,.421,.467,.250,.750,63,.474,.535,.286,.789,73
Air Force,2026-02-21,12,14,18,9,New Mexico,.290,.297,.280,.714,53,.483,.500,.429,.643,73
Coastal Caro.,2026-02-21,13,15,16,12,Old Dominion,.284,.279,.292,.625,60,.420,.491,.143,.481,73
Mercyhurst,2026-02-19,9,15,11,13,Wagner,.396,.433,.348,.719,73,.439,.409,.538,.833,67
North Dakota St.,2026-02-19,23,2,13,13,St. Thomas,.500,.512,.444,.773,73,.463,.526,.313,.857,67
Pacific,2026-02-19,10,15,15,10,San Francisco,.463,.484,.435,.867,73,.283,.342,.182,.765,51
North Florida,2026-02-19,8,17,16,9,Stetson,.407,.486,.292,.929,68,.464,.487,.412,.583,73
Morgan St.,2026-02-16,3,22,5,18,South Carolina St.,.365,.341,.409,.720,73,.321,.324,.316,.583,47
Oklahoma St.,2026-02-16,20,7,17,9,Utah,.431,.442,.400,.810,73,.386,.423,.333,.882,55
Fresno St.,2026-02-15,13,13,6,17,Utah St.,.388,.418,.250,.900,73,.368,.486,.182,.765,59
Northeastern,2026-02-15,6,16,14,10,Stony Brook,.585,.552,.667,.773,73,.397,.429,.348,.500,60
App. St.,2026-02-14,10,14,9,16,Georgia St.,.500,.583,.333,.619,73,.354,.471,.226,.737,67
Eastern Ill.,2026-02-14,4,22,12,13,Little Rock,.278,.367,.167,.792,53,.446,.429,.500,.636,73
Eastern Ky.,2026-02-14,21,5,13,11,North Ala.,.404,.500,.304,.778,73,.362,.450,.167,.733,56
Grambling,2026-02-14,8,16,9,15,Texas Southern,.429,.436,.375,.593,73,.277,.314,.167,.733,50
Lafayette,2026-02-14,8,16,13,10,Lehigh,.510,.586,.400,.750,73,.426,.476,.385,.692,59
Omaha,2026-02-14,4,23,12,13,St. Thomas,.319,.378,.100,.857,43,.569,.639,.400,.692,73
Western Caro.,2026-02-14,3,21,13,11,Wofford,.447,.552,.278,.875,54,.475,.463,.500,.889,73
Colorado,2026-02-11,16,8,7,16,Houston,.463,.526,.100,.625,73,.400,.457,.300,.722,63
Butler,2026-02-11,9,15,11,14,Providence,.434,.514,.250,.700,64,.510,.564,.333,.810,73
Radford,2026-02-11,16,10,9,15,UNCA,.527,.632,.294,.909,73,.365,.444,.188,.333,45
Little Rock,2026-02-07,11,12,10,13,SIU Edwardsville,.426,.449,.333,.739,73,.361,.400,.286,.700,64
Cleveland St.,2026-02-07,17,8,15,9,Fort Wayne,.446,.541,.263,.750,73,.346,.455,.158,.654,56
Idaho St.,2026-02-07,15,7,17,7,Northern Colo.,.433,.455,.375,.882,73,.418,.457,.350,.889,69
IU Indy,2026-02-07,9,13,7,17,Wright St.,.382,.333,.440,.714,73,.407,.400,.421,.846,63
Holy Cross,2026-02-07,14,8,11,10,Lehigh,.440,.500,.250,.824,61,.444,.583,.333,.882,73
Buffalo,2026-02-07,2,20,11,12,La.-Monroe,.419,.605,.125,.500,64,.431,.440,.400,.478,73
Merrimack,2026-02-07,12,10,5,17,Rider,.444,.448,.440,.778,73,.259,.303,.200,.500,37
Northern Ariz.,2026-02-07,7,17,7,17,Weber St.,.407,.436,.333,.706,73,.344,.412,.267,.684,65
South Ala.,2026-02-07,9,13,6,14,Western Mich.,.453,.500,.368,.750,67,.434,.529,.263,.815,73
Binghamton,2026-02-05,15,6,11,10,UMBC,.519,.556,.438,.632,73,.382,.387,.375,.500,59
Idaho,2026-02-05,17,5,16,5,Montana St.,.355,.333,.400,.724,73,.303,.366,.229,.727,70
Canisius,2026-02-05,4,18,18,4,Quinnipiac,.392,.472,.200,.600,55,.500,.565,.313,.857,73
Samford,2026-02-05,8,16,3,18,Western Caro.,.473,.483,.462,.900,73,.294,.367,.190,.800,50
Air Force,2026-02-04,9,12,6,15,Utah St.,.369,.302,.500,.778,73,.347,.406,.235,.632,50
Bowling Green,2026-02-04,11,10,9,12,Kent St.,.314,.386,.192,.682,64,.386,.375,.412,.815,73
Md.-East. Shore,2026-02-04,12,11,5,15,South Carolina St.,.333,.341,.313,.757,73,.370,.394,.308,.714,53
Lipscomb,2026-01-31,7,13,8,12,North Florida,.519,.655,.348,.733,73,.387,.382,.393,.857,65
Denver,2026-01-31,9,12,4,17,North Dakota,.463,.514,.368,.789,72,.491,.440,.536,.545,73
Mt. St. Mary's,2026-01-31,10,11,5,15,Saint Peter's,.412,.484,.300,.929,61,.463,.400,.579,.667,73
South Dakota,2026-01-31,16,6,17,5,South Dakota St.,.462,.481,.440,.933,73,.370,.516,.174,.714,54
Columbia,2026-01-30,13,5,17,1,Princeton,.509,.585,.250,.727,73,.411,.500,.143,.864,67
Bradley,2026-01-25,12,7,9,10,Ill.-Chicago,.529,.632,.231,.727,73,.381,.455,.211,.786,63
Michigan,2026-01-25,16,3,11,8,USC,.484,.551,.231,.625,73,.429,.515,.304,.750,67
Cal Poly,2026-01-24,3,15,10,9,Cal St Fullerton,.265,.344,.118,.722,41,.391,.411,.308,.714,73
Jacksonville St.,2026-01-24,10,8,9,9,UTEP,.433,.438,.429,.900,73,.424,.435,.385,.556,60
Bellarmine,2026-01-24,2,18,11,7,Jacksonville,.314,.400,.190,.565,49,.405,.436,.316,.583,73
Lamar,2026-01-24,11,6,14,5,Stephen F. Austin,.435,.429,.462,.467,73,.457,.464,.444,.867,63
Gardner-Webb,2026-01-23,6,14,17,2,High Point,.365,.457,.176,.375,44,.448,.500,.406,.800,73
Chicago St.,2026-01-22,3,16,2,15,SFU,.491,.583,.316,.619,73,.407,.465,.250,.632,64
Florida St.,2026-01-22,6,13,8,11,SMU,.406,.410,.400,.714,73,.339,.436,.150,.471,51
Green Bay,2026-01-22,15,5,6,12,Oakland,.444,.500,.333,.833,73,.333,.235,.478,.833,59
Eastern Ill.,2026-01-22,3,16,13,4,Southern Ind.,.407,.459,.294,.800,57,.435,.481,.267,.529,73
Baylor,2026-01-21,17,3,10,8,UCF,.394,.410,.375,.556,73,.298,.300,.286,.720,48
BYU,2026-01-21,14,4,19,1,Texas Tech,.473,.486,.444,.684,73,.333,.400,.259,.696,61
Butler,2026-01-21,8,11,4,16,DePaul,.468,.514,.333,.862,73,.415,.419,.409,.500,67
Providence,2026-01-20,10,10,13,5,Seton Hall,.431,.486,.286,.643,57,.453,.500,.381,.850,73
Boston College,2026-01-18,4,16,10,9,Cal,.381,.429,.286,.571,58,.500,.526,.483,.917,73
Bradley,2026-01-18,11,6,8,8,UNI,.414,.400,.435,.857,70,.452,.537,.286,.647,73
Butler,2026-01-18,8,10,14,4,Villanova,.605,.611,.571,.750,65,.435,.535,.211,.833,73
UC Davis,2026-01-17,12,5,15,2,UC Irvine,.212,.300,.091,.720,42,.423,.375,.464,.727,73
Maine,2026-01-17,8,10,6,11,New Hampshire,.444,.436,.458,.857,73,.463,.455,.500,.692,51
Lindenwood,2026-01-17,13,5,8,8,UT Martin,.510,.529,.471,.625,70,.591,.656,.417,.842,73
Tulane,2026-01-17,7,10,7,10,UAB,.413,.444,.333,.750,73,.448,.571,.333,.667,68
Cal St Fullerton,2026-01-15,8,8,11,5,UC Davis,.382,.400,.333,.563,67,.359,.357,.361,.824,73
Eastern Wash.,2026-01-15,8,8,6,11,Weber St.,.413,.436,.375,.667,73,.368,.382,.348,.571,58
Michigan St.,2026-01-15,16,1,14,3,Nebraska,.500,.649,.176,.800,73,.510,.613,.350,.923,71
Miami (FL),2026-01-15,11,6,13,5,UNC,.344,.448,.250,.706,62,.384,.457,.259,1.000,73
Portland,2026-01-15,9,8,15,4,Santa Clara,.420,.442,.353,.692,73,.316,.378,.226,.524,66
New Mexico,2026-01-14,12,5,12,3,San Diego St.,.393,.424,.348,.333,56,.509,.500,.519,.750,73
Northwestern,2026-01-11,6,10,8,8,Rutgers,.458,.535,.250,.652,73,.291,.333,.211,.643,54
Notre Dame,2026-01-11,11,4,13,4,UNC,.444,.468,.375,.733,73,.345,.366,.286,.727,50
Cal St Fullerton,2026-01-10,7,8,6,8,Cal St Northridge,.343,.362,.250,.733,73,.429,.533,.263,.733,58
Delaware,2026-01-10,6,9,9,4,Sam Houston,.464,.568,.263,.889,65,.426,.490,.263,.500,73
Samford,2026-01-10,7,11,3,12,Western Caro.,.434,.469,.381,.613,73,.375,.474,.167,.895,62
San Diego St.,2026-01-10,11,3,6,8,Utah St.,.456,.585,.259,.667,73,.431,.432,.429,.765,72
La.-Monroe,2026-01-10,8,7,8,7,South Ala.,.403,.413,.381,.500,67,.472,.517,.417,.684,73
Delaware St.,2026-01-08,3,13,11,6,Howard,.463,.512,.273,.526,63,.509,.575,.308,.682,73
Samford,2026-01-08,7,10,10,5,UNCG,.408,.387,.444,1.000,64,.424,.406,.444,.688,73
FDU,2026-01-04,10,4,0,12,SFU,.443,.500,.360,.769,73,.160,.241,.048,.733,28
Stony Brook,2026-01-04,5,9,8,4,William & Mary,.411,.464,.357,.680,73,.355,.385,.304,.545,57
Syracuse,2026-01-04,12,2,12,3,Wake Forest,.508,.568,.353,.625,73,.381,.500,.105,.727,58
Auburn,2026-01-04,11,4,9,3,Tennessee,.338,.408,.125,.769,56,.510,.567,.429,.750,73
Seattle,2026-01-04,4,10,2,14,Washington St.,.343,.429,.250,.938,69,.475,.545,.267,.813,73
Akron,2026-01-03,3,10,7,4,Ohio,.309,.342,.267,.750,56,.500,.581,.381,.684,73
Georgia St.,2026-01-03,6,9,9,5,Old Dominion,.380,.419,.316,.828,68,.474,.471,.478,.615,73
Le Moyne,2026-01-02,2,11,0,11,SFU,.455,.500,.381,.750,73,.400,.477,.238,.857,69
Illinois,2026-01-01,12,1,14,0,Maryland,.381,.388,.357,.870,73,.424,.511,.083,.760,70
Maine,2026-01-01,5,8,6,7,Mass.-Lowell,.528,.649,.250,.765,73,.536,.628,.231,.667,65
Clemson,2026-01-01,10,4,10,3,Virginia,.381,.476,.190,.611,63,.500,.615,.350,.952,73
Massachusetts,2025-12-31,8,2,3,7,Western Mich.,.418,.457,.333,.714,73,.271,.333,.222,.444,40
Texas Tech,2025-12-31,14,0,8,4,UCF,.444,.553,.280,.714,73,.373,.400,.273,.824,55
Rhode Island,2025-12-30,10,2,11,3,Richmond,.466,.500,.423,.667,73,.400,.522,.313,.700,61
Marquette,2025-12-29,8,4,11,3,St. John's (NY),.459,.500,.353,.500,66,.426,.455,.353,.714,73
Austin Peay,2025-12-28,7,2,0,0,Berry,.509,.607,.400,.563,73,.306,.381,.200,.813,38
Hendrix,2025-12-22,0,1,4,7,Little Rock,.429,.552,.154,.737,52,.414,.469,.286,.900,73
Delaware,2025-12-21,6,4,7,3,Saint Joseph's,.509,.578,.250,.625,66,.426,.528,.280,.778,73
Canisius,2025-12-21,2,8,3,7,Siena,.405,.484,.182,.690,56,.375,.463,.192,.615,73
Bowling Green,2025-12-20,7,4,5,6,Kent St.,.414,.516,.296,.708,73,.348,.417,.190,.773,69
Boston College,2025-12-19,4,9,3,6,Northeastern,.356,.414,.300,.762,67,.429,.447,.375,.619,73
SMU,2025-12-19,5,6,5,3,Sam Houston,.464,.465,.462,.750,73,.368,.367,.375,.667,69
Hampton,2025-12-18,6,4,7,6,Radford,.370,.457,.222,.636,67,.412,.434,.333,.632,73
Pepperdine,2025-12-17,7,3,8,3,South Dakota,.463,.439,.538,.941,73,.319,.341,.280,.824,65
Alabama,2025-12-16,11,0,5,2,Sam Houston,.397,.361,.455,.739,73,.281,.340,.000,.571,36
Clemson,2025-12-14,6,4,6,5,Pitt,.433,.552,.323,.647,73,.327,.400,.176,.571,41
LIU,2025-12-14,4,5,4,6,Mass.-Lowell,.400,.431,.316,.714,72,.353,.393,.325,.750,73
East Tenn. St.,2025-12-14,4,7,8,3,Virginia Tech,.333,.350,.294,.706,55,.406,.420,.357,.615,73
Arkansas,2025-12-13,8,3,7,3,Missouri St.,.408,.531,.136,.800,73,.293,.282,.316,.692,58
St. John's (NY),2025-12-10,8,2,3,7,Stony Brook,.500,.571,.286,.929,73,.348,.433,.188,.778,42
Baylor,2025-12-07,8,1,3,4,UTSA,.462,.640,.296,.810,73,.379,.389,.333,.250,55
Creighton,2025-12-07,3,4,6,2,Tulsa,.463,.483,.440,1.000,73,.311,.316,.304,.938,60
Kansas,2025-12-07,7,2,7,2,Missouri St.,.371,.372,.368,.714,73,.379,.357,.438,.731,70
American,2025-12-07,1,6,3,4,William & Mary,.411,.533,.269,.778,60,.500,.568,.313,.727,73
Fordham,2025-12-03,6,3,5,4,George Mason,.304,.318,.250,.621,55,.429,.500,.250,.677,73
North Texas,2025-12-03,5,2,8,1,Oklahoma St.,.338,.420,.067,.714,55,.476,.600,.261,.875,73
Mercyhurst,2025-12-03,0,6,4,2,Robert Morris,.426,.485,.333,.857,71,.556,.617,.143,.706,73
N.C. A&T,2025-12-02,2,4,1,6,N.C. Central,.400,.471,.182,.814,73,.304,.283,.348,.630,67
Eastern Wash.,2025-11-30,3,3,3,4,Portland,.364,.394,.318,.524,58,.462,.488,.409,.444,73
Cal St Fullerton,2025-11-29,2,4,2,3,Loyola Marymount,.439,.449,.375,.600,62,.444,.429,.500,.826,73
Boston College,2025-11-28,4,4,4,3,James Madison,.333,.267,.429,.588,53,.492,.523,.421,.600,73
Bradley,2025-11-28,3,2,5,2,Missouri,.348,.306,.400,.800,66,.525,.611,.391,.400,73
Hawaii,2025-11-28,4,0,4,2,Vermont,.396,.531,.190,.875,67,.459,.463,.450,.615,73
East Carolina,2025-11-27,2,4,4,2,Illinois St.,.448,.488,.333,.696,73,.382,.483,.269,.810,66
Arkansas,2025-11-26,6,1,1,3,Southern Ill.,.382,.500,.324,.792,73,.404,.447,.316,.733,63
Eastern Ky.,2025-11-26,5,1,2,3,Morehead St.,.375,.375,.375,.903,73,.381,.463,.227,.700,60
Ark-Pine Bluff,2025-11-25,1,4,6,0,South Dakota,.269,.235,.333,.438,41,.510,.600,.286,.826,73
Binghamton,2025-11-24,3,2,2,2,Columbia,.462,.439,.545,.667,60,.427,.491,.273,.500,73
Loyola (MD),2025-11-23,0,6,0,5,Yale,.510,.512,.500,.667,73,.302,.294,.316,.667,48
Charlotte,2025-11-22,3,3,1,3,Wofford,.368,.364,.375,.875,73,.393,.500,.259,.571,59
Drexel,2025-11-22,4,1,5,1,NJIT,.385,.408,.313,.500,66,.553,.630,.450,.667,73
North Ala.,2025-11-22,3,2,1,0,West Ala.,.456,.483,.300,.615,73,.288,.333,.227,.563,44
Missouri St.,2025-11-22,5,0,4,0,Tulsa,.302,.302,.300,.813,57,.472,.543,.333,.708,73
East Carolina,2025-11-21,2,2,3,1,Old Dominion,.293,.271,.375,.739,67,.429,.488,.267,.778,73
MVSU,2025-11-19,1,3,2,2,Nicholls St.,.324,.361,.281,.619,66,.387,.426,.267,.656,73
Holy Cross,2025-11-19,2,2,4,1,Rhode Island,.393,.475,.188,.800,59,.483,.581,.200,.667,73
Ark-Pine Bluff,2025-11-18,1,3,1,2,Louisiana Tech,.310,.341,.235,.818,49,.426,.528,.280,.700,73
Memphis,2025-11-18,2,2,3,0,Ole Miss,.379,.467,.190,.714,64,.370,.411,.235,.682,73
Butler,2025-11-16,1,2,0,3,Northern Ky.,.527,.632,.294,.909,73,.333,.395,.211,.636,56
Delaware,2025-11-12,1,1,1,1,Old Dominion,.338,.309,.500,.586,66,.319,.346,.250,.957,73
Princeton,2025-11-12,1,0,2,1,Villanova,.414,.487,.263,.833,73,.436,.559,.238,.789,68
Chattanooga,2025-11-12,2,1,2,0,Troy,.316,.306,.333,.867,56,.412,.444,.348,.750,73
Buffalo,2025-11-12,0,2,2,0,Vermont,.383,.400,.333,1.000,55,.549,.667,.267,.765,73
Hofstra,2025-11-11,0,1,0,1,Yale,.450,.568,.261,.722,73,.446,.487,.353,.833,66
Western Ky.,2025-11-11,1,1,1,1,Wichita St.,.469,.487,.400,.605,73,.387,.429,.308,.625,71
Oklahoma,2025-11-10,1,0,2,0,UCLA,.303,.322,.235,.600,59,.397,.412,.364,.778,73
Colorado St.,2025-11-09,1,0,0,1,Long Beach State,.389,.579,.176,.846,73,.231,.207,.261,.500,34
Arizona St.,2025-11-08,1,0,1,0,Eastern Wash.,.452,.490,.308,.500,73,.368,.382,.348,.471,58
Middle Tenn.,2025-11-06,1,0,0,1,Saint Louis,.377,.406,.333,.839,73,.339,.351,.316,.647,55
Alabama St.,2025-11-03,0,0,0,0,Georgia,.333,.306,.417,.438,44,.450,.553,.273,.722,73
Marshall,2026-03-27,24,9,25,9,Youngstown St.,.448,.571,.240,.750,72,.290,.385,.130,.700,46
Montana St.,2026-03-26,26,7,20,14,Portland,.433,.548,.240,.615,72,.367,.452,.276,.400,54
Miami (FL),2026-03-22,18,14,14,17,Wisconsin,.324,.267,.423,.615,65,.443,.368,.565,.833,72
Louisville,2026-03-21 NCAA,27,7,27,7,Vermont,.453,.467,.421,.545,72,.400,.481,.304,.556,52
Iowa St.,2026-03-21 NCAA,22,9,23,8,Syracuse,.388,.511,.136,.571,63,.412,.442,.360,.700,72
South Dakota St.,2026-03-20 NCAA,27,6,21,10,Washington,.442,.474,.357,1.000,54,.415,.429,.391,.750,72
Alabama A&M,2026-03-19,22,10,22,11,BYU,.295,.350,.190,.778,47,.469,.458,.500,.400,72
Cal,2026-03-19,19,14,24,9,Santa Clara,.347,.457,.172,.682,72,.394,.489,.190,.923,68
Eastern Ky.,2026-03-19,24,8,19,12,Utah,.419,.471,.357,.667,72,.400,.486,.250,.643,58
Lehigh,2026-03-19,17,14,20,11,Monmouth,.443,.636,.214,1.000,62,.558,.622,.400,.571,72
Murray St.,2026-03-14,29,3,18,13,UNI,.443,.485,.393,1.000,72,.323,.391,.158,.875,59
Alabama St.,2026-03-13,16,14,15,15,Ark-Pine Bluff,.446,.538,.235,.818,72,.317,.341,.263,.762,59
Cal St Fullerton,2026-03-12,18,13,20,10,Hawaii,.264,.228,.400,.654,61,.481,.559,.350,.722,72
Hofstra,2026-03-12,8,21,17,13,Towson,.397,.352,.571,.769,72,.422,.488,.286,.846,71
Monmouth,2026-03-12,19,10,7,23,UNCW,.462,.587,.158,.750,72,.431,.432,.429,.917,61
Alabama A&M,2026-03-11,21,9,9,21,Florida A&M,.463,.537,.231,.792,72,.400,.432,.313,.652,68
Delaware,2026-03-11,13,18,24,5,Louisiana Tech,.304,.367,.188,.750,43,.500,.553,.409,.750,72
Colgate,2026-03-09,7,23,20,9,Holy Cross,.237,.289,.071,.583,36,.462,.500,.353,1.000,72
Chattanooga,2026-03-08,20,9,15,18,Samford,.397,.429,.357,.875,67,.532,.500,.588,.923,72
Abilene Christ.,2026-03-07,21,9,10,19,UTA,.414,.421,.400,.800,72,.435,.563,.143,.714,57
UC San Diego,2026-03-07,21,8,20,8,UCSB,.460,.491,.300,.688,72,.462,.538,.385,.875,65
Portland,2026-03-07,17,13,9,24,Washington St.,.500,.500,.500,.900,72,.439,.500,.294,.778,62
Ohio St.,2026-03-07,26,6,29,1,UCLA,.368,.385,.333,.933,62,.452,.512,.316,.833,72
Longwood,2026-03-05,20,9,12,17,UNCA,.426,.481,.214,.733,72,.284,.304,.250,.500,58
Le Moyne,2026-03-05,11,19,13,15,Mercyhurst,.471,.500,.412,.786,66,.438,.500,.333,.828,72
SIU Edwardsville,2026-03-05,16,15,20,9,Southern Ind.,.304,.438,.125,.700,44,.433,.388,.556,.667,72
Florida St.,2026-03-04,10,20,13,17,Ga Tech,.371,.440,.200,1.000,60,.469,.594,.235,.846,72
Indiana,2026-03-04,17,13,18,11,Nebraska,.509,.545,.385,.818,72,.418,.511,.227,.800,69
Loyola (MD),2026-03-04,12,16,20,7,Navy,.327,.341,.273,.591,50,.473,.571,.370,.833,72
Nevada,2026-03-03,9,20,6,22,Utah St.,.431,.510,.188,.448,72,.367,.333,.467,.750,69
Incarnate Word,2026-03-02,13,15,18,12,UTRGV,.339,.436,.174,.900,64,.431,.451,.357,1.000,72
Houston,2026-03-01,7,21,10,18,UCF,.373,.412,.250,.667,62,.458,.481,.286,.800,72
LSU,2026-03-01,25,4,18,11,Miss. St.,.459,.489,.357,.688,72,.324,.391,.182,.714,63
Alabama,2026-03-01,21,8,27,3,Texas,.478,.545,.308,.773,65,.429,.434,.400,.778,72
Cal St Bakersfield,2026-02-28,7,20,4,23,Long Beach State,.325,.347,.286,.444,62,.410,.449,.250,.760,72
George Washington,2026-02-28,15,15,24,4,Rhode Island,.417,.475,.125,.778,48,.608,.743,.313,.625,72
Richmond,2026-02-28,24,6,19,9,Saint Joseph's,.480,.571,.364,.889,72,.364,.429,.296,.867,61
Drexel,2026-02-27,17,8,7,18,Northeastern,.441,.452,.412,.867,72,.510,.553,.364,.636,61
Coastal Caro.,2026-02-27,14,16,22,8,James Madison,.271,.263,.286,.818,56,.394,.526,.242,.571,72
Notre Dame,2026-02-26,18,9,21,6,Syracuse,.468,.551,.154,.750,72,.390,.487,.200,.800,62
Green Bay,2026-02-25,21,7,12,15,IU Indy,.529,.629,.313,1.000,72,.414,.417,.409,.444,61
Rhode Island,2026-02-25,24,3,23,6,Richmond,.270,.325,.174,.800,46,.490,.429,.533,.857,72
Detroit Mercy,2026-02-25,5,22,21,8,Youngstown St.,.355,.381,.300,.769,60,.446,.575,.240,.727,72
Queens (NC),2026-02-24,9,18,17,10,West Ga.,.500,.538,.385,.789,72,.423,.517,.304,.688,62
Indiana,2026-02-22,14,13,19,9,Oregon,.423,.417,.438,.808,72,.380,.400,.273,.571,65
Duquesne,2026-02-21,9,17,8,19,VCU,.413,.405,.423,.818,72,.397,.395,.400,.583,61
McNeese,2026-02-21,23,4,5,20,TAMUCC,.433,.444,.400,.778,72,.487,.565,.375,.579,55
Eastern Ill.,2026-02-21,4,24,18,8,Southern Ind.,.355,.375,.318,.923,63,.462,.500,.353,.750,72
Oklahoma St.,2026-02-21,21,7,21,6,West Virginia,.231,.256,.192,.500,40,.509,.586,.429,.400,72
Bradley,2026-02-20,18,8,22,3,Murray St.,.222,.245,.100,.786,40,.373,.419,.292,.750,72
Kennesaw St.,2026-02-19,12,12,15,8,Sam Houston,.455,.489,.250,.667,66,.456,.558,.143,.581,72
Mercer,2026-02-19,15,10,14,11,Wofford,.340,.324,.368,.789,58,.400,.526,.182,.870,72
Houston,2026-02-18,7,18,23,4,TCU,.233,.267,.133,.800,50,.394,.441,.344,.900,72
Presbyterian,2026-02-18,3,22,12,15,Winthrop,.377,.457,.222,.625,59,.528,.583,.000,.762,72
Duke,2026-02-15,18,6,21,5,UNC,.407,.436,.350,.810,72,.443,.472,.353,,68
Abilene Christ.,2026-02-14,18,7,12,11,Tarleton St.,.429,.429,.429,.875,72,.451,.515,.333,.789,67
Incarnate Word,2026-02-14,10,13,12,11,Nicholls St.,.512,.579,.458,.708,72,.403,.411,.364,.800,66
Iona,2026-02-14,15,11,0,24,Niagara,.458,.455,.467,.917,72,.392,.441,.294,.588,55
Gonzaga,2026-02-14,19,7,16,8,Loyola Marymount,.451,.471,.412,.714,63,.417,.405,.444,.636,72
Montana,2026-02-14,7,16,17,6,Montana St.,.392,.407,.375,.857,55,.500,.556,.409,.500,72
Purdue,2026-02-14,11,13,9,15,Rutgers,.473,.536,.407,.818,72,.400,.459,.278,.800,57
Southern Ind.,2026-02-14,17,7,14,10,Tennessee Tech,.385,.478,.158,.905,72,.370,.324,.450,.647,60
Stephen F. Austin,2026-02-14,17,8,16,9,UTRGV,.415,.457,.367,.583,72,.444,.405,.529,.813,70
Cornell,2026-02-13,8,13,13,8,Penn,.391,.415,.348,.727,66,.412,.523,.208,.917,72
Abilene Christ.,2026-02-12,17,7,10,13,UTA,.450,.513,.333,.786,72,.477,.474,.500,.818,63
Coppin St.,2026-02-12,7,18,5,17,South Carolina St.,.371,.465,.222,.667,72,.267,.298,.154,.500,39
Loyola Marymount,2026-02-12,15,8,15,9,Pepperdine,.414,.400,.462,.750,72,.478,.531,.357,.684,62
Dayton,2026-02-11,13,11,15,7,George Mason,.480,.543,.333,.615,61,.387,.325,.500,.722,72
South Fla.,2026-02-11,14,10,16,7,Tulsa,.379,.400,.313,.810,72,.356,.424,.269,.611,60
Bowling Green,2026-02-10,12,11,2,21,Buffalo,.400,.344,.478,.654,72,.397,.426,.222,.529,61
DePaul,2026-02-10,5,20,19,7,St. John's (NY),.403,.489,.200,.933,72,.482,.583,.300,.727,68
Alabama,2026-02-08,20,4,8,10,Texas A&M,.424,.405,.471,.733,69,.381,.457,.176,.677,72
Binghamton,2026-02-07,16,6,14,9,NJIT,.400,.395,.417,.793,72,.418,.571,.259,.636,67
Detroit Mercy,2026-02-07,4,18,8,15,Oakland,.466,.514,.381,.625,72,.423,.500,.278,.909,69
Gardner-Webb,2026-02-07,7,16,11,13,Winthrop,.412,.308,.520,.773,72,.397,.486,.286,.611,69
Gonzaga,2026-02-07,17,7,9,13,Pacific,.387,.397,.333,.625,72,.298,.382,.174,.667,44
Longwood,2026-02-07,16,6,9,14,UNCA,.406,.465,.286,.700,72,.338,.360,.267,.667,60
High Point,2026-02-07,21,2,15,10,Radford,.356,.441,.240,.750,57,.545,.556,.526,.667,72
Saint Mary's,2026-02-07,13,11,14,9,San Francisco,.484,.510,.400,.667,72,.333,.379,.280,.600,55
Duquesne,2026-02-07,7,15,13,11,St. Bonaventure,.400,.393,.406,.833,71,.379,.391,.350,.750,72
Arizona,2026-02-04,10,11,12,11,Kansas St.,.473,.564,.250,.800,72,.383,.442,.235,.800,62
Louisiana,2026-02-04,2,20,13,10,Old Dominion,.364,.362,.375,.720,61,.429,.524,.238,.722,72
Sacramento St.,2026-02-02,11,11,6,16,Weber St.,.403,.442,.316,.727,64,.488,.458,.529,.885,72
Creighton,2026-02-01,9,12,15,6,Seton Hall,.426,.545,.286,.800,72,.323,.400,.200,.826,66
Cincinnati,2026-02-01,8,13,6,14,Houston,.412,.482,.083,.650,70,.443,.478,.333,.813,72
Cornell,2026-01-31,8,11,17,2,Princeton,.521,.563,.438,.500,61,.509,.556,.429,.833,72
Little Rock,2026-01-31,10,10,10,9,Tennessee Tech,.283,.318,.188,.556,47,.397,.488,.227,.773,72
Prairie View,2026-01-31,2,17,8,12,Texas Southern,.350,.410,.238,.667,63,.357,.383,.304,.500,72
Oakland,2026-01-31,8,13,15,7,Youngstown St.,.373,.429,.292,.643,60,.532,.621,.389,.714,72
Chattanooga,2026-01-30,13,5,12,8,Mercer,.509,.559,.429,.778,72,.379,.366,.412,.727,59
Harvard,2026-01-30,10,8,5,13,Yale,.420,.468,.318,.583,72,.327,.340,.250,.600,44
Jacksonville,2026-01-29,12,7,7,12,Lipscomb,.311,.293,.375,.870,72,.319,.333,.304,.944,54
Kennesaw St.,2026-01-29,10,8,13,5,Louisiana Tech,.333,.419,.091,.682,44,.439,.452,.400,.842,72
Fairfield,2026-01-29,17,3,16,4,Quinnipiac,.431,.556,.227,.333,58,.489,.542,.429,.864,72
Auburn,2026-01-25,13,7,15,4,Oklahoma,.377,.381,.368,.857,65,.419,.526,.250,.700,72
Long Beach State,2026-01-24,2,16,14,3,UCSB,.345,.371,.304,.643,56,.411,.600,.306,.789,72
Eastern Mich.,2026-01-24,8,9,4,14,Northern Ill.,.481,.533,.222,.900,72,.482,.571,.214,.385,62
Georgia,2026-01-24,17,3,17,4,Kentucky,.390,.417,.348,.900,72,.397,.387,.407,.588,67
Detroit Mercy,2026-01-24,4,15,16,5,Green Bay,.411,.439,.333,.667,61,.467,.649,.174,.750,72
Ball St.,2026-01-24,15,4,15,4,Miami (OH),.404,.457,.294,.500,52,.492,.553,.391,.750,72
Northern Ariz.,2026-01-24,7,13,14,6,Northern Colo.,.415,.457,.333,.818,59,.397,.514,.258,.667,72
Duquesne,2026-01-24,7,12,12,6,Saint Joseph's,.327,.368,.235,.765,53,.500,.600,.385,.600,72
North Dakota,2026-01-24,4,15,9,11,St. Thomas,.404,.424,.357,.733,54,.448,.462,.421,.522,72
Southern Ind.,2026-01-23,14,4,15,3,Western Ill.,.367,.415,.263,.929,62,.509,.575,.353,.571,72
James Madison,2026-01-22,13,7,9,9,La.-Monroe,.451,.514,.313,.677,72,.361,.359,.364,.727,68
LIU,2026-01-22,10,7,6,11,Stonehill,.491,.526,.412,.786,72,.415,.432,.375,.750,59
McNeese,2026-01-22,14,4,2,14,Southeastern LA,.476,.522,.353,.545,72,.234,.280,.182,.667,30
Holy Cross,2026-01-21,10,7,10,6,Navy,.403,.477,.222,.400,58,.468,.500,.400,1.000,72
North Texas,2026-01-20,10,8,7,11,UAB,.382,.358,.467,.722,72,.469,.455,.500,.833,59
Michigan,2026-01-19,15,2,18,0,Vanderbilt,.412,.458,.300,.875,69,.424,.457,.375,.813,72
Campbell,2026-01-18,11,7,11,5,Monmouth,.250,.293,.000,.778,31,.558,.594,.500,.667,72
Lamar,2026-01-17,9,6,8,7,Nicholls St.,.469,.514,.357,.724,72,.382,.514,.111,.800,64
Southern Ind.,2026-01-17,12,4,3,13,Tennessee St.,.381,.455,.211,1.000,72,.371,.366,.381,.813,67
Elon,2026-01-16,6,9,5,10,UNCW,.387,.350,.455,.583,72,.450,.462,.429,.833,62
Lamar,2026-01-15,8,6,1,14,New Orleans,.433,.449,.389,.500,72,.412,.541,.071,.542,56
Charleston So.,2026-01-14,4,13,6,11,UNCA,.438,.500,.346,.778,72,.355,.421,.158,.500,66
Monmouth,2026-01-11,10,4,4,9,Northeastern,.361,.455,.250,1.000,67,.500,.529,.400,.800,72
Georgia St.,2026-01-10,6,10,11,6,James Madison,.400,.442,.294,.731,72,.417,.583,.167,.516,70
South Dakota,2026-01-10,11,5,8,8,St. Thomas,.414,.432,.357,.864,72,.390,.429,.294,.700,65
East Tenn. St.,2026-01-08,7,8,8,7,Furman,.424,.447,.381,.545,70,.452,.467,.412,.900,72
Eastern Wash.,2026-01-08,7,7,9,4,Montana St.,.368,.429,.303,.526,70,.321,.407,.167,.591,72
MVSU,2026-01-08,2,11,5,9,Texas Southern,.338,.377,.200,.591,62,.344,.353,.333,.656,72
Ball St.,2026-01-07,11,4,6,6,Toledo,.537,.571,.417,.750,72,.362,.475,.207,.857,68
Massachusetts,2026-01-07,10,2,10,4,Miami (OH),.371,.450,.227,.643,60,.424,.481,.375,.833,72
Baylor,2026-01-04,12,3,14,0,Iowa St.,.375,.415,.304,.944,72,.380,.450,.290,.700,70
Alabama A&M,2026-01-03,4,9,3,8,Ark-Pine Bluff,.444,.541,.235,.909,72,.372,.333,.462,.478,49
Dartmouth,2026-01-03,9,4,7,6,Harvard,.345,.385,.250,.714,47,.433,.500,.263,.818,72
High Point,2026-01-03,12,2,5,10,USC Upstate,.397,.517,.294,.923,72,.368,.341,.462,.769,58
Idaho St.,2026-01-03,8,4,5,8,Portland St.,.403,.452,.300,.889,72,.411,.425,.375,.611,63
Jacksonville,2026-01-03,8,4,4,8,Lipscomb,.475,.571,.333,.500,72,.379,.457,.261,.563,59
San Diego St.,2026-01-03,9,3,4,8,Wyoming,.508,.524,.471,.667,72,.368,.519,.233,.545,55
East Texas A&M,2026-01-03,5,6,0,12,New Orleans,.439,.532,.211,.833,72,.319,.367,.200,.789,63
New Hampshire,2026-01-03,6,8,12,4,Vermont,.458,.500,.300,.818,56,.534,.628,.267,.750,72
Charleston,2026-01-02,8,3,2,9,Hofstra,.452,.478,.375,.714,72,.361,.385,.318,.500,55
East Tenn. St.,2026-01-02,6,8,0,2,King (TN),.388,.462,.286,.706,72,.357,.424,.261,1.000,47
Central Conn St,2026-01-02,0,11,5,6,LIU,.364,.419,.167,.824,56,.361,.367,.355,.773,72
Canisius,2026-01-01,2,9,9,3,Fairfield,.347,.424,.188,.857,43,.458,.581,.321,.600,72
Merrimack,2026-01-01,4,7,2,10,Rider,.448,.526,.300,.778,72,.310,.455,.222,.667,54
Oklahoma,2026-01-01,12,1,7,2,Texas A&M,.375,.455,.200,.778,72,.263,.359,.056,.679,50
Albany (NY),2026-01-01,10,3,11,4,Vermont,.468,.514,.333,.800,56,.500,.483,.520,.714,72
Fordham,2025-12-31,8,4,8,4,La Salle,.368,.375,.350,.857,69,.417,.450,.350,.833,72
Duquesne,2025-12-31,7,5,7,7,Saint Louis,.393,.412,.300,.733,62,.351,.429,.276,.828,72
BYU,2025-12-31,12,1,13,0,TCU,.300,.351,.217,.583,48,.453,.593,.308,.842,72
Pacific,2025-12-30,6,6,6,8,San Diego,.453,.500,.308,.606,72,.390,.474,.238,.739,68
Iona,2025-12-29,7,5,2,9,Rider,.422,.400,.458,.700,72,.339,.462,.100,.579,53
Bryant,2025-12-21,9,3,0,1,Franklin Pierce,.446,.618,.258,.750,72,.372,.481,.188,.909,45
Florida A&M,2025-12-21,0,9,5,4,West Ga.,.360,.500,.182,.708,57,.446,.514,.333,.600,72
Abilene Christ.,2025-12-20,7,4,2,8,Buffalo,.400,.488,.276,.727,72,.333,.359,.267,.800,48
Hawaii,2025-12-20,5,5,6,4,Montana St.,.458,.433,.500,.429,56,.476,.578,.222,.800,72
Alabama A&M,2025-12-20,4,7,9,3,Richmond,.472,.568,.250,.571,58,.426,.545,.359,.750,72
Massachusetts,2025-12-20,8,1,7,4,Youngstown St.,.429,.487,.333,.538,69,.429,.419,.440,.813,72
Georgia,2025-12-19,11,0,4,7,VCU,.444,.528,.333,.636,72,.352,.406,.273,.529,53
Rhode Island,2025-12-19,9,2,3,6,Wagner,.362,.463,.214,.762,72,.291,.349,.083,.750,36
Seton Hall,2025-12-19,7,3,8,2,Villanova,.379,.405,.333,.500,55,.441,.529,.353,.000,72
Alabama A&M,2025-12-17,3,7,5,4,North Ala.,.413,.500,.238,.714,72,.426,.458,.391,.727,57
Lamar,2025-12-17,4,4,2,7,Prairie View,.365,.436,.158,.789,72,.412,.370,.458,.750,59
Binghamton,2025-12-16,6,3,9,1,Syracuse,.345,.372,.250,.722,54,.382,.491,.130,.611,72
Milwaukee,2025-12-14,2,9,0,0,Ripon,.448,.483,.414,.800,72,.243,.288,.111,.636,43
Cal St Bakersfield,2025-12-13,2,7,4,5,Seattle,.426,.488,.300,.667,72,.368,.487,.111,.875,51
Ohio,2025-12-13,4,3,6,5,Radford,.400,.444,.333,.615,72,.328,.407,.275,.462,67
California (PA),2025-12-13,0,0,6,2,Robert Morris,.274,.295,.222,.667,44,.456,.478,.364,.842,72
Coppin St.,2025-12-13,2,9,4,4,William & Mary,.464,.485,.435,.500,65,.500,.551,.222,.706,72
Ga Tech,2025-12-08,3,6,4,6,Norfolk St.,.415,.500,.261,.923,72,.348,.455,.136,.727,57
Furman,2025-12-07,4,5,5,3,Ga. Southern,.284,.319,.200,.875,56,.479,.528,.333,.786,72
Arizona,2025-12-07,6,1,6,3,New Mexico,.407,.465,.250,.630,69,.426,.600,.306,.818,72
Evansville,2025-12-07,2,6,3,6,Saint Louis,.286,.324,.231,.650,55,.492,.556,.286,.769,72
Abilene Christ.,2025-12-06,5,3,3,3,East Texas A&M,.436,.556,.321,.682,72,.360,.361,.357,.667,55
Cal St Northridge,2025-12-06,4,3,7,2,UC Irvine,.333,.481,.185,.556,46,.359,.415,.261,.690,72
Cleveland St.,2025-12-06,7,2,3,5,Oakland,.519,.647,.278,.765,72,.327,.267,.421,.714,55
Jacksonville St.,2025-12-06,2,5,5,4,Mercer,.388,.442,.292,.684,72,.377,.396,.308,.800,62
Fairfield,2025-12-05,4,2,6,3,Howard,.429,.579,.351,.615,69,.463,.462,.467,.833,72
Ill.-Chicago,2025-12-05,4,4,3,3,Ohio,.426,.385,.464,.524,70,.387,.524,.317,.478,72
Alabama,2025-12-04,8,0,5,3,Clemson,.466,.500,.389,.688,72,.315,.355,.261,.800,48
Missouri St.,2025-12-04,6,2,3,4,Tulane,.403,.500,.167,.731,72,.453,.400,.556,.615,66
Davidson,2025-12-03,5,3,6,2,Duquesne,.420,.475,.345,.500,72,.451,.500,.273,.545,55
Northern Colo.,2025-12-03,6,2,2,5,UMKC,.423,.633,.136,.893,72,.434,.459,.375,.538,59
Ga Tech,2025-12-03,3,5,5,1,Texas A&M,.393,.462,.273,.600,63,.338,.356,.300,.667,72
East Texas A&M,2025-12-02,2,3,0,7,Louisiana,.481,.439,.615,.750,72,.258,.302,.000,.833,47
Alcorn St.,2025-12-01,2,5,0,0,Rust,.410,.349,.556,.545,72,.179,.161,.200,.583,32
Fordham,2025-11-30,5,3,4,1,LIU,.417,.489,.200,.826,72,.294,.250,.400,.750,51
Clemson,2025-11-30,5,2,7,0,Michigan St.,.393,.483,.296,.800,64,.591,.571,.667,.667,72
Alabama A&M,2025-11-28,1,4,2,4,Cincinnati,.339,.362,.250,.462,49,.469,.613,.222,.815,72
East Carolina,2025-11-28,3,4,1,4,Hofstra,.403,.500,.250,.640,72,.300,.317,.263,.857,53
Presbyterian,2025-11-28,2,5,2,4,Seattle,.356,.392,.125,.667,61,.420,.379,.476,.769,72
Charleston,2025-11-27,5,0,1,3,New Mexico St.,.412,.500,.200,.800,72,.286,.304,.200,.533,42
George Mason,2025-11-25,4,2,1,4,Rider,.379,.366,.400,.667,72,.382,.379,.385,.286,54
Marist,2025-11-24,2,3,1,3,Monmouth,.333,.333,.333,.800,64,.415,.440,.333,.722,72
Kentucky,2025-11-22,6,0,4,1,Louisville,.525,.614,.267,.750,72,.397,.404,.375,.857,62
American,2025-11-22,1,3,4,1,La Salle,.404,.407,.400,.750,61,.403,.405,.400,.667,72
Michigan,2025-11-21,4,0,4,0,UConn,.356,.341,.375,.625,69,.377,.410,.333,.909,72
Gonzaga,2025-11-20,2,2,4,0,South Dakota St.,.417,.512,.211,.692,63,.451,.423,.480,.700,72
Delaware St.,2025-11-19,2,3,2,3,FDU,.237,.234,.250,.588,41,.393,.407,.379,.773,72
Boston College,2025-11-19,3,2,2,3,Harvard,.377,.490,.100,.846,65,.433,.571,.313,.833,72
Butler,2025-11-19,2,2,4,0,Indiana,.333,.333,.333,.600,53,.519,.500,.563,.583,72
San Diego St.,2025-11-19,3,1,3,2,Santa Clara,.243,.390,.034,.750,47,.403,.378,.440,.688,72
Richmond,2025-11-18,3,1,3,1,Temple,.424,.471,.375,.571,72,.306,.324,.280,.800,57
Belmont,2025-11-16,1,2,2,1,Dayton,.412,.538,.241,.818,72,.404,.529,.167,.913,66
Milwaukee,2025-11-16,1,3,0,3,Valparaiso,.397,.472,.133,.727,72,.365,.447,.240,.750,67
Lipscomb,2025-11-16,2,2,0,3,MVSU,.320,.292,.346,.871,68,.418,.500,.211,.600,72
Grand Canyon,2025-11-15,0,3,2,1,UCSB,.431,.471,.286,.714,70,.500,.452,.565,.714,72
Utah,2025-11-15,3,0,2,0,Washington,.415,.472,.294,.800,61,.456,.549,.176,.778,72
Kansas St.,2025-11-13,3,0,3,0,South Dakota,.383,.469,.200,.821,71,.403,.471,.321,.867,72
Drexel,2025-11-12,2,0,2,0,Penn,.435,.409,.500,.750,72,.288,.355,.214,.833,55
Alabama St.,2025-11-10,0,2,0,1,Talladega,.458,.558,.188,.750,72,.275,.269,.294,.462,55
Duquesne,2025-11-09,2,0,0,1,Western Mich.,.355,.368,.316,.571,72,.436,.680,.233,.474,64
Gonzaga,2025-11-09,1,0,0,1,Toledo,.511,.516,.500,.941,72,.452,.488,.381,.833,69
Tennessee,2025-11-09,1,1,0,1,UT Martin,.448,.586,.310,.647,72,.449,.417,.538,.714,61
Lamar,2025-11-08,0,0,1,0,Northern Colo.,.403,.447,.267,.737,68,.459,.521,.231,.765,72
Denver,2025-11-07,0,1,0,1,UC San Diego,.302,.375,.190,.545,54,.409,.476,.292,.846,72
Ill.-Chicago,2025-11-07,0,1,1,0,Indiana,.426,.467,.222,.444,56,.467,.500,.409,.778,72
Long Beach State,2025-11-07,0,0,0,1,Wyoming,.273,.333,.182,.625,39,.547,.625,.429,.556,72
Clemson,2025-11-06,1,0,1,0,Mercer,.540,.586,.476,.667,72,.333,.317,.385,.625,51
George Mason,2025-11-06,0,1,1,0,James Madison,.393,.323,.467,.667,72,.269,.347,.138,.611,57
San Diego,2025-11-05,1,0,0,0,UC Irvine,.322,.333,.304,.600,54,.408,.423,.391,.821,72
UC Davis,2025-11-03,0,0,0,0,William Jessup,.406,.543,.265,.778,72,.167,.167,.167,.571,35
Boston College,2025-11-03,0,0,0,0,Holy Cross,.424,.469,.370,.550,71,.431,.486,.333,.750,72
New Hampshire,2025-11-03,0,0,0,0,Worcester St.,.468,.605,.158,.550,72,.275,.308,.214,.700,32
Alcorn St.,2025-11-03,0,0,0,0,Nicholls St.,.448,.439,.471,.375,66,.520,.594,.389,.684,72
Ohio,2025-11-03,0,0,0,0,Texas St.,.426,.615,.250,.679,72,.480,.481,.478,.636,66
Arkansas St.,2026-03-30,26,9,26,9,Cleveland St.,.426,.500,.333,.500,71,.333,.400,.143,.833,53
Louisville,2026-03-28 NCAA,29,7,27,6,Michigan,.354,.392,.214,.333,52,.467,.511,.308,.733,71
George Washington,2026-03-27,17,17,16,17,Loyola (IL),.474,.444,.583,.833,71,.379,.310,.563,.643,62
James Madison,2026-03-21 NCAA,26,8,23,10,Kentucky,.338,.396,.176,.750,56,.381,.432,.308,.833,71
Clemson,2026-03-21 NCAA,21,11,17,13,USC,.373,.368,.381,.714,67,.450,.576,.296,.600,71
Pepperdine,2026-03-19,19,12,23,10,UC Davis,.400,.447,.333,.833,71,.410,.447,.348,.667,68
George Mason,2026-03-19,23,9,26,6,Quinnipiac,.375,.400,.222,.700,64,.538,.556,.500,.778,71
Austin Peay,2026-03-19,19,13,20,13,UTRGV,.333,.405,.250,.625,59,.612,.659,.375,.800,71
North Texas,2026-03-13,19,13,27,4,Rice,.404,.405,.400,.650,67,.353,.396,.250,.818,71
FDU,2026-03-12,28,4,12,20,Le Moyne,.469,.579,.308,.750,71,.310,.262,.438,.667,51
McNeese,2026-03-12,28,4,24,9,Stephen F. Austin,.390,.426,.250,.625,59,.509,.720,.321,.800,71
High Point,2026-03-08,26,5,22,11,Radford,.455,.486,.400,.867,71,.382,.378,.391,.600,67
New Mexico St.,2026-03-07,9,20,17,11,Sam Houston,.468,.559,.231,.533,55,.448,.511,.182,.586,71
Utah Tech,2026-03-07,9,18,15,13,Utah Valley,.351,.400,.313,.818,59,.393,.400,.381,.760,71
Lindenwood,2026-03-07,25,7,25,5,Western Ill.,.386,.433,.333,.750,65,.553,.579,.444,.789,71
Delaware,2026-03-06,12,17,16,12,Liberty,.490,.548,.400,.500,64,.483,.561,.316,.636,71
Loyola (IL),2026-03-06,14,16,25,4,Rhode Island,.424,.511,.143,.706,64,.426,.439,.385,.833,71
High Point,2026-03-05,24,5,12,19,USC Upstate,.379,.417,.353,.789,71,.383,.455,.214,.778,53
Illinois,2026-03-05,20,10,22,7,Michigan St.,.510,.543,.429,.789,71,.426,.469,.250,.824,69
Sam Houston,2026-03-05,16,11,13,14,UTEP,.442,.459,.400,.514,71,.407,.410,.400,.750,59
Kent St.,2026-03-04,14,14,24,5,Miami (OH),.326,.333,.308,.857,52,.441,.414,.467,.625,71
Georgia St.,2026-03-03,10,20,4,25,Louisiana,.353,.452,.270,.667,66,.383,.375,.400,.810,71
Florida,2026-03-01,17,13,21,8,Georgia,.380,.464,.273,.583,58,.439,.500,.348,.765,71
Denver,2026-02-28,10,18,5,25,Omaha,.466,.576,.320,.643,71,.310,.379,.241,.636,50
Fort Wayne,2026-02-28,17,12,22,7,Green Bay,.481,.500,.429,.542,71,.510,.636,.250,.800,66
Loyola Marymount,2026-02-28,20,8,21,9,Oregon St.,.411,.464,.235,.636,71,.518,.667,.250,.500,69
Houston Christian,2026-02-28,8,19,21,8,Stephen F. Austin,.286,.317,.227,.600,47,.418,.433,.400,.789,71
East Texas A&M,2026-02-28,13,14,17,12,UTRGV,.339,.304,.438,.789,64,.446,.477,.333,.773,71
Monmouth,2026-02-27,18,8,10,15,N.C. A&T,.385,.400,.378,.688,65,.490,.567,.368,.842,71
Delaware St.,2026-02-26,5,21,5,21,South Carolina St.,.422,.465,.333,.625,71,.255,.267,.200,.615,38
Bethune-Cookman,2026-02-26,6,22,10,17,Grambling,.400,.378,.467,.813,68,.362,.353,.389,.500,71
Canisius,2026-02-26,5,22,16,11,Merrimack,.367,.423,.304,.923,55,.404,.400,.412,.643,71
Butler,2026-02-25,10,18,7,22,DePaul,.510,.563,.412,.778,71,.381,.429,.214,.813,64
Fort Wayne,2026-02-25,16,12,8,21,Milwaukee,.393,.429,.346,.636,71,.354,.387,.294,.722,52
La Salle,2026-02-25,15,12,8,20,VCU,.433,.489,.300,.778,71,.348,.392,.222,.500,54
Oregon,2026-02-25,19,10,12,15,Purdue,.446,.487,.353,.714,71,.444,.528,.278,.800,65
Boise St.,2026-02-21,21,6,4,23,San Jose St.,.431,.432,.429,.750,71,.245,.148,.346,.929,48
East Texas A&M,2026-02-21,12,13,12,13,Incarnate Word,.426,.429,.421,.778,61,.429,.500,.304,.909,71
Oakland,2026-02-21,9,18,17,10,Robert Morris,.482,.529,.409,.889,71,.397,.459,.286,.600,61
Denver,2026-02-21,10,17,21,6,South Dakota St.,.302,.333,.273,.800,55,.583,.633,.500,.750,71
Little Rock,2026-02-21,14,13,9,17,SE Missouri St,.365,.380,.308,.667,62,.491,.578,.100,.941,71
Auburn,2026-02-19,13,13,16,11,Missouri,.377,.391,.348,.688,71,.571,.778,.353,.667,58
Florida,2026-02-19,15,12,18,8,Miss. St.,.464,.579,.222,.789,71,.375,.455,.083,.619,56
Cal Poly,2026-02-19,3,22,14,10,Hawaii,.383,.405,.300,.938,54,.473,.529,.381,.733,71
East Texas A&M,2026-02-19,12,12,7,17,Houston Christian,.323,.400,.222,.778,53,.438,.489,.316,.643,71
Idaho St.,2026-02-19,17,8,7,17,Montana,.528,.561,.417,.625,71,.404,.500,.188,.692,54
Incarnate Word,2026-02-19,11,13,13,12,NW St.,.480,.429,.600,.737,71,.296,.286,.310,.700,65
Georgia,2026-02-19,20,6,19,6,Oklahoma,.431,.556,.133,.808,67,.373,.412,.250,.773,71
Fort Wayne,2026-02-18,16,10,8,18,Oakland,.382,.500,.136,1.000,64,.400,.471,.308,.882,71
Marquette,2026-02-14,16,9,26,0,UConn,.375,.444,.250,.900,56,.453,.489,.353,.875,71
East Texas A&M,2026-02-14,12,10,21,4,McNeese,.476,.448,.538,.850,64,.424,.458,.273,.720,71
Kennesaw St.,2026-02-14,12,11,13,11,Middle Tenn.,.489,.564,.125,.750,53,.426,.414,.440,.875,71
Northern Colo.,2026-02-14,18,8,6,18,Portland St.,.468,.471,.462,.808,71,.383,.471,.154,.760,57
Kent St.,2026-02-14,11,12,14,9,Ohio,.338,.375,.280,.769,61,.400,.556,.302,.333,71
Belmont,2026-02-13,14,9,11,12,Ill.-Chicago,.458,.410,.550,.750,71,.381,.431,.167,.500,56
FIU,2026-02-12,14,8,17,5,Louisiana Tech,.288,.438,.050,.600,49,.364,.394,.318,.828,71
Georgia St.,2026-02-12,9,15,20,6,Marshall,.348,.360,.313,.625,56,.453,.519,.385,.684,71
Louisiana,2026-02-12,3,21,19,5,Troy,.353,.426,.071,.545,55,.368,.419,.280,.737,71
Arizona St.,2026-02-11,19,6,16,8,Utah,.455,.429,.538,.933,71,.380,.520,.240,.850,61
Oral Roberts,2026-02-11,12,11,11,13,St. Thomas,.400,.471,.211,.400,66,.448,.515,.360,.667,71
Ohio,2026-02-10,13,9,12,9,Toledo,.404,.357,.458,.621,71,.393,.471,.296,.786,67
James Madison,2026-02-08,17,8,16,4,Massachusetts,.409,.405,.417,.778,71,.375,.390,.333,.833,57
Fresno St.,2026-02-07,11,13,7,15,Nevada,.592,.706,.333,.667,71,.351,.381,.267,.636,51
Eastern Wash.,2026-02-07,12,11,16,6,Montana St.,.418,.425,.400,.773,69,.417,.487,.286,.714,71
UNLV,2026-02-07,15,7,6,16,Utah St.,.397,.462,.263,.741,71,.408,.417,.400,.625,60
North Ala.,2026-02-07,11,10,8,14,Queens (NC),.500,.564,.333,.857,71,.339,.381,.250,.889,55
Northern Ill.,2026-02-07,4,18,10,12,Texas St.,.446,.533,.346,.750,71,.563,.583,.500,.692,69
George Mason,2026-02-07,15,6,19,4,Richmond,.328,.386,.217,.889,57,.500,.571,.409,.923,71
Milwaukee,2026-02-07,8,17,15,8,Robert Morris,.377,.378,.375,.900,64,.379,.383,.368,.875,71
San Diego,2026-02-07,8,17,5,18,Seattle,.409,.500,.227,.800,71,.290,.302,.263,.867,54
New Orleans,2026-02-07,2,20,14,9,UTRGV,.280,.370,.138,.875,53,.409,.412,.400,.647,71
Morehead St.,2026-02-05,14,9,8,13,SE Missouri St,.453,.500,.400,.765,71,.408,.441,.333,.600,57
Manhattan,2026-02-05,5,16,4,17,Rider,.404,.415,.364,.778,60,.455,.525,.267,.739,71
St. John's (NY),2026-02-04,17,7,11,11,Xavier,.414,.429,.391,.824,71,.396,.447,.267,.750,52
Auburn,2026-02-02,13,9,18,4,Ole Miss,.321,.410,.071,.625,45,.491,.548,.308,.684,71
South Carolina,2026-02-02,21,2,8,9,Texas A&M,.440,.500,.350,.800,71,.339,.316,.389,.917,56
Cal,2026-02-01,13,9,20,3,Louisville,.420,.545,.176,.778,59,.458,.500,.353,.688,71
Rutgers,2026-02-01,9,12,12,9,USC,.241,.282,.158,.800,39,.362,.472,.242,.591,71
Jacksonville St.,2026-01-31,11,9,14,5,Louisiana Tech,.340,.367,.300,.786,51,.519,.590,.333,.769,71
Marist,2026-01-31,8,14,0,20,Niagara,.490,.500,.478,.800,71,.333,.324,.353,.714,52
Eastern Wash.,2026-01-31,11,10,15,7,Northern Colo.,.396,.432,.313,.789,62,.426,.478,.267,.833,71
Eastern Ill.,2026-01-31,3,19,7,13,SE Missouri St,.346,.400,.273,.875,56,.592,.650,.333,.588,71
Abilene Christ.,2026-01-31,15,5,14,7,Southern Utah,.356,.460,.130,.867,68,.455,.500,.308,.850,71
Albany (NY),2026-01-29,11,9,13,7,NJIT,.538,.564,.462,.692,71,.423,.533,.273,.571,54
Buffalo,2026-01-28,2,17,9,9,Eastern Mich.,.286,.405,.107,.421,51,.412,.568,.125,.750,71
Miami (OH),2026-01-28,16,4,4,15,Northern Ill.,.511,.593,.400,.682,71,.333,.375,.143,.615,43
Utah,2026-01-27,14,6,17,4,West Virginia,.540,.531,.556,.778,71,.413,.471,.167,.909,64
Charleston,2026-01-25,15,3,7,10,N.C. A&T,.391,.405,.364,.722,71,.390,.469,.000,.762,62
Howard,2026-01-24,14,7,3,18,Morgan St.,.393,.444,.250,.905,71,.364,.368,.353,.688,57
St. John's (NY),2026-01-24,15,6,15,4,Villanova,.510,.548,.333,.889,71,.292,.297,.286,.800,58
Bryant,2026-01-24,14,5,16,5,Vermont,.393,.410,.353,.500,53,.426,.391,.533,.846,71
Charleston,2026-01-23,14,3,5,12,UNCW,.441,.455,.423,.615,71,.316,.389,.250,.800,37
Clemson,2026-01-22,13,6,14,5,Virginia Tech,.500,.568,.308,.700,68,.404,.395,.429,.742,71
Montana St.,2026-01-19,12,4,14,5,Northern Colo.,.453,.561,.261,.778,71,.365,.452,.238,.700,57
Ohio St.,2026-01-19,16,2,18,1,TCU,.391,.372,.429,.800,71,.403,.459,.320,.917,69
Kentucky,2026-01-18,17,2,14,5,Miss. St.,.319,.419,.172,.533,59,.466,.500,.375,.647,71
Canisius,2026-01-17,3,13,7,9,Mt. St. Mary's,.444,.500,.333,.704,64,.403,.423,.333,.571,71
Houston,2026-01-17,6,11,13,5,Utah,.333,.364,.263,.824,61,.473,.556,.393,.800,71
Bradley,2026-01-16,10,6,4,11,Drake,.435,.465,.368,.833,71,.419,.533,.118,.667,64
Missouri St.,2026-01-15,11,5,9,6,UTEP,.500,.522,.400,.688,71,.431,.442,.400,.667,64
Pacific,2026-01-15,7,9,10,7,Pepperdine,.339,.410,.176,.857,53,.435,.476,.350,.833,71
Southern Ind.,2026-01-15,11,4,10,5,Tennessee Tech,.436,.475,.333,.818,71,.333,.347,.304,.824,69
Western Caro.,2026-01-15,3,13,7,9,Wofford,.385,.419,.318,.727,65,.429,.500,.154,.714,71
Kent St.,2026-01-14,6,10,10,4,Ohio,.371,.467,.281,.800,71,.442,.609,.310,.722,68
Houston,2026-01-13,6,10,18,0,Texas Tech,.367,.400,.286,.731,59,.456,.513,.333,.765,71
Temple,2026-01-13,7,8,6,10,Tulane,.321,.394,.217,.773,58,.444,.485,.381,.750,71
DePaul,2026-01-13,4,14,9,7,Xavier,.365,.370,.353,.600,61,.472,.537,.250,.692,71
Loyola (IL),2026-01-11,5,10,8,9,Saint Louis,.429,.474,.333,.773,71,.355,.410,.261,.824,64
Eastern Ill.,2026-01-10,2,14,2,12,Tennessee St.,.381,.421,.320,.789,71,.304,.302,.308,.700,45
Fresno St.,2026-01-10,8,8,3,12,Grand Canyon,.410,.446,.000,.737,64,.481,.441,.556,.846,71
Lindenwood,2026-01-10,11,5,8,7,Little Rock,.472,.515,.400,.722,71,.279,.341,.118,.875,43
Buffalo,2026-01-10,2,12,9,4,Ohio,.404,.500,.222,.722,59,.474,.561,.250,.684,71
Cincinnati,2026-01-10,6,10,17,0,Texas Tech,.426,.463,.308,.667,60,.411,.406,.417,.938,71
Binghamton,2026-01-08,9,5,13,4,Vermont,.458,.457,.462,.840,71,.491,.656,.280,.571,67
Northern Ariz.,2026-01-08,5,10,6,9,Weber St.,.391,.341,.478,.833,71,.322,.444,.130,.850,58
Central Conn St,2026-01-08,0,13,4,9,Stonehill,.429,.488,.231,.500,53,.477,.609,.158,.750,71
Army,2026-01-07,10,3,5,8,Loyola (MD),.393,.467,.308,.792,71,.382,.405,.308,.741,66
Cincinnati,2026-01-07,5,10,14,1,Iowa St.,.490,.500,.444,.708,71,.358,.435,.190,.550,63
Houston,2026-01-07,6,8,8,8,Kansas St.,.361,.514,.154,.700,62,.404,.409,.385,.690,71
Dayton,2026-01-07,8,6,4,10,Loyola (IL),.458,.500,.333,.769,68,.441,.500,.316,.722,71
Texas Tech,2026-01-07,16,0,13,2,West Virginia,.444,.432,.471,.833,71,.387,.439,.286,.600,66
Oregon,2026-01-06,13,3,10,4,USC,.415,.429,.391,.667,71,.333,.349,.308,.857,66
Fort Wayne,2026-01-05,10,5,5,9,IU Indy,.483,.553,.350,.667,71,.250,.258,.235,.600,46
Cal,2026-01-04,9,6,10,4,NC State,.436,.576,.227,.700,60,.444,.511,.250,.733,71
Ohio St.,2026-01-04,12,2,8,6,Rutgers,.415,.449,.313,.706,71,.393,.462,.235,.200,49
Arizona St.,2026-01-03,15,0,12,2,BYU,.365,.395,.286,.741,62,.385,.577,.256,.733,71
Charlotte,2026-01-03,7,7,7,6,UAB,.352,.364,.333,.800,71,.464,.606,.261,.667,60
Davidson,2026-01-03,10,5,8,7,Saint Louis,.529,.647,.294,.706,71,.321,.342,.278,.875,55
Alabama St.,2026-01-01,3,8,3,7,Ark-Pine Bluff,.371,.429,.238,.636,71,.348,.405,.250,.481,65
Austin Peay,2026-01-01,8,2,8,3,Jacksonville,.490,.559,.353,.652,71,.407,.471,.300,.625,65
Cal,2026-01-01,9,5,12,3,UNC,.423,.455,.368,.800,55,.476,.551,.214,.727,71
Florida A&M,2025-12-29,0,10,0,0,Southeastern (FL),.386,.431,.167,.789,71,.390,.436,.300,.813,65
Lindenwood,2025-12-29,8,4,0,0,Ottawa (KS),.365,.345,.391,.774,71,.245,.240,.250,1.000,36
Indiana,2025-12-29,11,2,9,3,Minnesota,.385,.333,.429,.750,48,.408,.421,.357,.800,71
East Texas A&M,2025-12-29,4,5,7,4,Stephen F. Austin,.373,.405,.320,.813,71,.458,.548,.235,.667,68
Duke,2025-12-28,6,6,11,1,Syracuse,.406,.480,.143,.708,71,.344,.385,.167,.417,51
Missouri,2025-12-28,11,3,3,9,UMKC,.371,.440,.324,.813,71,.355,.415,.217,.667,67
Indiana,2025-12-21,10,2,2,10,Western Caro.,.500,.567,.400,.565,71,.283,.323,.227,.750,44
BYU,2025-12-20,11,1,8,3,UCF,.391,.386,.417,.706,71,.358,.400,.125,.579,50
Northern Ariz.,2025-12-20,3,9,6,4,UC San Diego,.482,.537,.333,.571,71,.403,.490,.217,.417,68
George Mason,2025-12-20,6,5,10,1,Princeton,.381,.463,.227,.762,69,.429,.571,.190,.760,71
Stetson,2025-12-20,6,3,4,5,Stonehill,.403,.447,.333,.650,71,.324,.426,.125,1.000,65
South Dakota,2025-12-18,8,4,4,6,UTRGV,.448,.545,.261,.455,71,.224,.225,.222,.667,44
Coastal Caro.,2025-12-17,6,5,8,4,James Madison,.373,.333,.435,.667,68,.410,.436,.364,.650,71
Grambling,2025-12-17,2,9,8,3,Rice,.262,.298,.143,.619,47,.414,.442,.370,.600,71
Charlotte,2025-12-14,4,6,7,3,Davidson,.473,.489,.375,.889,71,.392,.414,.364,.765,61
Loyola Marymount,2025-12-13,4,3,1,9,Wichita St.,.356,.390,.214,.474,64,.490,.552,.400,.750,71
East Texas A&M,2025-12-12,3,4,6,3,McNeese,.386,.500,.250,1.000,45,.420,.500,.077,.857,71
Eastern Wash.,2025-12-10,5,4,1,8,Washington St.,.449,.510,.300,.333,71,.391,.548,.242,.917,69
Manhattan,2025-12-07,0,8,7,3,NJIT,.404,.477,.154,.600,54,.456,.459,.450,.476,71
Queens (NC),2025-12-07,3,4,2,8,Western Caro.,.362,.375,.333,.920,71,.323,.333,.286,.690,64
Binghamton,2025-12-06,4,3,2,6,Buffalo,.373,.462,.200,.852,71,.328,.354,.231,.682,58
Northern Colo.,2025-12-06,7,2,1,7,Omaha,.362,.444,.290,.800,71,.434,.600,.286,1.000,60
Belmont,2025-12-03,3,4,3,4,Middle Tenn.,.379,.419,.333,.720,71,.468,.500,.421,.929,65
Campbell,2025-12-03,4,5,5,3,Mercer,.528,.500,.636,.571,71,.259,.275,.214,.783,49
Indiana,2025-12-03,7,1,1,4,Western Mich.,.431,.511,.250,.714,71,.375,.424,.304,.400,53
Massachusetts,2025-12-03,6,0,3,5,Northeastern,.483,.537,.353,.643,71,.407,.475,.214,.625,52
Colorado,2025-11-30,5,2,4,1,Montana St.,.490,.571,.286,.783,70,.411,.475,.250,.750,71
Lafayette,2025-11-30,4,3,6,2,NJIT,.351,.395,.214,.850,60,.400,.378,.440,.800,71
DePaul,2025-11-30,2,5,6,1,Princeton,.231,.244,.200,.700,41,.418,.476,.320,.700,71
Charleston So.,2025-11-28,1,5,4,3,Mercer,.238,.250,.229,.583,45,.456,.436,.500,.714,71
Campbell,2025-11-28,4,3,3,2,North Dakota St.,.352,.404,.000,.647,49,.490,.516,.450,.857,71
Miami (OH),2025-11-28,4,2,0,6,Washington St.,.414,.436,.368,.800,67,.446,.543,.286,.789,71
FDU,2025-11-25,3,3,6,1,NJIT,.418,.409,.435,.500,71,.373,.421,.231,.400,43
Oregon,2025-11-25,6,0,5,1,Saint Mary's,.489,.630,.300,.950,71,.438,.533,.278,.545,53
Nevada,2025-11-24,3,2,5,1,Utah Valley,.574,.576,.571,.750,71,.259,.353,.100,.600,42
Central Conn St,2025-11-24,0,4,4,1,St. John's (NY),.317,.370,.143,.545,46,.448,.513,.316,.619,71
Idaho St.,2025-11-23,4,1,1,3,Loyola Marymount,.440,.488,.143,.500,52,.396,.500,.211,.758,71
Missouri,2025-11-23,4,2,0,5,Washington St.,.482,.525,.375,.786,71,.292,.341,.226,.833,54
Long Beach State,2025-11-23,0,5,4,1,Oregon St.,.338,.438,.242,.500,55,.442,.563,.250,.625,71
Towson,2025-11-23,3,2,2,3,UMBC,.426,.414,.444,.719,71,.323,.381,.200,.800,64
Vermont,2025-11-23,4,1,4,0,Washington,.291,.318,.182,.714,39,.462,.571,.125,.900,71
Colorado,2025-11-22,3,1,2,3,UTA,.404,.479,.000,.862,71,.422,.433,.400,.615,60
Portland St.,2025-11-22,1,3,2,1,Utah Tech,.383,.396,.286,.682,63,.429,.543,.286,.692,71
High Point,2025-11-19,4,0,4,0,Vermont,.481,.500,.400,.882,71,.417,.450,.350,.667,65
Drexel,2025-11-19,4,0,1,3,Lehigh,.348,.377,.231,.727,57,.519,.714,.292,.769,71
Coastal Caro.,2025-11-19,2,3,2,2,NC State,.343,.447,.207,.857,58,.452,.576,.310,.500,71
Oregon St.,2025-11-18,3,0,2,1,Utah St.,.475,.561,.300,.778,71,.344,.395,.269,.167,52
Colorado St.,2025-11-17,3,0,1,3,San Diego,.519,.571,.458,.500,71,.275,.297,.214,.684,44
George Washington,2025-11-17,1,2,3,1,Longwood,.393,.432,.333,.545,62,.377,.391,.333,.769,71
Alabama St.,2025-11-16,1,3,0,0,Faulkner,.397,.462,.310,.615,71,.491,.559,.381,.600,77
Duke,2025-11-16,2,2,2,1,Liberty,.460,.524,.333,.500,71,.396,.410,.357,.556,57
Bowling Green,2025-11-14,1,2,2,1,Marquette,.317,.389,.208,.667,55,.569,.639,.400,.636,71
Robert Morris,2025-11-13,2,0,0,2,SFU,.453,.628,.095,.846,71,.429,.429,.429,.500,61
Sacramento St.,2025-11-12,2,1,1,1,UC San Diego,.407,.410,.400,.652,71,.323,.341,.286,.667,60
Dayton,2025-11-11,1,1,2,0,Xavier,.448,.513,.316,.565,71,.308,.368,.222,.870,66
Md.-East. Shore,2025-11-11,1,1,1,1,Monmouth,.415,.452,.273,.667,71,.354,.361,.333,.636,66
Central Mich.,2025-11-09,0,1,0,0,Davenport,.362,.358,.375,.517,71,.306,.393,.190,.435,44
N.C. A&T,2025-11-09,0,2,1,1,New Mexico,.400,.359,.545,.621,64,.375,.425,.292,.593,71
Rutgers,2025-11-09,2,0,1,1,Stony Brook,.362,.357,.368,.765,54,.385,.426,.278,.640,71
Drexel,2025-11-07,1,0,0,1,Marist,.443,.449,.417,.750,71,.411,.381,.500,.727,61
Davidson,2025-11-06,0,1,0,0,William & Mary,.500,.500,.500,.765,71,.304,.278,.350,.643,50
La Salle,2025-11-06,0,0,0,1,Loyola (MD),.500,.571,.200,.607,71,.444,.583,.167,.471,59
Elon,2025-11-06,1,0,1,0,UNC,.288,.364,.158,.800,37,.394,.533,.154,.647,71
Evansville,2025-11-06,0,0,0,1,SE Missouri St,.278,.292,.258,.667,66,.400,.438,.294,.636,71
Auburn,2025-11-03,0,0,0,0,Charlotte,.339,.447,.167,.806,71,.351,.361,.333,.733,58
Bryant,2025-11-03,0,0,0,0,Central Conn St,.556,.607,.471,.650,71,.314,.333,.278,.765,50
Chicago St.,2025-11-03,0,0,0,0,Cleveland St.,.267,.353,.154,.813,49,.436,.500,.294,.692,71
Radford,2025-11-03,0,0,0,0,Wake Forest,.342,.425,.242,.600,64,.338,.417,.241,.667,71
BYU,2026-03-30,25,11,22,13,Kansas,.431,.516,.333,.688,70,.375,.425,.250,.808,67
Notre Dame,2026-03-29 NCAA,25,10,37,0,UConn,.391,.412,.333,.632,52,.444,.486,.353,.800,70
Duke,2026-03-29 NCAA,27,8,34,1,UCLA,.387,.469,.077,1.000,58,.500,.614,.143,.769,70
Binghamton,2026-03-23,20,12,18,13,La Salle,.429,.564,.118,1.000,61,.444,.463,.385,.810,70
Oregon,2026-03-20 NCAA,22,12,23,9,Virginia Tech,.482,.512,.385,.524,70,.318,.286,.375,.600,60
Abilene Christ.,2026-03-13,22,9,12,20,UTA,.479,.500,.438,.773,70,.380,.400,.300,.474,50
UC Davis,2026-03-12,22,9,11,20,UC Riverside,.475,.560,.333,.771,70,.322,.400,.071,.741,59
Coppin St.,2026-03-12,9,22,9,19,N.C. Central,.442,.553,.143,.759,70,.280,.324,.188,.568,52
Southern Utah,2026-03-12,19,11,11,20,UTA,.358,.333,.412,.741,65,.396,.408,.250,.711,70
Mercyhurst,2026-03-09,14,15,12,17,Stonehill,.446,.621,.259,.684,70,.519,.579,.357,.714,64
Duke,2026-03-08,23,8,27,6,Louisville,.386,.378,.400,.692,70,.419,.463,.333,.667,65
UC Davis,2026-03-07,22,8,25,5,UC Irvine,.392,.607,.130,1.000,58,.431,.379,.500,1.000,70
Charleston,2026-03-07,23,5,12,16,N.C. A&T,.371,.333,.423,.650,70,.480,.515,.412,.643,64
Jacksonville St.,2026-03-07,14,15,13,15,Kennesaw St.,.357,.421,.281,.688,70,.471,.548,.111,.867,62
La Salle,2026-03-06,18,12,25,6,Richmond,.302,.356,.167,.714,51,.439,.583,.190,.800,70
BYU,2026-03-05,21,10,19,11,Utah,.386,.407,.367,.789,70,.370,.481,.259,.500,52
Drexel,2026-03-05,19,8,7,20,Hofstra,.415,.421,.407,.625,70,.423,.463,.273,.900,56
Fla. Gulf Coast,2026-03-05,16,14,19,10,Stetson,.375,.367,.385,.611,63,.400,.375,.423,.864,70
Cal,2026-03-05,19,13,22,7,Syracuse,.380,.516,.158,.720,59,.472,.488,.400,.727,70
Elon,2026-03-05,14,14,14,13,William & Mary,.357,.415,.200,.727,59,.421,.500,.235,.857,70
Lamar,2026-03-02,19,9,5,23,Southeastern LA,.500,.629,.286,.727,70,.367,.345,.400,.615,52
Arkansas,2026-03-01,11,19,14,15,Auburn,.417,.417,.417,.714,70,.288,.410,.050,.429,41
Oregon,2026-03-01,20,10,19,9,Washington,.491,.595,.250,.813,69,.458,.563,.333,.583,70
Cal St Northridge,2026-02-28,9,17,9,19,UC Riverside,.382,.405,.333,.765,61,.393,.378,.438,.714,70
UC Irvine,2026-02-28,24,4,19,8,UCSB,.345,.314,.400,.941,62,.500,.636,.375,.750,70
Detroit Mercy,2026-02-28,5,23,15,15,Northern Ky.,.379,.354,.444,.600,70,.438,.522,.222,.750,69
La Salle,2026-02-28,16,12,13,15,Loyola (IL),.463,.478,.375,.515,70,.350,.459,.174,.458,57
Eastern Mich.,2026-02-28,12,14,5,22,Northern Ill.,.373,.533,.207,.733,61,.453,.455,.450,.813,70
Kansas,2026-02-28,18,11,22,8,Oklahoma St.,.480,.647,.125,.667,56,.484,.697,.241,.600,70
San Diego St.,2026-02-28,23,4,9,18,Wyoming,.456,.486,.409,.692,70,.365,.394,.316,.778,51
Eastern Ill.,2026-02-28,4,26,14,15,SIU Edwardsville,.333,.389,.200,.667,43,.469,.535,.333,.750,70
Charleston,2026-02-27,21,4,13,12,William & Mary,.375,.405,.318,.833,70,.408,.469,.294,.500,48
Cal,2026-02-26,17,12,19,9,Clemson,.382,.345,.423,1.000,63,.519,.548,.400,.667,70
Eastern Wash.,2026-02-26,13,15,20,8,Northern Colo.,.397,.452,.333,.833,65,.467,.568,.304,.636,70
Pepperdine,2026-02-26,17,11,16,12,Portland,.459,.500,.353,.571,70,.318,.324,.310,.667,63
Elon,2026-02-22,12,13,7,17,Northeastern,.491,.571,.350,.900,70,.370,.409,.200,.750,57
UC Irvine,2026-02-21,22,4,18,7,UC San Diego,.373,.432,.214,.829,70,.410,.528,.240,.857,68
Fla. Gulf Coast,2026-02-21,13,13,19,7,Jacksonville,.333,.472,.095,.700,61,.431,.459,.381,.667,70
Lindenwood,2026-02-21,21,7,14,12,Tennessee Tech,.549,.676,.214,.846,70,.345,.412,.250,.611,57
Houston Christian,2026-02-21,8,17,13,13,NW St.,.472,.622,.125,.545,64,.350,.375,.300,.846,70
Oral Roberts,2026-02-21,13,13,7,20,UMKC,.480,.516,.421,.824,70,.408,.433,.273,.700,68
North Dakota,2026-02-21,7,20,13,14,St. Thomas,.432,.522,.333,.765,58,.482,.621,.333,.875,70
Middle Tenn.,2026-02-21,14,11,6,18,Western Ky.,.364,.400,.300,.792,65,.423,.556,.280,.826,70
Cal St Fullerton,2026-02-19,15,10,19,7,UC Davis,.406,.415,.364,.533,64,.521,.739,.320,.800,70
Albany (NY),2026-02-19,13,12,16,10,NJIT,.439,.410,.500,.455,64,.490,.571,.391,.733,70
Air Force,2026-02-18,12,13,20,6,Boise St.,.391,.467,.211,.727,62,.500,.513,.462,.750,70
Colorado St.,2026-02-18,19,7,8,17,Nevada,.441,.525,.263,.867,70,.393,.478,.133,.563,59
Kent St.,2026-02-18,11,13,5,20,Northern Ill.,.434,.487,.286,.741,70,.447,.467,.412,.857,67
Grand Canyon,2026-02-18,9,16,17,9,New Mexico,.400,.500,.310,.833,68,.417,.500,.250,.789,70
Central Mich.,2026-02-14,15,8,7,15,Western Mich.,.453,.432,.556,.810,70,.473,.533,.400,.500,67
Oregon St.,2026-02-14,17,9,10,14,Pacific,.472,.512,.333,.640,70,.414,.457,.250,.750,60
Lipscomb,2026-02-14,9,15,8,16,Queens (NC),.407,.444,.333,.800,66,.446,.441,.455,.526,70
Columbia,2026-02-13,15,6,19,2,Princeton,.424,.429,.412,.765,70,.455,.489,.300,.375,56
Harvard,2026-02-13,13,8,5,16,Yale,.500,.578,.267,.545,70,.478,.475,.500,.750,62
Cal St Fullerton,2026-02-12,14,9,3,19,Long Beach State,.314,.362,.083,.781,70,.432,.583,.250,.679,62
South Dakota,2026-02-12,19,6,7,17,UMKC,.355,.353,.364,.759,70,.409,.444,.250,.667,65
George Washington,2026-02-11,13,12,15,8,Saint Joseph's,.449,.459,.417,.700,63,.435,.412,.500,.706,70
Marquette,2026-02-11,16,8,15,8,Seton Hall,.390,.514,.208,.778,58,.403,.410,.391,.786,70
Kansas St.,2026-02-10,13,12,19,6,Oklahoma St.,.490,.488,.500,.800,70,.404,.472,.250,.714,61
North Texas,2026-02-10,13,10,20,3,Rice,.417,.471,.111,.895,68,.375,.343,.429,.731,70
Kansas,2026-02-10,15,10,22,3,Texas Tech,.455,.485,.364,.840,65,.350,.455,.222,.815,70
Illinois,2026-02-08,16,7,14,9,USC,.394,.462,.143,.615,62,.444,.500,.267,.833,70
Belmont,2026-02-07,13,9,11,11,UNI,.542,.640,.435,.667,70,.396,.476,.333,.917,58
Fordham,2026-02-07,9,14,12,11,La Salle,.328,.333,.308,.750,53,.547,.667,.350,.833,70
Sam Houston,2026-02-07,13,7,10,11,UTEP,.472,.488,.400,.552,70,.390,.435,.231,.750,58
Abilene Christ.,2026-02-05,16,6,10,10,Utah Valley,.426,.438,.409,.882,70,.450,.500,.389,.538,50
Ohio St.,2026-02-05,20,3,17,5,Washington,.484,.543,.313,.714,70,.400,.415,.357,.786,60
SMU,2026-02-05,8,14,12,11,Wake Forest,.462,.486,.412,.667,65,.490,.528,.400,.636,70
Fort Wayne,2026-02-05,15,8,6,17,Wright St.,.460,.585,.227,.308,67,.532,.556,.500,.769,70
Boise St.,2026-02-04,17,5,7,14,Nevada,.412,.414,.409,.792,70,.415,.463,.250,.875,61
Presbyterian,2026-02-04,3,19,6,17,USC Upstate,.309,.297,.333,.852,63,.535,.531,.545,.720,70
Boston College,2026-02-01,4,19,9,13,Ga Tech,.358,.463,.192,.875,60,.468,.587,.125,.667,70
High Point,2026-02-01,19,2,3,18,Presbyterian,.449,.591,.333,.739,70,.327,.410,.077,.462,41
Baylor,2026-02-01,19,3,17,5,West Virginia,.298,.310,.278,.844,60,.343,.365,.278,.850,70
American,2026-01-31,5,15,8,12,Lafayette,.422,.476,.318,.818,70,.355,.387,.323,.667,60
Cal Poly,2026-01-31,3,17,6,14,UC Riverside,.375,.426,.235,.636,66,.466,.588,.292,.500,70
Austin Peay,2026-01-31,13,6,13,7,Jacksonville,.473,.528,.368,.692,68,.417,.455,.313,.682,70
Central Ark.,2026-01-31,11,9,12,8,Stetson,.442,.609,.310,.818,64,.475,.561,.300,.857,70
Chicago St.,2026-01-29,4,17,2,17,SFU,.375,.396,.313,.607,70,.375,.421,.200,.742,61
McNeese,2026-01-29,16,4,14,6,Stephen F. Austin,.291,.343,.105,.667,70,.368,.387,.346,.619,64
Mt. St. Mary's,2026-01-29,9,11,4,16,Rider,.407,.450,.286,.759,70,.390,.474,.238,.533,59
Jacksonville St.,2026-01-29,11,8,11,6,Sam Houston,.356,.406,.231,.696,51,.393,.426,.286,.667,70
Incarnate Word,2026-01-29,10,8,3,15,TAMUCC,.322,.382,.240,.667,64,.389,.395,.375,.733,70
Tarleton St.,2026-01-29,10,8,9,10,Utah Valley,.383,.415,.316,.789,67,.400,.457,.300,.741,70
Ga. Southern,2026-01-28,15,5,11,9,Southern Miss.,.453,.545,.250,.700,70,.417,.436,.381,1.000,67
Furman,2026-01-24,12,8,8,13,Samford,.411,.421,.389,.607,70,.400,.519,.286,.769,62
American,2026-01-24,5,13,10,8,Holy Cross,.352,.323,.391,.846,58,.490,.545,.389,.765,70
Kennesaw St.,2026-01-24,9,8,7,12,New Mexico St.,.434,.541,.188,.553,70,.324,.346,.250,.875,55
Idaho St.,2026-01-24,12,6,5,13,Montana,.371,.404,.278,.714,67,.455,.526,.417,.556,70
Rice,2026-01-24,16,3,8,10,Tulane,.435,.500,.300,.909,70,.367,.400,.267,.667,60
Niagara,2026-01-24,0,18,9,10,Sacred Heart,.439,.514,.300,.750,65,.420,.500,.167,.722,70
NW St.,2026-01-22,9,8,13,5,Stephen F. Austin,.355,.395,.292,.706,63,.438,.464,.400,.714,70
Hampton,2026-01-18,8,8,6,9,N.C. A&T,.333,.314,.368,.824,57,.439,.452,.400,.636,70
Duquesne,2026-01-18,7,10,15,2,Rhode Island,.396,.405,.375,.400,50,.343,.395,.250,.783,70
Alabama,2026-01-18,17,2,12,3,Tennessee,.356,.419,.286,.692,59,.417,.425,.400,.857,70
Holy Cross,2026-01-17,9,7,7,9,Lafayette,.491,.500,.474,.900,70,.345,.406,.261,.571,48
McNeese,2026-01-17,13,4,9,8,UTRGV,.413,.426,.375,.750,70,.333,.294,.429,.762,54
Abilene Christ.,2026-01-15,12,5,11,7,Cal Baptist,.355,.317,.429,.680,70,.353,.512,.080,1.000,58
East Texas A&M,2026-01-15,7,7,6,8,Incarnate Word,.421,.489,.167,.765,63,.373,.432,.273,.769,70
Morehead St.,2026-01-15,9,8,2,13,Tennessee St.,.356,.500,.226,.765,62,.500,.517,.467,.704,70
Sacred Heart,2026-01-14,6,9,6,9,Siena,.510,.543,.429,.667,70,.308,.372,.182,.933,58
Northern Ill.,2026-01-14,3,12,7,7,Toledo,.400,.424,.333,.750,49,.529,.667,.333,.643,70
South Fla.,2026-01-13,10,7,8,6,UTSA,.458,.447,.476,.750,70,.367,.409,.250,.625,53
IU Indy,2026-01-11,5,10,6,11,Wright St.,.540,.667,.350,.643,70,.356,.415,.222,.619,59
LSU,2026-01-11,15,2,18,0,Texas,.388,.426,.231,.789,70,.439,.467,.333,.611,65
UC Riverside,2026-01-10,5,9,9,5,UC San Diego,.323,.423,.250,.833,54,.492,.490,.500,.667,70
Fla. Atlantic,2026-01-10,6,9,7,8,UAB,.413,.462,.333,.625,70,.400,.553,.185,.545,63
Nevada,2026-01-10,6,9,12,4,New Mexico,.467,.595,.261,.533,70,.421,.486,.318,.600,61
FIU,2026-01-08,7,5,7,7,Jacksonville St.,.368,.400,.278,.857,67,.429,.400,.462,.588,70
New Mexico St.,2026-01-08,5,9,4,9,Western Ky.,.517,.565,.333,.750,70,.509,.605,.294,.857,67
Mt. St. Mary's,2026-01-08,6,7,10,4,Quinnipiac,.293,.340,.000,.833,44,.388,.417,.355,.636,70
Air Force,2026-01-07,7,7,10,5,Boise St.,.362,.400,.304,.714,59,.520,.533,.500,.615,70
Nevada,2026-01-07,5,9,4,9,Wyoming,.492,.532,.357,.556,70,.390,.455,.308,.857,60
South Fla.,2026-01-06,8,7,7,7,UAB,.413,.423,.364,.609,70,.385,.488,.182,.786,65
Temple,2026-01-06,6,7,3,12,Wichita St.,.408,.490,.200,.667,70,.353,.385,.250,.688,50
Michigan,2026-01-05,11,2,10,3,Minnesota,.429,.541,.211,.692,70,.386,.444,.286,1.000,60
Clemson,2026-01-04,10,5,10,4,Miami (FL),.441,.560,.353,.857,70,.438,.471,.357,.667,55
Ill.-Chicago,2026-01-04,6,8,5,8,Indiana St.,.382,.434,.200,.789,70,.314,.357,.143,.688,57
Central Conn St,2026-01-04,0,12,3,9,New Haven,.377,.405,.273,.533,51,.452,.513,.348,.667,70
Loyola (IL),2026-01-03,4,9,11,2,Rhode Island,.418,.476,.231,.643,58,.387,.422,.294,.810,70
Tulane,2026-01-03,5,8,3,11,Wichita St.,.379,.465,.217,.682,70,.393,.500,.227,.733,60
Fisk,2026-01-02,0,3,6,10,Samford,.333,.303,.381,.769,54,.400,.607,.243,.818,70
Eastern Ill.,2026-01-01,1,12,4,7,SE Missouri St,.421,.379,.464,1.000,68,.433,.489,.267,.933,70
SIU Edwardsville,2026-01-01,8,4,8,3,Southern Ind.,.357,.459,.158,.600,55,.466,.500,.300,.722,70
Prairie View,2026-01-01,2,9,4,7,Southern U.,.488,.633,.154,.688,55,.375,.406,.182,.727,70
Rutgers,2026-01-01,8,5,9,4,Wisconsin,.390,.371,.417,.875,63,.453,.429,.480,.833,70
Rice,2025-12-30,10,3,7,6,South Fla.,.343,.318,.391,.750,70,.459,.481,.286,.833,68
Eastern Ky.,2025-12-29,8,4,6,5,Hampton,.375,.432,.286,.727,70,.292,.365,.100,.533,52
Delaware,2025-12-29,6,5,6,6,Harvard,.451,.500,.353,.846,63,.358,.447,.150,.905,70
Cleveland St.,2025-12-29,12,2,8,4,Youngstown St.,.386,.436,.278,.667,63,.459,.543,.346,.625,70
Michigan St.,2025-12-28,11,1,8,4,Rutgers,.353,.477,.125,.792,70,.415,.545,.200,.800,64
Mercer,2025-12-21,8,5,5,6,Tulane,.379,.394,.360,.654,70,.333,.412,.143,.640,67
Penn St.,2025-12-21,7,4,10,3,Richmond,.407,.463,.278,.500,54,.453,.622,.222,.750,70
South Dakota St.,2025-12-21,10,3,13,0,Texas,.356,.462,.211,.714,51,.455,.500,.250,.538,70
Columbia,2025-12-20,7,4,5,5,UTSA,.404,.607,.207,.621,70,.473,.559,.333,.667,65
Creighton,2025-12-20,5,5,3,10,DePaul,.403,.514,.240,.700,70,.300,.359,.190,.714,50
Memphis,2025-12-20,4,7,2,6,Southeastern LA,.406,.481,.176,.550,70,.355,.378,.320,.737,66
New Mexico St.,2025-12-20,3,7,8,4,Saint Mary's,.543,.606,.385,.364,59,.444,.514,.316,.615,70
Buffalo,2025-12-19,2,7,5,4,Tarleton St.,.387,.417,.286,.650,65,.435,.422,.471,.727,70
Houston Christian,2025-12-18,4,4,4,4,Nicholls St.,.486,.519,.400,.467,47,.500,.568,.333,.765,70
Central Ark.,2025-12-17,7,3,5,4,Louisiana Tech,.356,.412,.280,.750,55,.375,.400,.333,.636,70
Boise St.,2025-12-17,9,2,8,3,New Mexico,.400,.500,.227,.667,63,.422,.556,.105,.700,70
Alcorn St.,2025-12-15,3,5,4,5,UAB,.207,.184,.333,.833,32,.490,.476,.500,.615,70
American,2025-12-14,1,7,6,5,George Washington,.268,.278,.250,.818,44,.509,.677,.292,.778,70
North Ala.,2025-12-14,5,3,6,3,South Ala.,.389,.400,.357,.786,58,.406,.413,.389,.688,70
Drake,2025-12-13,1,7,5,6,St. Thomas,.297,.327,.200,.750,50,.400,.462,.345,.696,70
Fla. Atlantic,2025-12-12,5,3,2,5,Fla. Gulf Coast,.345,.345,.346,.667,59,.533,.567,.467,.652,70
Illinois,2025-12-10,8,1,9,2,Missouri,.444,.500,.267,.769,70,.382,.433,.320,.857,62
Fort Wayne,2025-12-10,6,4,2,8,Milwaukee,.393,.483,.313,.750,70,.380,.240,.520,.750,60
Brown,2025-12-09,6,4,3,5,Merrimack,.433,.486,.360,.750,70,.362,.324,.417,.615,60
Colorado St.,2025-12-07,7,2,7,1,Southern Utah,.397,.425,.333,.818,70,.263,.238,.333,.750,47
Duke,2025-12-07,3,6,7,2,Virginia Tech,.404,.442,.286,.690,70,.266,.250,.313,.882,54
Pacific,2025-12-07,4,4,4,3,San Diego St.,.414,.421,.400,.923,68,.448,.500,.393,.700,70
San Diego,2025-12-07,3,6,3,4,Utah St.,.408,.438,.353,.686,70,.421,.548,.269,.846,66
Houston,2025-12-07,5,3,2,5,Southern U.,.413,.467,.313,.731,62,.446,.442,.462,.778,70
Kent St.,2025-12-06,4,5,6,3,Marshall,.351,.400,.227,.429,62,.391,.486,.276,1.000,70
UNCG,2025-12-06,4,4,4,6,USC Upstate,.387,.432,.320,.700,70,.306,.400,.158,.600,39
Belmont,2025-12-06,4,4,8,1,Princeton,.351,.406,.280,.688,58,.414,.471,.333,.667,70
Charleston So.,2025-12-06,2,6,3,5,Wofford,.250,.261,.242,.857,42,.446,.564,.269,.833,70
Colgate,2025-12-05,4,3,4,2,Delaware,.353,.373,.294,.846,64,.361,.469,.130,.714,70
Ga. Southern,2025-12-04,4,3,3,4,North Florida,.475,.548,.294,.750,70,.360,.353,.375,.667,44
Green Bay,2025-12-04,5,3,3,6,Northern Ky.,.500,.472,.563,.643,70,.297,.353,.233,.938,60
Butler,2025-12-04,4,4,4,1,Seton Hall,.333,.400,.250,.818,51,.439,.440,.438,.500,70
Colorado St.,2025-12-04,7,1,5,3,Utah,.408,.441,.333,.813,58,.500,.522,.481,.636,70
La Salle,2025-12-03,5,2,3,4,VCU,.415,.588,.226,.900,70,.367,.349,.412,.917,62
Stetson,2025-12-03,5,2,6,2,UCF,.439,.486,.350,.650,70,.409,.423,.357,.727,67
Florida A&M,2025-12-02,0,7,5,1,Jacksonville,.455,.488,.333,.692,63,.420,.436,.364,.667,70
Alabama St.,2025-12-01,1,5,0,0,Auburn Montgomery,.429,.500,.154,.583,70,.255,.267,.167,.667,41
Alabama A&M,2025-11-29,1,5,6,1,Ball St.,.217,.271,.095,.545,38,.426,.571,.273,.750,70
Charleston,2025-11-29,6,0,6,1,High Point,.311,.283,.381,.625,59,.391,.432,.344,.833,70
Jacksonville St.,2025-11-29,2,4,2,4,Pacific,.344,.361,.320,.722,63,.551,.583,.462,.833,70
Central Ark.,2025-11-26,4,2,4,3,Georgia St.,.409,.444,.367,.625,70,.281,.300,.250,.818,51
Fordham,2025-11-26,4,3,0,5,Niagara,.362,.404,.235,.727,70,.250,.289,.143,.704,47
Illinois,2025-11-26,4,1,2,3,Western Ky.,.426,.516,.304,.850,70,.356,.483,.125,.636,41
Central Ark.,2025-11-25,3,2,2,4,Stony Brook,.475,.500,.440,.600,70,.286,.344,.176,.611,42
Louisiana,2025-11-25,0,4,3,3,Memphis,.394,.422,.143,.636,64,.397,.463,.296,.500,70
SMU,2025-11-25,1,4,1,5,Saint Louis,.362,.392,.278,.667,67,.382,.400,.333,.852,70
Roosevelt,2025-11-25,0,0,1,3,Western Mich.,.469,.610,.217,.607,82,.410,.500,.238,.714,70
Sacramento St.,2025-11-24,5,1,3,2,UC Davis,.404,.333,.556,.917,67,.362,.529,.200,.619,70
Brown,2025-11-23,2,2,1,3,Maine,.459,.571,.211,.833,70,.263,.353,.130,.600,39
Oregon,2025-11-23,5,0,3,2,Utah St.,.429,.477,.316,.667,70,.263,.359,.056,1.000,34
Incarnate Word,2025-11-23,1,3,2,2,Rice,.431,.488,.294,.778,62,.292,.385,.154,.800,70
Cal,2025-11-20,4,1,5,0,Saint Mary's,.500,.690,.261,.632,70,.520,.558,.286,.571,62
Fla. Atlantic,2025-11-20,2,1,3,1,South Ala.,.386,.414,.333,.828,63,.415,.472,.294,.724,70
Stanford,2025-11-20,5,0,3,1,UC Davis,.414,.487,.263,.810,70,.224,.207,.241,.923,45
BYU,2025-11-19,4,0,1,3,Montana,.388,.525,.185,.591,70,.393,.471,.359,.846,69
Northern Ky.,2025-11-19,0,4,1,2,Toledo,.460,.500,.357,.704,70,.407,.529,.200,.765,61
Loyola (IL),2025-11-16,1,2,2,2,Md.-East. Shore,.407,.439,.333,1.000,67,.448,.469,.333,.682,70
Delaware St.,2025-11-15,2,2,2,1,LIU,.361,.413,.200,.692,56,.364,.385,.333,.821,70
Central Conn St,2025-11-15,0,3,1,1,Mass.-Lowell,.279,.289,.261,.833,54,.400,.400,.400,.714,70
Boston College,2025-11-15,3,1,1,1,Providence,.377,.357,.400,.647,61,.481,.541,.353,.600,70
Colorado St.,2025-11-13,2,0,2,0,Gonzaga,.483,.579,.300,.615,70,.448,.500,.364,.545,66
Houston,2025-11-11,2,0,0,1,Rice,.295,.314,.200,.545,56,.316,.364,.250,.903,70
Cincinnati,2025-11-11,0,2,2,0,Saint Joseph's,.369,.327,.500,.500,65,.480,.593,.348,.778,70
Fordham,2025-11-10,1,1,0,1,Saint Peter's,.365,.426,.259,.429,70,.354,.429,.250,.607,56
Morgan St.,2025-11-09,0,1,1,1,Stetson,.339,.366,.278,.688,56,.400,.515,.259,.750,70
BYU,2025-11-08,1,0,0,0,San Jose St.,.329,.457,.220,.846,70,.302,.366,.182,.643,51
Canisius,2025-11-07,0,1,0,1,Eastern Mich.,.167,.167,.167,.815,39,.431,.522,.211,.909,70
La.-Monroe,2025-11-07,1,0,0,1,Louisiana Tech,.446,.476,.357,.714,70,.339,.368,.292,.650,62
Akron,2025-11-07,0,1,1,0,Robert Morris,.440,.515,.294,.667,61,.434,.487,.286,.800,70
North Florida,2025-11-05,0,1,0,0,Palm Beach Atl,.429,.488,.318,.643,70,.419,.500,.321,.500,67
Missouri St.,2025-11-03,0,0,0,0,Saint Louis,.393,.420,.273,.559,70,.446,.458,.333,.286,66
Cal St San Marcos,2025-11-03,0,0,0,0,Nevada,.339,.357,.321,1.000,53,.356,.390,.214,.652,70
Lafayette,2025-11-03,0,0,0,0,Villanova,.250,.211,.400,.833,38,.394,.421,.364,.500,70
Alabama,2026-03-23 NCAA,24,10,28,7,Louisville,.456,.452,.462,1.000,68,.450,.588,.269,.500,69
Middle Tenn.,2026-03-23,16,15,17,15,St. Bonaventure,.393,.484,.300,.800,69,.357,.424,.261,.571,50
Baylor,2026-03-22 NCAA,25,8,25,8,Duke,.302,.410,.000,.778,46,.391,.500,.182,.625,69
Montana St.,2026-03-22,25,7,19,14,San Francisco,.329,.432,.222,.650,69,.313,.357,.240,.333,53
Ga Tech,2026-03-19,14,18,18,17,Kansas St.,.386,.436,.278,.800,65,.411,.457,.333,.800,69
Drexel,2026-03-19,21,10,16,15,St. Bonaventure,.453,.550,.292,.500,67,.343,.288,.500,.923,69
Drake,2026-03-13,12,19,19,12,Illinois St.,.448,.475,.389,.333,62,.439,.524,.200,.615,69
Ball St.,2026-03-13,26,6,16,14,Toledo,.400,.404,.389,.857,65,.397,.405,.375,.708,69
Middle Tenn.,2026-03-12,16,14,19,12,Missouri St.,.383,.529,.192,.938,66,.458,.522,.231,.522,69
Morgan St.,2026-03-12,5,25,16,13,Norfolk St.,.208,.250,.077,.606,43,.460,.510,.286,.500,69
James Madison,2026-03-09,25,8,25,6,Troy,.403,.475,.273,.650,69,.303,.352,.083,1.000,52
East Texas A&M,2026-03-09,13,16,17,13,NW St.,.350,.333,.389,.538,56,.403,.476,.250,.933,69
American,2026-03-07,7,22,10,19,Boston U.,.362,.375,.346,.700,58,.492,.500,.462,.500,69
Charlotte,2026-03-07,13,17,11,18,UAB,.392,.472,.190,.875,69,.403,.429,.350,.818,66
Brown,2026-03-07,16,9,16,10,Penn,.315,.265,.400,.737,56,.446,.563,.292,.800,69
Fairfield,2026-03-06,25,4,13,17,Sacred Heart,.463,.567,.333,.579,69,.352,.400,.214,.857,53
DePaul,2026-03-06,8,23,14,17,Providence,.328,.347,.278,.545,55,.485,.491,.455,.000,69
Campbell,2026-03-05,18,11,10,18,Hampton,.466,.447,.500,.333,69,.321,.313,.333,.833,51
Miami (FL),2026-03-05,17,13,20,9,Notre Dame,.458,.531,.313,.417,54,.459,.523,.294,.533,69
South Ala.,2026-03-05,14,17,11,18,Texas St.,.434,.432,.438,.941,69,.364,.395,.294,.700,59
Chicago St.,2026-03-05,9,21,11,17,Stonehill,.343,.370,.250,.643,61,.394,.404,.368,.833,69
East Texas A&M,2026-03-03,13,15,13,15,Nicholls St.,.409,.560,.211,.750,49,.382,.418,.231,.778,69
Detroit Mercy,2026-03-02,6,23,8,23,Milwaukee,.424,.521,.167,.588,69,.462,.600,.273,.722,67
Marquette,2026-03-01,17,11,14,16,Providence,.415,.464,.360,.593,69,.394,.479,.217,.667,65
Buffalo,2026-02-28,2,25,14,12,Toledo,.442,.528,.250,.826,69,.415,.524,.217,.778,66
Creighton,2026-02-26,13,14,14,15,Providence,.431,.500,.300,.867,69,.250,.297,.174,.882,49
Ga Tech,2026-02-26,12,16,24,5,Louisville,.383,.429,.316,.571,50,.450,.559,.308,1.000,69
McNeese,2026-02-26,24,4,12,14,Nicholls St.,.393,.378,.438,.824,69,.439,.485,.250,.808,59
FIU,2026-02-26,17,9,17,11,Missouri St.,.190,.225,.111,.583,38,.426,.426,.429,.688,69
Morgan St.,2026-02-26,4,23,14,12,Norfolk St.,.333,.347,.286,.737,60,.436,.543,.250,.842,69
Seattle,2026-02-26,5,22,5,24,Washington St.,.340,.382,.250,.895,55,.369,.400,.267,1.000,69
Air Force,2026-02-25,12,15,9,17,Wyoming,.373,.408,.278,.778,69,.441,.523,.200,.667,61
New Mexico,2026-02-25,19,9,6,20,Utah St.,.369,.293,.500,.818,69,.364,.485,.182,.833,54
Drake,2026-02-22,8,17,12,14,Ill.-Chicago,.439,.528,.286,.556,61,.474,.542,.111,.737,69
Cal,2026-02-22,17,11,14,12,Miami (FL),.333,.424,.242,.444,60,.500,.457,.700,.400,69
Albany (NY),2026-02-21,13,13,13,12,UMBC,.415,.486,.250,.808,69,.403,.500,.227,.727,63
Binghamton,2026-02-21,17,9,8,18,Mass.-Lowell,.472,.475,.462,.619,69,.302,.387,.182,.889,44
FDU,2026-02-21,23,4,7,18,New Haven,.400,.379,.419,.800,69,.422,.469,.308,.684,55
Jacksonville St.,2026-02-21,12,14,16,8,Sam Houston,.431,.537,.250,.500,69,.422,.460,.286,.588,68
Central Mich.,2026-02-21,16,9,18,6,Massachusetts,.380,.400,.300,.600,50,.377,.306,.550,.667,69
Brown,2026-02-21,15,7,20,3,Princeton,.286,.391,.192,.800,37,.444,.500,.364,.722,69
Fordham,2026-02-21,10,16,23,3,Rhode Island,.288,.306,.200,.750,39,.439,.537,.188,.727,69
Eastern Ky.,2026-02-21,22,6,17,9,Stetson,.321,.323,.318,.684,54,.500,.541,.400,1.000,69
New Mexico St.,2026-02-21,8,17,11,13,UTEP,.333,.283,.500,.786,58,.463,.541,.294,.875,69
Eastern Ky.,2026-02-19,22,5,12,13,Fla. Gulf Coast,.333,.344,.323,.917,63,.465,.423,.529,.800,69
Eastern Wash.,2026-02-19,12,14,11,15,Sacramento St.,.404,.378,.467,.733,60,.462,.500,.375,.938,69
Omaha,2026-02-19,4,24,20,6,South Dakota,.411,.467,.346,1.000,66,.388,.429,.333,.828,69
Memphis,2026-02-19,8,17,9,16,Tulane,.379,.444,.154,.571,54,.421,.463,.313,.800,69
Charleston,2026-02-15,20,3,15,8,Monmouth,.339,.391,.188,.706,57,.490,.538,.440,.667,69
IU Indy,2026-02-15,11,13,18,8,Youngstown St.,.415,.444,.353,.714,65,.481,.500,.429,.917,69
Columbia,2026-02-14,16,6,14,8,Penn,.388,.452,.280,.714,69,.396,.344,.500,.714,56
South Fla.,2026-02-14,15,10,12,11,UTSA,.509,.625,.200,.833,69,.311,.333,.235,.765,63
Charleston,2026-02-13,19,3,6,15,Northeastern,.443,.538,.273,.643,69,.300,.333,.222,.700,47
N.C. A&T,2026-02-13,9,13,5,17,UNCW,.361,.378,.333,.632,64,.412,.412,.412,.741,69
Hampton,2026-02-13,9,14,13,10,Towson,.237,.295,.067,.789,44,.403,.486,.280,.800,69
UC Riverside,2026-02-12,7,16,16,6,UCSB,.421,.467,.370,.647,69,.429,.567,.211,.727,62
Fairfield,2026-02-12,20,4,12,12,Mt. St. Mary's,.393,.276,.500,.714,69,.386,.471,.100,.533,43
SE Missouri St,2026-02-12,8,15,10,14,SIU Edwardsville,.368,.415,.250,.789,61,.444,.552,.320,.619,69
South Ala.,2026-02-12,9,14,10,13,Texas St.,.368,.459,.258,.417,63,.484,.540,.250,.462,69
Army,2026-02-11,18,5,7,16,Boston U.,.444,.455,.429,.706,69,.512,.500,.529,.733,62
Coastal Caro.,2026-02-11,11,14,15,10,Old Dominion,.393,.459,.292,.778,69,.329,.408,.143,.765,62
Arkansas St.,2026-02-11,20,5,17,6,Ga. Southern,.308,.295,.333,.684,60,.471,.487,.417,.842,69
Robert Morris,2026-02-11,16,8,17,8,Youngstown St.,.407,.455,.267,.667,62,.344,.417,.125,.793,69
Michigan,2026-02-08,20,3,22,1,UCLA,.366,.420,.238,.692,66,.466,.533,.231,.800,69
LIU,2026-02-07,14,8,8,14,Stonehill,.421,.486,.318,.737,69,.371,.405,.300,.625,57
Nicholls St.,2026-02-07,10,11,4,17,TAMUCC,.415,.447,.333,.741,69,.342,.407,.182,.609,42
North Texas,2026-02-07,12,10,10,11,Temple,.371,.340,.471,.692,69,.448,.475,.389,.583,66
Penn,2026-02-06,13,7,18,2,Princeton,.370,.400,.286,.750,50,.483,.550,.350,.571,69
Bethune-Cookman,2026-02-05,3,19,9,12,Texas Southern,.373,.357,.412,.857,69,.382,.449,.211,.533,64
Bradley,2026-02-05,14,8,11,10,UNI,.452,.395,.579,.500,69,.327,.379,.261,.700,47
UC Davis,2026-02-05,16,6,15,5,UCSB,.317,.452,.188,.833,61,.387,.481,.314,.714,69
Merrimack,2026-02-05,11,10,11,11,Sacred Heart,.480,.500,.458,.833,69,.315,.342,.250,.563,47
Mass.-Lowell,2026-02-05,6,16,13,9,NJIT,.361,.459,.208,.688,60,.473,.500,.421,.900,69
Nicholls St.,2026-02-05,10,10,13,9,UTRGV,.412,.421,.385,.826,66,.463,.432,.529,.625,69
Marshall,2026-02-04,18,6,9,12,South Ala.,.426,.483,.360,.778,69,.359,.366,.348,.750,60
Rhode Island,2026-02-04,19,2,15,6,Saint Joseph's,.386,.405,.333,.800,69,.371,.439,.238,.833,61
App. St.,2026-02-04,10,11,18,4,Troy,.338,.375,.250,.889,59,.368,.434,.217,.571,69
Idaho St.,2026-02-02,13,7,5,16,Portland St.,.467,.560,.000,.684,69,.386,.500,.188,.769,57
Md.-East. Shore,2026-02-02,12,10,3,14,N.C. Central,.400,.409,.364,.583,62,.423,.425,.417,.556,69
Colorado,2026-02-01,14,7,13,9,Kansas,.370,.409,.200,.692,69,.358,.459,.125,.839,66
Alcorn St.,2026-01-31,9,9,11,8,Southern U.,.477,.433,.571,.679,69,.255,.306,.158,.581,56
Cleveland St.,2026-01-31,16,7,10,13,Northern Ky.,.434,.630,.231,.739,69,.333,.436,.185,.750,61
Coppin St.,2026-01-31,4,18,3,19,Morgan St.,.354,.333,.391,.583,69,.306,.378,.083,.778,45
Lindenwood,2026-01-31,16,6,13,9,Morehead St.,.436,.531,.304,.889,63,.446,.471,.409,.909,69
Canisius,2026-01-31,3,17,8,12,Siena,.348,.373,.267,.682,65,.391,.400,.368,.667,69
DePaul,2026-01-31,5,18,16,5,Villanova,.355,.421,.250,.600,56,.474,.488,.429,.750,69
Bellarmine,2026-01-31,2,20,13,7,West Ga.,.293,.355,.100,.667,39,.371,.524,.293,.647,69
Arkansas St.,2026-01-29,18,4,9,12,Georgia St.,.391,.541,.219,.444,69,.333,.425,.150,.667,61
Lindenwood,2026-01-29,15,6,14,5,Southern Ind.,.393,.367,.419,.615,69,.440,.533,.300,.739,67
Montana,2026-01-29,6,13,5,14,Portland St.,.397,.548,.095,.895,69,.357,.458,.136,.909,63
Austin Peay,2026-01-29,13,5,7,12,North Florida,.373,.375,.368,.682,66,.458,.448,.474,.842,69
UMBC,2026-01-29,10,9,17,5,Vermont,.305,.320,.222,.750,47,.462,.511,.350,.333,69
SE Missouri St,2026-01-29,7,12,16,3,Western Ill.,.377,.552,.167,.478,55,.453,.436,.500,.824,69
Detroit Mercy,2026-01-29,4,16,14,7,Youngstown St.,.303,.386,.136,.714,53,.500,.560,.429,.875,69
La Salle,2026-01-28,11,9,13,6,Saint Joseph's,.431,.463,.353,.818,65,.448,.459,.429,.571,69
Fordham,2026-01-28,9,11,7,14,VCU,.338,.472,.172,.900,58,.389,.378,.412,.714,69
Ga. Southern,2026-01-24,14,5,9,9,South Ala.,.412,.565,.091,.611,69,.347,.500,.143,.563,46
Nicholls St.,2026-01-24,9,8,2,15,Southeastern LA,.434,.529,.263,.667,69,.387,.400,.364,.833,66
Coppin St.,2026-01-24,4,17,9,11,Norfolk St.,.227,.277,.143,.833,58,.410,.412,.407,.667,69
Loyola Marymount,2026-01-24,12,7,7,14,San Diego,.328,.400,.158,.789,60,.491,.468,.667,.765,69
San Diego,2026-01-22,7,13,11,7,San Francisco,.361,.395,.278,.727,65,.404,.405,.400,.750,69
MVSU,2026-01-22,4,13,8,8,Southern U.,.267,.273,.250,.704,46,.366,.404,.263,.600,69
Houston,2026-01-21,6,12,10,9,Kansas St.,.431,.514,.304,.800,65,.481,.568,.294,.667,69
Coastal Caro.,2026-01-21,9,10,1,17,Louisiana,.317,.424,.200,.606,66,.375,.405,.286,.821,69
Belmont,2026-01-18,11,7,15,2,Murray St.,.356,.429,.000,.600,48,.338,.400,.258,.813,69
Stanford,2026-01-18,15,4,15,3,Syracuse,.348,.353,.333,.875,58,.460,.463,.444,.792,69
BYU,2026-01-17,14,3,16,3,Baylor,.323,.457,.167,.611,58,.424,.515,.308,.917,69
Furman,2026-01-17,10,8,3,14,Western Caro.,.370,.396,.300,.474,69,.213,.241,.167,.789,38
Howard,2026-01-17,12,7,3,13,N.C. Central,.367,.422,.200,.759,69,.431,.429,.438,.556,61
Oregon St.,2026-01-17,13,6,11,7,Pepperdine,.490,.514,.429,.765,69,.413,.448,.382,.600,68
Dartmouth,2026-01-17,9,6,14,1,Princeton,.275,.258,.300,.700,41,.397,.447,.286,.692,69
Eastern Ky.,2026-01-15,13,4,5,10,Lipscomb,.373,.459,.267,.786,69,.407,.486,.235,.750,60
Florida St.,2026-01-15,5,12,8,10,Pitt,.310,.361,.257,.762,69,.339,.400,.259,.941,65
Furman,2026-01-15,9,8,12,5,UNCG,.357,.306,.450,.667,69,.373,.400,.346,.818,56
Queens (NC),2026-01-15,7,8,9,6,Stetson,.328,.372,.238,.667,61,.460,.548,.316,.500,69
Fort Wayne,2026-01-14,11,7,13,5,Green Bay,.311,.333,.286,.647,57,.419,.450,.364,.900,69
Eastern Mich.,2026-01-14,7,7,12,4,Miami (OH),.412,.455,.333,.700,55,.483,.553,.350,.750,69
Gonzaga,2026-01-10,11,6,9,7,Portland,.478,.472,.500,.741,69,.440,.581,.211,.438,55
Mercyhurst,2026-01-10,1,13,6,8,Wagner,.453,.500,.391,.750,69,.529,.605,.125,.688,66
Delaware St.,2026-01-10,3,14,6,11,Norfolk St.,.328,.405,.158,.625,53,.450,.465,.412,.800,69
Northern Colo.,2026-01-10,11,5,6,10,Weber St.,.407,.444,.286,.630,69,.386,.400,.364,.778,66
La Salle,2026-01-10,10,5,11,4,Saint Joseph's,.351,.372,.286,.640,60,.370,.412,.300,.793,69
Charlotte,2026-01-10,8,8,7,6,UTSA,.415,.438,.353,.750,63,.394,.431,.267,.765,69
Alabama A&M,2026-01-08,5,9,2,11,Jackson St.,.479,.528,.333,.576,69,.426,.448,.389,.667,59
Canisius,2026-01-08,2,11,1,12,Manhattan,.340,.385,.125,.769,43,.475,.509,.250,1.000,69
NJIT,2026-01-08,10,5,6,9,New Hampshire,.407,.413,.375,.733,69,.344,.360,.286,.737,62
App. St.,2026-01-07,7,6,7,9,Coastal Caro.,.300,.364,.222,.846,53,.460,.486,.400,.739,69
UNLV,2026-01-07,9,5,6,7,Utah St.,.419,.500,.273,.733,69,.348,.421,.250,.833,58
Oklahoma St.,2026-01-07,13,3,14,1,TCU,.400,.526,.182,.692,61,.520,.531,.500,.667,69
Jacksonville St.,2026-01-04,7,6,6,7,Middle Tenn.,.308,.348,.276,.923,52,.500,.484,.522,.600,69
DePaul,2026-01-04,3,13,8,7,Providence,.370,.355,.391,.714,59,.396,.410,.357,.688,69
Cal St Bakersfield,2026-01-03,5,8,9,4,UC Davis,.324,.333,.308,.833,59,.468,.615,.286,.679,69
Eastern Wash.,2026-01-03,7,6,9,4,Idaho,.324,.395,.214,.733,63,.365,.386,.294,.714,69
Abilene Christ.,2026-01-03,10,4,8,5,Utah Valley,.468,.538,.381,.682,67,.561,.571,.550,.750,69
Northeastern,2026-01-02,4,6,4,7,UNCW,.418,.481,.200,.667,67,.481,.500,.438,.750,69
Eastern Ky.,2026-01-01,9,4,7,4,West Ga.,.408,.571,.172,.600,69,.412,.455,.143,.769,53
Mt. St. Mary's,2026-01-01,6,6,4,7,Siena,.300,.326,.250,.550,59,.328,.364,.286,.778,69
Arizona St.,2025-12-31,14,0,10,3,Utah,.414,.455,.286,.850,69,.397,.394,.400,.857,68
Tennessee St.,2025-12-30,2,9,9,2,Tennessee Tech,.453,.524,.182,.650,63,.343,.388,.222,.655,69
Cal St Northridge,2025-12-20,5,5,8,3,Pepperdine,.387,.400,.364,.500,63,.382,.442,.280,.769,69
Drexel,2025-12-20,7,3,9,4,Vermont,.404,.450,.250,.737,59,.510,.613,.333,.929,69
Loyola (IL),2025-12-18,3,7,6,4,Northwestern,.467,.523,.313,.615,69,.463,.538,.267,.824,68
Chicago St.,2025-12-17,1,10,4,5,Utah Tech,.352,.390,.231,.700,55,.343,.565,.227,.650,69
Central Conn St,2025-12-17,0,9,3,7,New Hampshire,.400,.388,.438,.778,66,.568,.576,.545,.619,69
American,2025-12-16,1,8,3,7,VCU,.321,.381,.281,.870,63,.433,.476,.333,.688,69
Georgia St.,2025-12-14,4,6,5,3,Kennesaw St.,.413,.422,.389,.571,63,.500,.553,.357,.923,69
Montana St.,2025-12-14,6,2,10,1,Oregon,.286,.405,.053,.846,44,.328,.370,.290,.846,69
Auburn,2025-12-14,8,2,5,3,Seton Hall,.397,.364,.440,.500,63,.424,.394,.462,.700,69
Binghamton,2025-12-13,5,3,3,6,Marist,.446,.556,.250,.700,69,.412,.520,.308,.889,58
Colorado St.,2025-12-13,8,2,6,3,San Francisco,.407,.447,.333,.667,69,.283,.290,.273,.800,52
NW St.,2025-12-07,3,4,2,4,Southeastern LA,.424,.545,.182,.600,69,.412,.405,.429,1.000,52
Ak. Anchorage,2025-12-07,0,2,5,4,Oregon St.,.297,.296,.297,1.000,53,.347,.349,.345,.563,69
Maine,2025-12-07,3,6,7,2,Rhode Island,.396,.381,.455,.900,56,.578,.656,.385,.800,69
South Carolina St.,2025-12-07,2,8,4,2,West Ga.,.414,.419,.400,.750,69,.317,.448,.206,.750,62
Fordham,2025-12-06,6,4,1,5,Hofstra,.400,.400,.400,.643,69,.326,.429,.227,.684,46
FDU,2025-12-04,5,3,4,4,Lafayette,.422,.375,.469,.000,69,.462,.500,.375,.700,61
Notre Dame,2025-12-04,5,1,7,0,Ole Miss,.436,.458,.286,1.000,62,.393,.500,.240,.682,69
New Mexico St.,2025-12-04,1,5,6,1,Southern Utah,.373,.372,.375,.563,59,.382,.429,.300,.808,69
Indiana St.,2025-12-03,3,3,2,5,Northern Ill.,.373,.486,.208,.741,69,.385,.486,.133,.633,61
Cal Baptist,2025-12-03,6,1,4,2,Pepperdine,.355,.415,.238,.692,58,.397,.459,.308,.786,69
Loyola (IL),2025-12-03,2,5,6,2,Richmond,.353,.351,.357,.385,46,.450,.485,.407,.571,69
Duquesne,2025-11-30,5,2,5,1,Navy,.319,.277,.400,.591,69,.325,.313,.345,.583,67
Arkansas,2025-11-30,7,1,3,5,Harvard,.378,.462,.263,.600,51,.377,.355,.400,.647,69
Queens (NC),2025-11-30,3,3,2,3,UNCW,.393,.419,.333,.417,59,.414,.450,.333,.682,69
James Madison,2025-11-29,5,3,6,2,Wisconsin,.394,.475,.269,.667,69,.290,.300,.281,.625,50
Maine,2025-11-29,1,5,0,7,SFU,.500,.575,.313,.727,69,.322,.370,.154,.857,46
Denver,2025-11-29,3,3,5,0,UTEP,.327,.364,.273,.909,52,.403,.386,.444,.846,69
Jacksonville St.,2025-11-28,2,3,4,2,UC Davis,.345,.368,.300,.813,59,.553,.636,.357,.632,69
Georgia St.,2025-11-25,3,3,3,4,Samford,.381,.500,.222,.750,69,.397,.563,.333,.667,64
Middle Tenn.,2025-11-25,3,3,5,1,Miss. St.,.356,.393,.294,.667,47,.551,.579,.455,.769,69
Toledo,2025-11-25,1,3,4,1,Youngstown St.,.426,.487,.318,.588,69,.473,.524,.308,.750,65
West Ga.,2025-11-25,2,2,2,4,Western Caro.,.393,.441,.333,.706,69,.321,.325,.313,.760,60
Colorado,2025-11-24,4,1,3,2,VCU,.413,.462,.182,.625,69,.412,.500,.333,.538,58
NW St.,2025-11-24,3,2,4,1,Virginia,.345,.368,.294,.455,48,.424,.525,.269,.667,69
Navy,2025-11-23,4,0,4,1,Richmond,.311,.400,.143,.882,56,.403,.484,.323,.563,69
American,2025-11-20,1,2,3,1,LIU,.397,.548,.222,.600,55,.446,.579,.259,.571,69
Loyola (MD),2025-11-20,0,5,1,3,Mt. St. Mary's,.286,.310,.231,.719,50,.388,.345,.450,.815,69
Miss. St.,2025-11-20,4,0,5,0,Texas Tech,.377,.405,.313,.810,62,.394,.489,.158,.824,69
Princeton,2025-11-19,2,1,2,1,Rice,.491,.581,.214,.909,69,.451,.514,.286,.857,56
Ga. Southern,2025-11-18,1,2,4,0,Missouri St.,.310,.487,.094,.524,58,.367,.360,.400,.600,69
Quinnipiac,2025-11-18,1,2,0,3,Yale,.419,.390,.476,.500,69,.321,.368,.222,.500,46
SE Missouri St,2025-11-18,1,2,1,3,Wichita St.,.380,.333,.450,.647,69,.388,.404,.350,.300,62
Auburn,2025-11-17,4,0,2,2,Georgia St.,.403,.489,.133,.708,69,.412,.483,.318,.727,65
Howard,2025-11-17,4,0,2,1,VCU,.328,.333,.300,.676,66,.397,.517,.294,.692,69
Ga Tech,2025-11-16,2,1,2,1,Jacksonville,.357,.418,.133,.500,64,.361,.356,.375,.594,69
Lafayette,2025-11-16,1,3,0,3,SFU,.440,.364,.500,.786,69,.368,.410,.278,.533,55
Florida,2025-11-16,4,0,2,0,Navy,.288,.350,.192,.579,54,.471,.483,.455,.579,69
NC State,2025-11-16,2,1,3,0,TCU,.333,.340,.316,.538,59,.426,.475,.333,.833,69
Evansville,2025-11-16,0,3,2,1,Wright St.,.375,.368,.389,.647,60,.407,.457,.316,.731,69
Cal,2025-11-15,2,1,2,2,Charlotte,.429,.414,.444,.818,69,.321,.327,.286,.500,44
Claflin,2025-11-15,0,0,0,3,East Tenn. St.,.212,.267,.136,.545,31,.394,.422,.333,.625,69
Morgan St.,2025-11-15,1,2,0,3,Mt. St. Mary's,.276,.317,.176,.632,47,.383,.390,.368,.696,69
South Carolina,2025-11-15,3,0,2,0,USC,.408,.410,.400,.583,69,.328,.396,.071,.700,52
Cal Baptist,2025-11-14,3,0,0,1,San Jose St.,.324,.500,.158,.714,69,.321,.414,.208,.762,55
Md.-East. Shore,2025-11-14,2,1,2,0,Northwestern,.400,.452,.231,.583,54,.444,.516,.348,.591,69
Cal,2025-11-09,0,1,2,0,Sacramento St.,.426,.525,.238,.545,69,.379,.471,.250,1.000,52
NC State,2025-11-09,1,0,1,0,USC,.394,.442,.263,.636,68,.368,.420,.269,.600,69
Fla. Atlantic,2025-11-08,1,0,1,0,Kennesaw St.,.500,.500,.500,.567,69,.481,.521,.167,.484,68
Emory & Henry,2025-11-08,0,0,0,2,Radford,.190,.167,.227,.600,36,.385,.426,.278,.560,69
Abilene Christ.,2025-11-07,1,0,0,1,Incarnate Word,.368,.523,.156,.615,69,.367,.419,.278,.682,56
East Carolina,2025-11-07,1,0,1,0,Liberty,.270,.361,.148,.714,53,.533,.519,.556,.688,69
Missouri St.,2025-11-07,1,0,0,1,UTA,.436,.455,.364,.708,69,.353,.385,.250,.778,53
Boston College,2025-11-06,0,1,1,0,New Hampshire,.375,.361,.400,.826,69,.396,.433,.333,.684,57
Texas Southern,2025-11-06,0,0,0,0,Wiley,.297,.383,.148,.618,69,.322,.425,.105,.625,55
Saint Joseph's,2025-11-04,0,0,0,0,West Chester,.368,.436,.276,.647,69,.348,.357,.333,.571,46
Lewis,2025-11-04,0,0,0,0,Southern Ill.,.317,.395,.118,.591,53,.397,.388,.429,.619,69
Ark-Pine Bluff,2025-11-03,0,0,0,0,Memphis,.314,.302,.353,.528,69,.365,.478,.179,.357,64
Pacific,2025-11-03,0,0,0,0,UC San Diego,.481,.538,.429,.455,69,.343,.452,.160,.762,66
Alabama,2026-03-21 NCAA,23,10,28,4,Rhode Island,.532,.568,.400,.700,68,.328,.371,.261,.786,55
McNeese,2026-03-19,28,5,14,12,Texas A&M,.373,.390,.333,.900,68,.293,.385,.105,.667,48
Merrimack,2026-03-19,19,12,18,12,NJIT,.348,.420,.158,.737,65,.458,.545,.200,.846,68
Charleston,2026-03-15,26,5,11,21,Hofstra,.377,.412,.333,.619,68,.397,.432,.333,.600,56
Miami (OH),2026-03-14,27,6,17,14,Toledo,.421,.452,.333,.750,68,.357,.349,.385,.867,58
Drexel,2026-03-13,20,9,16,15,Elon,.510,.558,.250,.700,68,.340,.361,.294,.706,53
Air Force,2026-03-09,15,17,25,8,Boise St.,.429,.469,.375,.647,68,.510,.522,.333,.750,66
Lehigh,2026-03-09,15,13,12,17,Loyola (MD),.453,.667,.276,.750,68,.457,.514,.273,.643,54
UMBC,2026-03-09,16,13,25,7,Vermont,.381,.404,.273,.737,65,.462,.538,.231,.680,68
Austin Peay,2026-03-07,18,12,20,10,Stetson,.400,.469,.333,.714,68,.320,.393,.227,.682,52
Boise St.,2026-03-07,23,8,4,27,San Jose St.,.382,.436,.250,.846,68,.322,.429,.167,.750,51
Columbia,2026-03-07,20,6,16,10,Harvard,.440,.563,.222,.800,64,.426,.500,.167,.769,68
La.-Monroe,2026-03-06,16,15,18,13,Old Dominion,.397,.370,.556,.765,68,.474,.523,.308,.750,67
Alabama St.,2026-03-05,15,13,12,18,Grambling,.297,.309,.222,.476,50,.377,.368,.391,.722,68
Fordham,2026-03-04,10,19,11,20,Saint Louis,.365,.429,.238,.429,60,.460,.447,.500,.800,68
Little Rock,2026-03-04,15,15,12,17,SE Missouri St,.389,.475,.143,.677,65,.400,.444,.316,.600,68
App. St.,2026-03-03,11,18,12,17,South Ala.,.392,.429,.348,.750,57,.400,.395,.409,.700,68
Montana St.,2026-03-02,22,6,10,20,Northern Ariz.,.382,.462,.276,.615,68,.340,.346,.333,.500,48
Ark-Pine Bluff,2026-02-28,11,14,6,20,MVSU,.415,.500,.176,.500,68,.302,.390,.000,.615,48
Manhattan,2026-02-28,9,19,7,21,Saint Peter's,.421,.465,.286,.842,68,.294,.385,.200,.667,49
Chattanooga,2026-02-28,18,8,16,12,Mercer,.344,.378,.250,1.000,55,.439,.475,.353,.706,68
Mercyhurst,2026-02-28,12,15,11,16,Stonehill,.350,.393,.313,.941,68,.442,.512,.182,.875,55
Fresno St.,2026-02-28,14,15,18,10,UNLV,.313,.317,.304,.500,54,.446,.567,.308,.769,68
UNCG,2026-02-28,13,15,3,24,Western Caro.,.439,.500,.387,1.000,68,.382,.391,.333,.750,54
Little Rock,2026-02-28,15,14,19,9,Southern Ind.,.367,.485,.222,.722,63,.381,.386,.368,.684,68
Columbia,2026-02-27,18,6,6,18,Yale,.439,.511,.286,.444,68,.353,.395,.125,.667,47
La.-Monroe,2026-02-27,14,14,14,15,Southern Miss.,.312,.368,.150,.625,61,.407,.477,.200,.895,68
Alcorn St.,2026-02-26,14,11,9,18,Texas Southern,.464,.513,.353,.769,68,.379,.600,.043,.474,54
Miss. St.,2026-02-26,18,10,12,11,Texas A&M,.358,.413,.238,.647,64,.442,.424,.474,.722,68
Mass.-Lowell,2026-02-26,8,19,23,7,Vermont,.236,.297,.111,.750,37,.418,.452,.375,.684,68
Central Mich.,2026-02-25,16,10,14,11,Toledo,.482,.521,.250,.800,68,.393,.405,.368,.765,64
Kansas,2026-02-25,17,11,24,5,Texas Tech,.488,.516,.400,.889,68,.431,.553,.200,.556,59
Canisius,2026-02-21,4,22,13,13,Mt. St. Mary's,.448,.500,.313,.688,68,.426,.524,.211,.636,63
Ball St.,2026-02-21,22,5,21,5,Miami (OH),.406,.478,.222,.667,64,.419,.412,.429,.500,68
Lipscomb,2026-02-21,9,17,14,12,North Ala.,.397,.511,.111,.917,63,.357,.383,.304,.611,68
Northern Ky.,2026-02-21,13,15,10,18,Wright St.,.419,.556,.231,.833,68,.391,.409,.350,.714,62
Penn,2026-02-21,14,9,6,17,Yale,.328,.357,.273,.800,68,.375,.362,.444,.500,52
Fresno St.,2026-02-21,14,13,21,4,San Diego St.,.370,.419,.182,.630,59,.414,.531,.269,.722,68
Campbell,2026-02-20,17,9,11,13,Elon,.327,.324,.333,.667,54,.460,.500,.357,.739,68
Ark-Pine Bluff,2026-02-19,9,14,9,16,Texas Southern,.481,.512,.364,.667,68,.417,.500,.273,.545,62
Furman,2026-02-19,16,10,11,16,Samford,.431,.472,.333,.588,59,.420,.484,.316,.833,68
N.C. Central,2026-02-18,7,16,5,19,South Carolina St.,.390,.409,.333,.773,68,.339,.342,.333,.682,65
Clemson,2026-02-15,18,8,20,5,Syracuse,.491,.513,.429,.667,64,.368,.375,.333,.875,68
Cal,2026-02-15,16,10,19,7,Virginia Tech,.383,.484,.188,.704,58,.404,.426,.200,.862,68
Boston U.,2026-02-14,7,17,9,15,Bucknell,.533,.640,.400,.857,68,.327,.458,.214,.737,54
Brown,2026-02-14,14,7,14,8,Harvard,.426,.419,.438,.750,68,.369,.447,.259,.700,62
Houston Christian,2026-02-14,6,17,3,21,New Orleans,.436,.452,.385,.750,68,.345,.378,.231,.737,57
Louisiana Tech,2026-02-14,18,5,15,9,Missouri St.,.429,.424,.435,.909,68,.491,.561,.313,1.000,67
Canisius,2026-02-14,4,20,6,18,Manhattan,.362,.447,.200,.750,55,.450,.489,.333,.900,68
Mercer,2026-02-14,15,9,10,16,Samford,.273,.263,.294,.684,48,.549,.571,.500,1.000,68
Drexel,2026-02-13,14,8,11,12,Elon,.561,.533,.636,.750,68,.390,.474,.238,.727,59
Monmouth,2026-02-13,15,7,13,10,Stony Brook,.390,.474,.238,.563,60,.471,.517,.409,1.000,68
Delaware St.,2026-02-12,4,19,17,7,Howard,.358,.455,.200,.692,51,.490,.463,.625,.789,68
Portland,2026-02-12,14,10,5,21,Washington St.,.368,.324,.435,.762,68,.512,.581,.333,.813,61
Davidson,2026-02-07,15,10,13,11,George Washington,.490,.541,.333,.800,68,.420,.415,.444,.800,58
Fla. Atlantic,2026-02-07,9,13,9,13,UAB,.463,.559,.300,.500,68,.480,.600,.300,.818,63
Evansville,2026-02-07,6,17,10,12,Ill.-Chicago,.385,.447,.222,.846,65,.421,.475,.294,.714,68
App. St.,2026-02-07,10,12,10,12,Kent St.,.431,.523,.143,.688,63,.460,.514,.333,.739,68
Mt. St. Mary's,2026-02-07,11,12,11,12,Sacred Heart,.422,.500,.083,.867,68,.351,.345,.357,.650,63
North Dakota,2026-02-07,6,18,7,16,UMKC,.500,.619,.391,.882,68,.349,.375,.267,.500,58
Samford,2026-02-07,9,16,13,10,UNCG,.449,.483,.400,.842,68,.426,.489,.250,1.000,64
Houston Christian,2026-02-07,6,15,3,18,Southeastern LA,.434,.545,.250,.667,61,.417,.455,.370,.800,68
Tennessee Tech,2026-02-05,12,9,18,3,Western Ill.,.356,.417,.261,.556,53,.527,.533,.500,.625,68
Dayton,2026-02-04,11,11,12,10,La Salle,.421,.429,.400,.538,68,.350,.404,.154,.667,60
Abilene Christ.,2026-02-03,15,6,11,9,Tarleton St.,.429,.552,.296,.750,68,.482,.579,.278,.667,65
Little Rock,2026-02-03,10,11,11,9,UT Martin,.410,.375,.476,.727,68,.327,.393,.259,.909,53
Tennessee St.,2026-02-02,3,17,11,9,Tennessee Tech,.389,.419,.273,.444,49,.404,.450,.294,.708,68
Elon,2026-02-01,9,11,12,8,Towson,.466,.523,.286,.500,68,.328,.405,.125,.560,54
Ark-Pine Bluff,2026-01-31,6,12,4,14,MVSU,.357,.449,.143,.750,68,.355,.381,.300,.640,66
Chicago St.,2026-01-31,5,17,7,13,Mercyhurst,.436,.439,.429,.560,68,.421,.447,.368,.692,64
Colgate,2026-01-31,5,15,10,9,Lehigh,.418,.444,.364,.571,68,.490,.708,.280,.786,66
Howard,2026-01-31,15,7,10,11,Norfolk St.,.414,.469,.111,.760,68,.362,.390,.294,.667,59
Loyola (MD),2026-01-31,9,11,13,6,Navy,.407,.475,.214,.652,62,.444,.439,.462,.824,68
Maryland,2026-01-31,17,5,16,7,Oregon,.365,.438,.133,.813,61,.455,.529,.333,.733,68
East Texas A&M,2026-01-31,8,10,10,9,Nicholls St.,.431,.441,.412,.739,68,.362,.476,.063,.824,57
Georgia St.,2026-01-31,9,13,9,11,Texas St.,.328,.400,.158,.737,59,.407,.404,.429,.708,68
Alabama,2026-01-29,18,3,18,3,Georgia,.545,.593,.471,.667,68,.333,.405,.200,.733,53
Cal St Northridge,2026-01-29,6,12,14,6,UC Davis,.302,.333,.250,.636,51,.406,.647,.133,.571,68
Eastern Ky.,2026-01-29,17,4,13,6,West Ga.,.441,.500,.348,.889,68,.313,.316,.308,.875,55
Portland,2026-01-29,11,10,13,9,Saint Mary's,.565,.533,.625,.667,68,.268,.333,.000,.706,42
Arizona,2026-01-28,10,9,17,4,Arizona St.,.458,.529,.286,.722,61,.390,.465,.188,.905,68
New Mexico,2026-01-28,13,7,14,6,UNLV,.509,.543,.450,.750,68,.404,.459,.267,.688,57
Evansville,2026-01-25,4,15,10,8,UNI,.385,.386,.381,.833,68,.400,.441,.333,.609,65
UC Irvine,2026-01-24,17,2,12,6,UC San Diego,.426,.424,.429,.786,66,.411,.421,.389,.789,68
Colorado St.,2026-01-24,16,4,10,10,Fresno St.,.462,.576,.263,.625,68,.396,.389,.417,.600,55
Drexel,2026-01-24,10,7,11,7,Towson,.418,.453,.286,.889,68,.262,.297,.208,.615,45
Pacific,2026-01-24,8,11,12,7,San Francisco,.359,.421,.269,.667,61,.343,.372,.292,.652,68
App. St.,2026-01-23,8,10,2,17,Louisiana,.521,.654,.364,.714,68,.340,.333,.353,.857,48
Alabama A&M,2026-01-22,8,9,2,15,Prairie View,.361,.370,.333,.417,68,.255,.286,.188,.545,41
Florida A&M,2026-01-22,4,12,4,13,Jackson St.,.511,.487,.625,.750,68,.460,.406,.556,.583,63
Brown,2026-01-19,11,4,11,5,Columbia,.326,.333,.316,.667,52,.406,.400,.421,.667,68
Cleveland St.,2026-01-18,14,5,12,5,Robert Morris,.364,.500,.222,.815,68,.440,.500,.333,.917,61
High Point,2026-01-17,15,2,13,4,Longwood,.456,.556,.286,.833,68,.323,.359,.269,1.000,54
Middle Tenn.,2026-01-17,9,8,11,4,Sam Houston,.491,.486,.500,1.000,68,.421,.429,.400,.722,67
Northern Colo.,2026-01-17,13,5,9,8,Sacramento St.,.436,.465,.333,.842,68,.333,.382,.250,.714,46
Saint Mary's,2026-01-17,11,8,15,5,Santa Clara,.409,.490,.176,.857,63,.414,.500,.321,.733,68
Southeastern LA,2026-01-17,2,13,2,13,TAMUCC,.349,.364,.316,.682,65,.453,.640,.286,.600,68
Coppin St.,2026-01-15,4,14,10,10,Md.-East. Shore,.317,.383,.125,.792,61,.387,.444,.235,.727,68
Mass.-Lowell,2026-01-15,6,11,11,6,NJIT,.400,.414,.385,.333,57,.433,.543,.280,.600,68
South Carolina,2026-01-15,17,1,18,1,Texas,.442,.463,.364,.692,68,.433,.490,.111,.923,65
Saint Mary's,2026-01-15,11,7,3,16,Washington St.,.382,.415,.267,.615,64,.423,.500,.300,.643,68
Boston U.,2026-01-14,4,11,8,7,Lehigh,.563,.645,.412,1.000,68,.351,.391,.324,.813,64
Cleveland St.,2026-01-14,13,5,4,12,Detroit Mercy,.442,.528,.250,.857,68,.345,.351,.333,.533,52
Colorado,2026-01-14,11,6,14,3,Iowa St.,.364,.360,.375,.778,68,.386,.367,.407,.500,62
Manhattan,2026-01-14,3,12,7,8,Mt. St. Mary's,.481,.524,.300,.652,68,.333,.390,.077,.435,59
Oregon St.,2026-01-10,12,5,5,11,Seattle,.412,.469,.263,.875,68,.233,.200,.267,1.000,38
Portland St.,2026-01-10,5,9,7,8,Sacramento St.,.439,.488,.286,.909,64,.370,.412,.273,.800,68
UTEP,2026-01-10,9,5,4,10,Western Ky.,.345,.364,.320,.733,59,.415,.528,.276,.667,68
San Diego,2026-01-08,6,11,4,11,Seattle,.358,.420,.176,.846,62,.429,.444,.409,.895,68
Arizona St.,2026-01-07,15,1,8,6,UCF,.532,.611,.273,.652,68,.308,.333,.250,.643,45
George Mason,2026-01-04,7,6,4,10,VCU,.424,.438,.407,.778,68,.373,.500,.240,.778,58
Bowling Green,2026-01-03,8,5,7,5,Central Mich.,.291,.385,.063,.719,56,.386,.356,.500,.667,68
Dayton,2026-01-03,7,6,7,6,Duquesne,.429,.424,.435,.556,68,.381,.472,.259,1.000,61
Howard,2026-01-03,10,6,3,12,South Carolina St.,.400,.485,.273,.600,68,.421,.486,.300,.769,64
Md.-East. Shore,2026-01-03,7,10,1,15,Morgan St.,.429,.490,.167,.632,68,.388,.406,.353,.810,61
N.C. Central,2026-01-03,3,10,5,10,Norfolk St.,.259,.231,.333,.789,48,.375,.400,.316,.667,68
Quinnipiac,2026-01-03,9,4,2,11,Rider,.453,.500,.391,.688,68,.408,.400,.421,.667,56
FDU,2026-01-02,9,4,0,11,Mercyhurst,.431,.486,.348,.769,68,.311,.400,.143,.625,46
Portland St.,2026-01-01,4,8,6,7,Weber St.,.371,.413,.250,.857,68,.345,.424,.227,.750,58
American,2025-12-31,2,9,4,7,Loyola (MD),.351,.500,.226,.750,59,.592,.735,.267,.545,68
Belmont,2025-12-29,5,7,3,7,Southern Ill.,.350,.405,.222,.759,68,.327,.333,.313,.652,56
Hope International,2025-12-29,0,1,0,11,Long Beach State,.319,.406,.243,.643,62,.365,.393,.278,.643,68
San Diego,2025-12-28,6,7,10,3,Santa Clara,.269,.326,.143,.467,46,.297,.317,.273,.682,68
Gonzaga,2025-12-21,7,5,2,8,UC Riverside,.462,.500,.333,.696,68,.388,.452,.280,.600,62
Drake,2025-12-21,2,8,8,3,Minnesota,.289,.421,.192,.632,43,.462,.521,.294,.500,68
Davidson,2025-12-21,9,4,8,4,NC State,.354,.371,.333,.429,59,.435,.523,.222,.714,68
Georgetown,2025-12-21,7,3,7,5,Providence,.354,.463,.167,.733,61,.419,.429,.385,.550,68
Coastal Caro.,2025-12-20,6,6,4,8,Georgia St.,.379,.500,.316,.538,63,.370,.500,.208,.742,68
Loyola Marymount,2025-12-20,5,4,4,7,Weber St.,.404,.475,.235,.769,60,.511,.545,.417,.654,68
Gonzaga,2025-12-19,6,5,7,4,Missouri St.,.474,.452,.533,.667,68,.314,.341,.200,.882,49
Ga. Southern,2025-12-18,7,3,4,7,Georgia St.,.467,.571,.320,.800,68,.286,.412,.091,.765,47
Arizona St.,2025-12-16,12,0,6,4,Gonzaga,.419,.422,.412,.692,68,.478,.500,.455,.706,66
Auburn,2025-12-16,8,3,4,6,Middle Tenn.,.568,.594,.500,.750,68,.386,.429,.348,.909,52
Dartmouth,2025-12-16,7,2,0,0,Franklin Pierce,.371,.583,.237,.650,68,.396,.516,.227,.500,50
Campbell,2025-12-15,6,5,5,7,Norfolk St.,.308,.308,.308,.757,68,.361,.372,.333,.722,63
UCSB,2025-12-13,8,1,4,4,Utah Tech,.353,.424,.286,.714,68,.418,.536,.296,.917,65
BYU,2025-12-11,9,1,5,3,Idaho St.,.377,.472,.240,.842,68,.297,.288,.333,.739,59
Cal,2025-12-10,7,3,8,2,Idaho,.455,.486,.389,.733,68,.357,.447,.174,.538,61
Fort Wayne,2025-12-07,5,4,5,5,Wright St.,.451,.655,.182,.818,68,.313,.333,.280,.500,52
North Ala.,2025-12-07,4,3,4,7,Samford,.403,.409,.391,.714,68,.359,.457,.241,.867,66
Coastal Caro.,2025-12-06,5,4,6,1,Jacksonville,.277,.313,.242,.583,51,.439,.575,.118,.762,68
Toledo,2025-12-06,3,3,3,4,UNI,.365,.406,.300,.533,52,.473,.500,.400,.833,68
Idaho St.,2025-12-06,5,2,4,5,Oral Roberts,.462,.575,.083,.750,58,.418,.438,.391,.867,68
Cornell,2025-12-06,4,5,4,3,Quinnipiac,.296,.343,.211,.733,47,.452,.415,.524,1.000,68
Nevada,2025-12-05,4,4,5,2,San Francisco,.333,.392,.000,.385,45,.386,.460,.200,.667,68
Milwaukee,2025-12-05,2,7,5,2,Youngstown St.,.375,.462,.176,.579,56,.510,.611,.267,.600,68
Hawaii,2025-12-04,4,3,6,2,UC Davis,.453,.609,.333,.833,63,.387,.447,.292,.867,68
Cal,2025-12-04,6,2,7,2,Missouri,.444,.525,.304,.667,67,.417,.417,.417,.929,68
Calumet College,2025-12-04,0,0,4,2,SIU Edwardsville,.208,.273,.100,.444,28,.429,.533,.263,.568,68
Florida,2025-12-04,8,1,6,2,Virginia Tech,.431,.432,.429,.500,64,.403,.462,.200,.733,68
Arkansas St.,2025-12-03,5,3,2,4,Fla. Gulf Coast,.362,.452,.289,.700,68,.419,.500,.316,.762,58
Drake,2025-12-03,1,5,6,2,Lindenwood,.353,.429,.261,.769,52,.415,.463,.333,.667,68
Illinois St.,2025-12-03,4,4,2,4,UNI,.333,.326,.353,.667,54,.436,.536,.333,.786,68
Delaware St.,2025-12-01,3,5,5,3,Old Dominion,.333,.319,.500,.818,45,.466,.545,.214,.611,68
Central Conn St,2025-12-01,0,5,5,4,Pitt,.250,.220,.316,.700,43,.474,.535,.286,.714,68
Lipscomb,2025-12-01,2,4,4,2,Tennessee Tech,.415,.514,.222,.875,55,.400,.342,.500,.818,68
Liberty,2025-11-30,4,2,0,6,Manhattan,.465,.500,.421,.741,68,.308,.319,.278,.647,56
Presbyterian,2025-11-30,2,6,2,5,UMBC,.276,.304,.167,.737,48,.456,.444,.500,.588,68
Bellarmine,2025-11-29,2,5,0,6,Eastern Ill.,.368,.457,.227,.842,63,.370,.375,.367,.630,68
Hawaii,2025-11-29,4,1,4,2,Lindenwood,.370,.389,.333,.619,59,.421,.485,.333,.632,68
Longwood,2025-11-29,5,3,5,1,Stephen F. Austin,.365,.365,.364,.500,68,.306,.447,.147,.846,60
Georgia,2025-11-28,7,0,6,0,Kansas,.386,.417,.333,.607,68,.370,.455,.238,.654,62
Buffalo,2025-11-27,1,4,4,3,Longwood,.348,.426,.182,.600,64,.391,.373,.462,.750,68
Richmond,2025-11-27,5,1,6,0,TCU,.365,.433,.273,.800,52,.433,.515,.333,1.000,68
Oakland,2025-11-26,2,4,1,5,St. Thomas,.475,.577,.286,.765,68,.364,.419,.292,.500,52
Radford,2025-11-26,4,3,0,5,Valparaiso,.333,.370,.276,.625,68,.364,.464,.259,.875,61
Brown,2025-11-25,3,2,2,4,New Hampshire,.450,.500,.313,.529,68,.438,.500,.364,.769,60
Cal,2025-11-24,5,1,1,4,Grand Canyon,.463,.643,.269,.786,68,.455,.500,.222,.786,63
Belmont,2025-11-24,3,2,3,1,Ohio St.,.328,.278,.409,.600,56,.351,.387,.308,.870,68
Cal St Fullerton,2025-11-23,1,4,1,3,Pacific,.400,.468,.154,.720,68,.327,.458,.200,.905,56
NC State,2025-11-23,3,2,5,1,Rhode Island,.431,.462,.368,.857,63,.491,.537,.357,.750,68
Ill.-Chicago,2025-11-22,1,3,1,4,Loyola (IL),.479,.548,.353,.762,68,.375,.500,.100,.308,54
Northeastern,2025-11-22,1,4,1,3,Sacred Heart,.386,.464,.250,.714,68,.353,.375,.316,.643,60
Campbell,2025-11-21,3,2,3,1,Northern Colo.,.396,.471,.263,.682,62,.439,.575,.118,.696,68
Austin Peay,2025-11-20,2,1,2,3,Chattanooga,.521,.559,.429,.800,68,.362,.333,.412,.722,54
Long Beach State,2025-11-20,0,4,2,2,San Francisco,.375,.425,.250,.750,55,.389,.468,.240,.545,68
N.C. Central,2025-11-20,1,3,4,0,Wake Forest,.411,.450,.313,.636,65,.397,.524,.143,.556,68
Ga Tech,2025-11-19,2,2,2,1,West Ga.,.435,.423,.500,.563,68,.369,.475,.200,.438,60
Md.-East. Shore,2025-11-19,3,2,2,2,UMBC,.444,.457,.375,.680,68,.328,.351,.286,.588,54
Furman,2025-11-19,2,3,2,3,Radford,.295,.324,.250,.615,50,.404,.387,.429,.586,68
American,2025-11-17,1,1,1,2,Delaware,.418,.545,.227,.667,57,.438,.455,.333,.600,68
Campbell,2025-11-16,2,2,2,2,Furman,.426,.400,.500,.536,68,.478,.514,.364,.448,61
NJIT,2025-11-16,3,1,0,3,St. Thomas,.553,.645,.375,.909,68,.426,.433,.412,.640,63
Kent St.,2025-11-14,1,2,2,1,Xavier,.408,.469,.294,.767,68,.455,.613,.250,.500,60
Arkansas,2025-11-13,3,0,1,1,Southeastern LA,.354,.354,.353,.800,68,.311,.286,.368,.750,60
Rhode Island,2025-11-13,3,0,2,1,Rutgers,.373,.442,.188,.727,63,.471,.486,.429,.700,68
Belmont,2025-11-13,1,1,2,1,Tennessee,.375,.405,.316,.714,58,.348,.486,.206,.684,68
Butler,2025-11-12,1,1,1,1,Central Mich.,.467,.577,.316,.688,59,.441,.478,.308,.800,68
Fort Wayne,2025-11-12,0,2,2,0,Purdue,.480,.576,.294,.652,68,.474,.588,.304,.750,67
Saint Louis,2025-11-12,1,2,1,1,Southern Ind.,.304,.355,.240,.750,52,.397,.408,.368,.700,68
Harvard,2025-11-11,1,1,2,0,Massachusetts,.344,.314,.385,.750,55,.383,.350,.450,.813,68
Binghamton,2025-11-11,2,0,2,0,St. Bonaventure,.422,.413,.444,.750,65,.417,.455,.313,.722,68
Cal St Bakersfield,2025-11-11,0,2,0,1,Utah St.,.400,.432,.313,.706,65,.438,.483,.368,.864,68
Northern Ill.,2025-11-11,0,2,1,0,Western Ill.,.413,.593,.158,.563,50,.453,.444,.500,.667,68
Cal St Fullerton,2025-11-09,0,1,1,0,Cleveland St.,.352,.436,.133,.568,61,.467,.552,.313,.724,68
Delta St.,2025-11-07,0,0,0,1,Louisiana,.426,.524,.211,.667,76,.333,.347,.286,.710,68
Delaware,2025-11-07,1,0,0,0,Navy,.364,.444,.000,.636,61,.396,.517,.250,.741,68
Marshall,2025-11-06,1,0,0,0,Northern Ky.,.409,.475,.308,.667,68,.345,.324,.381,1.000,53
Drexel,2025-11-04,0,0,0,0,Pitt,.417,.435,.357,.765,68,.362,.392,.278,.714,60
Howard,2025-11-04,0,0,0,0,Providence,.373,.365,.400,.857,68,.382,.528,.105,.750,56
Arkansas St.,2025-11-03,0,0,0,0,Ball St.,.306,.419,.138,.514,66,.447,.560,.318,.679,68
Le Moyne,2025-11-03,0,0,0,0,St. John's (NY),.380,.294,.563,.600,53,.397,.526,.200,.542,68
Columbia,2026-03-30,23,8,16,17,Wisconsin,.419,.422,.412,.421,67,.305,.342,.238,.750,50
Notre Dame,2026-03-27 NCAA,24,10,29,4,Vanderbilt,.424,.551,.059,.769,67,.352,.389,.278,.840,64
Baylor,2026-03-20 NCAA,24,8,19,12,Nebraska,.368,.472,.190,.724,67,.339,.289,.429,.867,62
Missouri,2026-03-19,16,16,19,12,Seton Hall,.481,.606,.286,.692,67,.284,.387,.209,.750,57
Columbia,2026-03-13,20,7,17,10,Harvard,.411,.410,.412,.800,65,.435,.511,.200,.625,67
Hawaii,2026-03-13,21,10,26,5,UC Irvine,.421,.406,.440,.533,67,.290,.242,.345,.944,63
Elon,2026-03-12,15,15,10,20,Hampton,.540,.558,.429,.909,67,.338,.297,.393,.636,62
McNeese,2026-03-11,27,4,20,12,UTRGV,.444,.481,.222,.818,67,.375,.448,.263,.733,52
Massachusetts,2026-03-11,23,6,15,14,Toledo,.328,.400,.071,.867,56,.463,.500,.400,.643,67
Central Ark.,2026-03-07,21,10,22,8,Jacksonville,.286,.382,.172,.850,58,.404,.444,.250,.692,67
Kent St.,2026-03-07,14,15,9,19,Western Mich.,.393,.372,.444,.846,67,.400,.481,.304,.813,60
Arizona St.,2026-03-06,24,9,24,6,West Virginia,.375,.382,.357,.722,54,.439,.485,.375,.889,67
Central Ark.,2026-03-05,20,10,17,13,North Ala.,.443,.477,.353,.778,67,.350,.378,.304,.500,56
N.C. Central,2026-03-05,8,19,5,23,South Carolina St.,.433,.458,.333,.550,67,.197,.200,.188,.609,41
Alcorn St.,2026-03-03,16,11,6,21,MVSU,.436,.459,.389,.706,67,.302,.400,.130,.789,56
Colorado St.,2026-03-03,23,7,4,26,San Jose St.,.390,.467,.310,.667,67,.293,.333,.240,.364,44
Cal St Fullerton,2026-03-01,16,11,17,10,Hawaii,.268,.278,.235,.700,49,.490,.552,.409,.800,67
Northwestern,2026-03-01,8,20,12,16,Purdue,.434,.472,.353,.833,62,.421,.559,.217,.824,67
Memphis,2026-03-01,9,19,12,14,UTSA,.323,.366,.238,.833,55,.443,.462,.333,.588,67
Fairfield,2026-02-28,24,4,12,16,Sacred Heart,.371,.500,.250,.929,67,.409,.438,.333,.833,50
Delaware,2026-02-28,12,16,14,13,Middle Tenn.,.370,.469,.227,.889,53,.475,.559,.360,1.000,67
Oral Roberts,2026-02-28,14,14,15,14,St. Thomas,.429,.453,.300,.833,67,.389,.488,.077,.600,52
Marist,2026-02-28,11,18,12,16,Siena,.400,.444,.286,.650,57,.371,.404,.267,.944,67
Tennessee St.,2026-02-28,4,24,13,15,UT Martin,.359,.415,.261,.577,67,.420,.441,.375,.667,60
Fla. Gulf Coast,2026-02-27,14,14,19,9,Stetson,.472,.545,.350,.667,67,.367,.447,.227,.600,55
Hawaii,2026-02-27,16,10,21,7,UC Davis,.414,.389,.455,1.000,67,.357,.467,.231,.000,46
Hampton,2026-02-27,9,17,15,12,Stony Brook,.389,.382,.400,.727,58,.474,.568,.300,.636,67
Cal Poly,2026-02-26,3,23,3,23,Long Beach State,.364,.405,.231,.778,57,.462,.450,.500,.765,67
Binghamton,2026-02-26,18,9,8,19,New Hampshire,.405,.448,.308,.714,48,.615,.680,.500,.800,67
Rider,2026-02-26,7,20,11,16,Siena,.344,.375,.310,1.000,55,.359,.405,.273,.789,67
Dayton,2026-02-25,14,13,13,14,Loyola (IL),.453,.487,.357,.737,67,.306,.314,.286,.727,58
Austin Peay,2026-02-25,15,11,22,7,Eastern Ky.,.449,.581,.222,.667,54,.500,.535,.364,.750,67
Colorado,2026-02-24,20,8,17,11,Utah,.344,.353,.308,.762,64,.455,.423,.500,.750,67
George Mason,2026-02-21,18,8,14,14,George Washington,.407,.447,.250,.889,67,.346,.333,.368,.692,52
Ga. Southern,2026-02-21,20,6,13,13,La.-Monroe,.464,.514,.368,.471,67,.350,.408,.091,.647,54
Maine,2026-02-21,14,12,8,18,New Hampshire,.367,.378,.348,.833,67,.471,.452,.556,.615,61
Idaho St.,2026-02-21,18,8,19,6,Montana St.,.308,.286,.353,.767,61,.311,.382,.222,.676,67
SIU Edwardsville,2026-02-21,13,14,4,22,Tennessee St.,.329,.333,.321,.615,67,.297,.313,.250,.667,52
NJIT,2026-02-21,17,10,22,7,Vermont,.333,.359,.222,.333,37,.452,.479,.357,.857,67
MVSU,2026-02-19,4,19,2,22,Prairie View,.377,.459,.250,.652,67,.298,.350,.176,.571,45
Bowling Green,2026-02-18,13,12,7,16,Western Mich.,.367,.390,.316,.810,67,.417,.476,.370,.813,63
Austin Peay,2026-02-18,14,10,16,10,Central Ark.,.469,.517,.400,.692,63,.480,.559,.313,.609,67
Butler,2026-02-18,9,17,12,14,Creighton,.375,.378,.368,.500,58,.462,.469,.450,.714,67
George Mason,2026-02-18,17,8,12,13,Loyola (IL),.462,.595,.133,.739,67,.435,.486,.273,.706,55
FIU,2026-02-14,14,9,15,7,Sam Houston,.543,.639,.200,.833,67,.500,.514,.462,.600,65
Coastal Caro.,2026-02-14,12,14,18,6,Ga. Southern,.316,.275,.412,.765,56,.522,.538,.500,.600,67
George Washington,2026-02-14,13,13,13,11,La Salle,.322,.350,.263,.529,52,.441,.532,.083,.636,67
Liberty,2026-02-14,12,11,8,16,New Mexico St.,.441,.488,.333,.818,67,.268,.311,.091,.786,42
Cincinnati,2026-02-14,9,16,16,9,Utah,.387,.431,.182,.529,59,.414,.552,.276,.786,67
Clemson,2026-02-12,17,8,11,14,Ga Tech,.292,.298,.280,.643,67,.375,.489,.185,.750,65
Duquesne,2026-02-11,7,16,12,11,Loyola (IL),.489,.571,.417,.929,67,.373,.455,.133,.643,55
USC Upstate,2026-02-11,7,17,11,14,Winthrop,.442,.400,.529,.800,67,.344,.419,.190,.556,58
Arizona St.,2026-02-07,19,5,20,4,Baylor,.364,.412,.200,.619,64,.380,.517,.190,.806,67
Austin Peay,2026-02-07,13,8,20,4,Eastern Ky.,.480,.548,.368,.625,60,.462,.600,.273,.565,67
Alabama St.,2026-02-07,10,11,6,16,Grambling,.392,.432,.143,.706,53,.424,.442,.375,.550,67
Seton Hall,2026-02-07,15,7,18,7,St. John's (NY),.373,.459,.227,.706,61,.500,.563,.409,.444,67
Georgetown,2026-02-07,12,11,18,5,Villanova,.345,.353,.333,.667,55,.379,.395,.348,.818,67
Chattanooga,2026-02-07,16,5,11,11,Wofford,.463,.537,.231,.769,63,.422,.452,.357,1.000,67
Elon,2026-02-06,10,11,8,12,N.C. A&T,.306,.357,.200,.731,61,.383,.438,.267,.750,67
Belmont,2026-02-05,12,9,6,15,Drake,.381,.421,.320,.733,67,.340,.389,.214,.833,52
Gonzaga,2026-02-05,16,7,17,6,Oregon St.,.312,.362,.233,.750,67,.245,.375,.048,.526,37
Mercer,2026-02-05,12,9,13,9,UNCG,.438,.406,.500,.810,67,.404,.412,.389,.750,58
Miami (FL),2026-02-05,12,10,15,7,Virginia,.375,.323,.471,.706,56,.393,.450,.286,.619,67
UCF,2026-02-04,10,11,15,7,Utah,.339,.333,.357,.750,57,.421,.438,.400,.900,67
Butler,2026-02-04,9,13,17,5,Villanova,.469,.559,.267,.700,57,.422,.477,.300,.875,67
Georgetown,2026-02-01,12,9,14,7,Marquette,.377,.424,.300,.813,59,.543,.576,.462,.733,67
Hawaii,2026-01-31,11,9,3,17,Long Beach State,.441,.541,.273,.692,67,.370,.394,.308,.500,44
Fla. Atlantic,2026-01-31,9,12,11,10,North Texas,.350,.413,.143,.500,49,.383,.419,.294,.516,67
Nevada,2026-01-31,7,13,16,3,San Diego St.,.333,.340,.308,.667,54,.453,.528,.294,.933,67
SIU Edwardsville,2026-01-31,10,11,14,6,Southern Ind.,.291,.355,.208,.500,46,.407,.419,.375,.765,67
Temple,2026-01-31,9,11,8,11,Tulane,.366,.373,.350,.667,67,.391,.488,.190,.786,65
Charlotte,2026-01-30,9,12,15,7,East Carolina,.404,.417,.375,.765,61,.510,.514,.500,.579,67
Jackson St.,2026-01-29,5,14,10,8,Southern U.,.250,.283,.167,.444,43,.479,.545,.333,.667,67
Pitt,2026-01-29,8,14,16,5,Virginia Tech,.377,.421,.267,.600,50,.362,.415,.188,.824,67
BYU,2026-01-28,15,5,16,5,Oklahoma St.,.290,.355,.226,.615,51,.348,.357,.342,.889,67
Radford,2026-01-28,13,9,6,15,USC Upstate,.414,.344,.500,.750,67,.245,.286,.143,.500,29
South Dakota,2026-01-28,15,6,10,11,St. Thomas,.433,.465,.353,.750,67,.316,.419,.192,.824,55
Campbell,2026-01-27,12,8,5,13,UNCW,.421,.486,.300,.722,67,.343,.370,.286,.600,61
Saint Mary's,2026-01-24,12,9,5,14,Seattle,.490,.548,.389,.857,67,.375,.469,.250,.833,53
SIU Edwardsville,2026-01-24,9,10,10,8,Tennessee Tech,.521,.613,.353,.733,67,.349,.311,.444,.833,62
TCU,2026-01-24,18,2,10,9,UCF,.475,.636,.269,.667,67,.333,.333,.333,.545,50
Mercer,2026-01-24,12,7,10,9,Wofford,.356,.395,.286,.941,64,.382,.394,.364,.708,67
Elon,2026-01-23,7,10,7,9,N.C. A&T,.311,.375,.190,.962,67,.473,.610,.071,.636,60
Cal Baptist,2026-01-22,11,8,6,10,Utah Tech,.411,.447,.333,.750,67,.382,.458,.323,.818,61
Delaware St.,2026-01-22,3,16,5,14,South Carolina St.,.434,.417,.471,.765,67,.349,.351,.333,.682,47
New Orleans,2026-01-22,1,16,8,8,Nicholls St.,.311,.362,.143,.750,49,.377,.429,.250,.714,67
Omaha,2026-01-22,2,19,14,5,South Dakota,.222,.256,.133,.813,39,.414,.442,.333,.636,67
Little Rock,2026-01-22,9,9,6,12,SE Missouri St,.340,.361,.294,.667,57,.400,.421,.333,.793,67
Colorado St.,2026-01-21,15,4,6,12,Grand Canyon,.471,.471,.471,.611,67,.302,.333,.250,.619,50
Lehigh,2026-01-21,8,8,8,9,Loyola (MD),.413,.458,.364,.636,67,.419,.550,.182,.714,61
Fordham,2026-01-21,9,9,10,10,Saint Louis,.301,.340,.217,.667,57,.356,.415,.222,.750,67
SE Missouri St,2026-01-20,6,11,9,8,UT Martin,.408,.485,.250,.667,56,.457,.545,.231,.759,67
Dartmouth,2026-01-19,9,7,10,6,Penn,.357,.382,.318,.923,59,.391,.409,.350,.714,67
Hawaii,2026-01-18,7,9,13,2,UCSB,.491,.528,.421,.625,67,.345,.400,.286,.500,50
Minnesota,2026-01-18,12,5,13,4,Washington,.393,.400,.375,.364,54,.458,.575,.211,.692,67
Arizona St.,2026-01-17,16,2,11,7,Kansas,.423,.571,.118,.840,67,.380,.500,.200,1.000,51
FIU,2026-01-17,9,6,9,7,UTEP,.404,.415,.364,.700,67,.311,.289,.375,.682,59
Ga. Southern,2026-01-17,13,4,12,7,James Madison,.377,.500,.276,.800,60,.414,.419,.400,.591,67
Morehead St.,2026-01-17,9,9,10,6,Tennessee Tech,.521,.643,.350,.625,67,.357,.333,.379,.789,66
Radford,2026-01-17,10,9,10,9,Winthrop,.397,.333,.480,.600,67,.421,.419,.429,.550,65
Texas St.,2026-01-17,7,9,14,3,Troy,.383,.381,.389,.556,63,.328,.378,.227,.692,67
Air Force,2026-01-17,8,9,4,12,Wyoming,.273,.347,.059,.467,44,.524,.619,.429,.700,67
Austin Peay,2026-01-15,10,4,2,15,Bellarmine,.431,.459,.381,.692,67,.318,.321,.313,.500,39
Houston Christian,2026-01-15,4,10,8,7,NW St.,.262,.382,.129,.704,57,.423,.467,.364,.714,67
Drexel,2026-01-11,7,6,3,11,Hofstra,.509,.550,.385,.667,67,.281,.361,.143,.429,38
Duke,2026-01-11,10,6,14,3,Stanford,.391,.446,.154,.846,67,.426,.408,.500,.400,60
Bethune-Cookman,2026-01-10,3,12,4,12,Grambling,.396,.359,.500,.647,60,.455,.553,.235,.650,67
Longwood,2026-01-10,11,4,6,10,UNCA,.379,.450,.222,.679,67,.387,.553,.125,.467,58
Bellarmine,2026-01-10,2,14,5,9,North Ala.,.396,.459,.182,.600,52,.379,.500,.214,.611,67
Idaho,2026-01-08,10,4,3,10,Montana,.510,.583,.333,.625,67,.321,.240,.393,.625,50
Lipscomb,2026-01-08,4,9,8,5,Stetson,.377,.333,.450,.581,67,.317,.469,.161,.727,53
Creighton,2026-01-08,7,8,10,5,Marquette,.300,.375,.231,.929,49,.500,.633,.318,.800,67
Kennesaw St.,2026-01-08,8,5,9,5,Missouri St.,.481,.500,.417,1.000,61,.345,.432,.071,.813,67
Morehead St.,2026-01-08,7,8,7,6,UT Martin,.362,.360,.364,.929,67,.396,.455,.267,.583,49
Idaho St.,2026-01-08,9,4,10,5,Northern Colo.,.355,.391,.250,.667,56,.404,.447,.316,.789,67
Villanova,2026-01-08,12,3,9,6,Xavier,.391,.313,.469,1.000,67,.429,.483,.308,.625,50
Fresno St.,2026-01-07,7,8,2,13,San Jose St.,.300,.283,.333,.810,67,.261,.400,.154,.750,52
Iowa,2026-01-05,12,2,6,8,Northwestern,.440,.475,.300,.690,67,.362,.432,.238,.786,58
Butler,2026-01-04,7,7,6,8,Creighton,.350,.429,.167,.737,59,.444,.442,.455,.778,67
Ga Tech,2026-01-04,6,9,7,8,SMU,.431,.467,.308,.813,67,.377,.400,.313,.615,59
Ole Miss,2026-01-04,14,2,16,0,Texas,.451,.525,.182,.800,64,.455,.523,.182,.714,67
Columbia,2026-01-03,9,4,4,8,Cornell,.414,.529,.250,.667,60,.451,.406,.526,.786,67
Merrimack,2026-01-03,5,7,3,10,Saint Peter's,.387,.500,.250,.857,67,.292,.297,.286,.813,59
South Dakota,2026-01-03,10,4,4,10,UMKC,.397,.395,.400,1.000,67,.321,.318,.333,.769,47
Liberty,2026-01-02,6,5,4,8,New Mexico St.,.426,.486,.316,.682,67,.448,.500,.333,.667,62
Louisiana Tech,2026-01-02,7,4,7,4,Sam Houston,.491,.590,.214,.500,64,.462,.535,.111,.563,67
Lipscomb,2026-01-01,3,8,5,6,North Florida,.414,.486,.304,.706,67,.439,.529,.304,.800,65
Marquette,2026-01-01,8,5,8,5,Xavier,.463,.514,.353,.733,67,.339,.400,.143,.800,54
South Dakota St.,2026-01-01,10,4,7,7,St. Thomas,.466,.605,.200,.818,67,.382,.471,.238,.250,49
Kent St.,2025-12-31,5,7,8,4,Miami (OH),.377,.395,.333,.688,63,.295,.300,.290,.846,67
Le Moyne,2025-12-30,1,11,0,1,SUNY Geneseo,.364,.419,.292,.870,67,.419,.448,.357,.824,55
Loyola Marymount,2025-12-30,6,6,2,12,Washington St.,.411,.452,.286,.773,67,.414,.500,.292,.429,58
Portland,2025-12-30,7,6,7,5,San Francisco,.414,.359,.526,.750,64,.422,.442,.381,.625,67
Quinnipiac,2025-12-29,7,4,3,8,Saint Peter's,.429,.483,.370,.692,67,.200,.250,.105,.500,27
App. St.,2025-12-20,6,4,8,3,Ga. Southern,.438,.406,.500,.667,54,.500,.541,.400,.643,67
Hawaii,2025-12-20,5,5,6,3,Liberty,.382,.348,.406,.750,67,.438,.441,.429,.556,58
Charleston,2025-12-19,7,2,10,2,Cleveland St.,.348,.410,.267,.714,61,.490,.487,.500,.917,67
Penn,2025-12-19,7,3,1,11,Washington St.,.450,.556,.292,.545,67,.481,.533,.409,.750,62
Stanford,2025-12-19,9,2,9,1,Washington,.455,.524,.231,.778,67,.431,.486,.348,.800,62
Ark-Pine Bluff,2025-12-18,3,6,6,4,Tulsa,.314,.389,.133,.474,43,.421,.486,.300,.684,67
New Haven,2025-12-17,2,7,10,2,St. John's (NY),.339,.364,.250,.857,47,.491,.588,.348,.750,67
Cal St Bakersfield,2025-12-16,3,7,0,0,Cal St. East Bay,.286,.316,.222,.722,67,.460,.524,.125,.615,55
Cal Baptist,2025-12-15,6,4,5,4,UC San Diego,.390,.588,.120,.667,59,.397,.419,.350,.625,67
Fort Wayne,2025-12-14,7,4,2,7,Northern Ill.,.354,.386,.286,.750,67,.409,.429,.375,.667,44
Elon,2025-12-14,3,5,7,4,Longwood,.410,.455,.294,.733,66,.467,.571,.222,.538,67
Abilene Christ.,2025-12-14,6,3,11,0,Texas Tech,.298,.370,.200,.714,57,.509,.622,.300,.429,67
Coastal Caro.,2025-12-10,5,5,5,4,UNCG,.386,.400,.364,.833,67,.379,.667,.176,.733,61
Iona,2025-12-07,6,2,5,3,Navy,.393,.405,.357,.818,67,.397,.500,.167,.667,61
Arizona St.,2025-12-06,9,0,6,2,San Francisco,.519,.564,.385,.571,67,.333,.462,.182,.889,44
Cal St Bakersfield,2025-12-06,2,6,7,1,UCSB,.305,.410,.100,.563,47,.469,.485,.438,.737,67
Eastern Wash.,2025-12-06,4,4,8,1,South Dakota,.328,.353,.250,.594,67,.270,.245,.357,.857,63
Harvard,2025-12-05,5,5,3,6,Stony Brook,.409,.417,.389,.857,67,.289,.324,.182,.714,33
Long Beach State,2025-12-04,0,6,6,1,UCSB,.379,.471,.250,1.000,52,.377,.273,.500,.583,67
Pacific,2025-12-04,3,4,5,4,Sacramento St.,.403,.460,.235,.692,67,.397,.500,.200,.667,54
Iona,2025-12-03,5,2,3,4,Mass.-Lowell,.400,.429,.333,.765,67,.373,.405,.294,.583,56
Wake Forest,2025-12-03,9,0,2,4,William & Mary,.464,.531,.375,.750,64,.475,.511,.357,.600,67
Lamar,2025-12-02,2,4,3,3,UTRGV,.400,.391,.429,.650,67,.320,.375,.222,.676,59
McNeese,2025-12-02,4,2,4,2,Utah Tech,.339,.333,.353,.704,67,.347,.348,.346,.643,52
Cornell,2025-11-30,4,3,1,5,Wagner,.417,.576,.067,.619,54,.500,.526,.417,.667,67
Duquesne,2025-11-29,5,1,3,2,Liberty,.328,.429,.233,.750,60,.385,.417,.345,.467,67
Chicago St.,2025-11-29,1,6,4,4,Pitt,.350,.417,.250,.625,53,.400,.444,.267,.750,67
UC San Diego,2025-11-28,3,3,6,0,Washington,.385,.448,.304,.250,50,.393,.372,.444,.733,67
Hampton,2025-11-27,3,2,4,1,Stephen F. Austin,.338,.396,.217,.571,61,.419,.590,.130,.632,67
North Texas,2025-11-27,5,1,8,0,Texas Tech,.320,.316,.333,.688,47,.451,.500,.391,.750,67
Delaware,2025-11-26,2,2,1,6,Loyola (MD),.465,.667,.273,.875,67,.400,.450,.267,.538,55
Md.-East. Shore,2025-11-26,4,4,2,3,Mt. St. Mary's,.397,.390,.412,.609,67,.392,.375,.421,.524,59
North Texas,2025-11-26,4,1,5,2,Saint Mary's,.364,.404,.263,.778,67,.404,.378,.450,.833,65
Princeton,2025-11-26,5,1,6,1,Rhode Island,.436,.543,.250,.667,67,.426,.463,.308,.750,59
Huston-Tilotson,2025-11-25,0,0,1,4,Prairie View,.300,.308,.278,.647,58,.474,.575,.235,.450,67
Old Dominion,2025-11-25,5,1,7,0,Texas Tech,.273,.343,.150,.643,42,.355,.400,.273,.708,67
Central Ark.,2025-11-24,2,2,3,3,Samford,.448,.500,.400,.500,67,.286,.208,.360,.583,44
Chicago St.,2025-11-24,1,4,1,4,Northern Ill.,.355,.340,.400,.412,57,.327,.424,.125,.750,67
Rutgers,2025-11-24,4,2,0,5,Siena,.333,.326,.357,.786,67,.393,.395,.391,.571,61
Boise St.,2025-11-23,4,1,0,4,UC Riverside,.481,.436,.615,.643,67,.380,.500,.286,.625,56
Bellarmine,2025-11-23,2,3,2,2,Bradley,.298,.370,.200,.750,38,.419,.595,.160,.733,67
Butler,2025-11-23,2,3,2,4,Milwaukee,.455,.514,.350,.667,67,.333,.356,.267,.692,53
High Point,2025-11-23,5,0,3,2,Houston,.305,.385,.150,.750,57,.421,.474,.316,.650,67
Ak. Anchorage,2025-11-22,0,1,1,4,Bowling Green,.355,.419,.211,.556,63,.359,.548,.182,.789,67
Campbell,2025-11-22,3,3,1,5,Grambling,.490,.583,.267,.765,67,.283,.273,.313,.571,51
Denver,2025-11-21,2,3,0,0,Regis (CO),.352,.441,.270,.636,67,.259,.290,.222,.444,40
Albany (NY),2025-11-19,2,2,0,4,Siena,.522,.571,.444,.786,67,.286,.342,.167,.583,42
Eastern Mich.,2025-11-19,2,2,2,2,Fort Wayne,.345,.371,.300,.889,52,.469,.545,.313,.696,67
Navy,2025-11-19,3,0,1,3,Rider,.406,.556,.214,.643,67,.371,.485,.241,1.000,56
UNCA,2025-11-19,1,2,2,2,Western Caro.,.422,.444,.389,.595,67,.333,.389,.111,.792,50
Southern U.,2025-11-18,0,3,0,0,Tougaloo,.397,.405,.381,.500,67,.250,.267,.143,.611,38
Buffalo,2025-11-16,0,3,3,1,Fordham,.350,.325,.400,.773,67,.292,.381,.130,.900,59
Air Force,2025-11-15,1,2,0,3,Manhattan,.367,.438,.286,.625,67,.365,.394,.316,.667,54
Hofstra,2025-11-15,1,1,2,1,Penn,.438,.500,.375,.667,55,.396,.379,.417,.882,67
Army,2025-11-13,2,0,0,2,Siena,.352,.387,.304,.957,67,.455,.559,.100,.550,52
Jacksonville St.,2025-11-13,1,1,3,0,Southern Miss.,.415,.448,.375,.571,61,.390,.463,.222,.654,67
Green Bay,2025-11-11,2,0,0,2,North Dakota,.400,.417,.353,.900,67,.292,.348,.240,.563,43
Missouri St.,2025-11-11,2,0,1,1,SE Missouri St,.356,.408,.100,.828,67,.328,.395,.167,.700,57
Ga Tech,2025-11-09,1,0,0,0,Princeton,.478,.514,.333,.700,61,.368,.463,.222,.733,67
Army,2025-11-08,1,0,0,1,St. Thomas,.473,.474,.471,.500,67,.457,.513,.143,.692,61
Cal Baptist,2025-11-08,1,0,1,0,Pacific,.381,.455,.300,.769,67,.290,.302,.269,.636,54
Grand Canyon,2025-11-08,0,1,1,0,Idaho St.,.381,.400,.353,.607,55,.413,.467,.278,.833,67
Cal St. Chico,2025-11-07,0,0,1,0,Saint Mary's,.347,.400,.263,.667,49,.368,.500,.154,.684,67
IU Indy,2025-11-05,1,0,0,0,Northwestern,.323,.362,.222,.667,64,.409,.537,.200,.533,67
Arizona St.,2025-11-03,0,0,0,0,Coppin St.,.413,.545,.105,.722,67,.450,.423,.500,.455,53
IU Indy,2025-11-03,0,0,0,0,Indiana St.,.294,.400,.143,.676,67,.387,.564,.087,.700,64
FDU,2025-11-03,0,0,0,0,Purdue,.274,.333,.192,.600,48,.415,.500,.263,.720,67
Cleveland St.,2026-03-26,25,9,17,15,Middle Tenn.,.473,.526,.353,.667,66,.375,.429,.286,.615,56
Marshall,2026-03-23,23,9,17,14,UMBC,.469,.593,.318,.650,66,.368,.375,.353,.625,53
Colorado,2026-03-21 NCAA,22,11,21,11,Illinois,.418,.478,.111,.769,57,.441,.489,.286,.833,66
Louisiana Tech,2026-03-19,26,6,28,5,Rice,.415,.486,.278,.857,61,.397,.455,.320,.857,66
Delaware,2026-03-10,12,18,13,16,Kennesaw St.,.431,.500,.300,.909,66,.316,.341,.231,.615,47
Bethune-Cookman,2026-03-09,6,25,10,20,Texas Southern,.368,.408,.125,.767,66,.345,.436,.158,.704,62
Colorado St.,2026-03-09,25,7,21,10,UNLV,.424,.436,.400,.889,66,.317,.371,.240,.882,59
Austin Peay,2026-03-09,19,12,23,8,Jacksonville,.349,.412,.276,.611,63,.429,.537,.133,.762,66
Idaho,2026-03-08,26,5,11,21,Weber St.,.354,.390,.292,.722,66,.310,.242,.400,.600,52
Bradley,2026-03-08,20,10,18,12,Illinois St.,.387,.432,.278,.800,65,.455,.545,.318,.750,66
Cal Poly,2026-03-07,3,26,7,22,Cal St Bakersfield,.435,.479,.286,.727,66,.328,.342,.300,.667,54
Elon,2026-03-07,14,15,6,22,UNCW,.450,.565,.071,.647,66,.432,.444,.412,.818,54
Alcorn St.,2026-03-05,17,11,12,15,Ark-Pine Bluff,.371,.444,.269,.800,61,.413,.457,.294,.450,66
Chattanooga,2026-03-05,18,9,3,25,Western Caro.,.464,.500,.433,.333,66,.383,.433,.294,.750,47
Charleston,2026-03-05,22,5,17,12,Stony Brook,.380,.500,.207,.667,66,.300,.360,.240,.467,43
Bethune-Cookman,2026-03-05,6,24,7,21,Florida A&M,.415,.455,.222,.875,60,.444,.479,.167,.680,66
Furman,2026-03-05,17,12,17,12,Mercer,.463,.474,.438,.692,66,.347,.424,.188,.615,45
NJIT,2026-03-05,18,11,15,13,UMBC,.510,.600,.313,.800,65,.446,.463,.400,.556,66
Jackson St.,2026-03-05,12,17,6,22,MVSU,.246,.250,.240,.667,50,.390,.488,.167,.895,66
Duquesne,2026-03-05,12,18,19,10,Saint Joseph's,.308,.406,.150,.769,45,.403,.385,.435,.857,66
Saint Mary's,2026-03-05,15,16,10,21,San Diego,.364,.375,.300,.579,62,.382,.433,.320,.727,66
Colgate,2026-03-04,6,22,10,18,Lafayette,.414,.432,.357,.400,55,.407,.438,.364,.875,66
Ole Miss,2026-03-01,21,9,13,11,Texas A&M,.324,.319,.333,.778,58,.478,.412,.667,.778,66
Air Force,2026-02-28,13,15,22,7,Colorado St.,.274,.279,.263,.684,52,.479,.576,.267,.762,66
Holy Cross,2026-02-28,18,9,12,15,Loyola (MD),.489,.538,.429,.786,66,.300,.366,.158,1.000,48
Mass.-Lowell,2026-02-28,8,20,14,13,UMBC,.241,.323,.130,.933,43,.349,.320,.462,.640,66
North Texas,2026-02-28,17,11,17,11,South Fla.,.375,.340,.556,.593,63,.403,.500,.000,.706,66
FDU,2026-02-26,24,4,10,18,Le Moyne,.366,.463,.233,.875,66,.292,.391,.200,1.000,38
Bradley,2026-02-26,19,9,13,14,Ill.-Chicago,.379,.472,.227,.667,53,.459,.442,.556,.500,66
Loyola Marymount,2026-02-26,19,8,16,11,San Francisco,.306,.278,.346,.704,66,.361,.439,.200,.563,57
Montana St.,2026-02-26,20,6,6,21,Portland St.,.375,.426,.235,.483,66,.411,.459,.316,.846,63
Mt. St. Mary's,2026-02-26,13,14,12,15,Sacred Heart,.407,.405,.412,.789,66,.434,.400,.538,.571,61
Jacksonville St.,2026-02-26,13,14,12,13,UTEP,.453,.515,.350,.600,64,.377,.367,.400,.667,66
Arizona St.,2026-02-25,22,7,18,10,BYU,.356,.405,.235,.833,61,.368,.455,.250,.818,66
Kent St.,2026-02-25,13,13,19,6,Massachusetts,.258,.280,.188,.760,56,.419,.500,.188,.647,66
Boise St.,2026-02-25,22,6,22,4,San Diego St.,.464,.488,.400,.600,64,.415,.423,.407,.917,66
Nebraska,2026-02-22,16,11,19,8,Washington,.426,.467,.313,.750,66,.397,.524,.192,.750,65
Butler,2026-02-21,9,18,13,13,Georgetown,.418,.444,.368,.765,66,.357,.475,.063,.850,58
FIU,2026-02-21,16,9,14,11,Liberty,.420,.424,.412,.810,66,.291,.368,.118,.786,45
Howard,2026-02-21,19,7,8,16,N.C. Central,.357,.378,.273,.605,66,.333,.378,.200,.652,58
Iona,2026-02-21,17,11,7,19,Saint Peter's,.455,.472,.421,.727,66,.388,.419,.333,.688,55
Coppin St.,2026-02-21,9,18,14,13,Md.-East. Shore,.421,.409,.462,.476,64,.472,.511,.167,.789,66
Chicago St.,2026-02-19,8,18,22,4,FDU,.328,.320,.375,.786,52,.409,.500,.250,.750,66
Manhattan,2026-02-19,7,18,10,17,Marist,.370,.415,.250,.538,66,.397,.500,.269,.889,61
Miami (FL),2026-02-19,13,12,16,11,Stanford,.448,.538,.263,.750,66,.317,.410,.143,.909,51
UNC,2026-02-19,21,6,20,7,Virginia Tech,.368,.382,.348,.842,66,.338,.372,.273,1.000,63
Detroit Mercy,2026-02-19,5,20,16,10,Robert Morris,.328,.367,.200,.588,55,.411,.475,.250,.696,66
USC,2026-02-19,16,9,13,13,Wisconsin,.390,.515,.231,.778,66,.348,.353,.333,.625,59
Davidson,2026-02-18,16,11,8,18,VCU,.436,.545,.273,.600,66,.286,.282,.300,.571,39
DePaul,2026-02-18,6,21,13,14,Providence,.338,.410,.231,.435,60,.413,.510,.071,.650,66
Lipscomb,2026-02-18,9,16,16,9,West Ga.,.397,.486,.286,.500,65,.357,.421,.281,.538,66
Alcorn St.,2026-02-14,13,10,6,19,Bethune-Cookman,.400,.387,.421,.720,66,.468,.516,.375,.500,57
Colorado St.,2026-02-14,18,7,17,8,New Mexico,.360,.231,.500,.900,66,.268,.361,.100,1.000,46
Howard,2026-02-14,18,7,14,12,Md.-East. Shore,.385,.375,.417,.875,66,.333,.481,.111,.650,45
Colgate,2026-02-14,6,18,17,6,Navy,.281,.300,.235,1.000,38,.460,.511,.333,.667,66
Gonzaga,2026-02-12,18,7,9,17,San Diego,.421,.512,.188,.938,66,.407,.556,.111,.714,56
Morgan St.,2026-02-12,3,21,6,15,N.C. Central,.356,.341,.389,.700,63,.400,.476,.222,.519,66
Southern U.,2026-02-12,11,11,9,14,Texas Southern,.400,.362,.538,.500,66,.352,.500,.100,.700,54
East Texas A&M,2026-02-12,11,10,4,18,Southeastern LA,.381,.432,.308,.714,66,.373,.424,.278,.700,57
Bucknell,2026-02-11,9,14,16,6,Navy,.309,.350,.200,.667,43,.436,.500,.267,.778,66
New Mexico,2026-02-11,16,8,3,21,San Jose St.,.343,.394,.297,.583,66,.438,.414,.474,.556,61
Providence,2026-02-08,10,14,11,12,Xavier,.429,.487,.294,.684,66,.380,.353,.438,.500,50
Brown,2026-02-07,12,7,5,15,Yale,.333,.293,.421,.783,66,.321,.319,.333,.727,52
Loyola (IL),2026-02-07,11,11,8,15,VCU,.419,.537,.190,.667,66,.397,.489,.167,.200,55
Md.-East. Shore,2026-02-07,13,11,3,20,Morgan St.,.410,.460,.182,.778,66,.386,.364,.455,.778,53
Tulsa,2026-02-07,16,6,10,11,UTSA,.322,.438,.185,.667,47,.417,.429,.364,.706,66
Southern Ind.,2026-02-05,15,6,11,10,UT Martin,.316,.341,.231,.792,58,.440,.615,.250,.640,66
Dayton,2026-02-01,11,10,12,11,George Washington,.375,.452,.235,.667,54,.443,.489,.313,.700,66
Drake,2026-02-01,6,14,10,10,UNI,.339,.438,.222,.667,56,.386,.528,.143,.792,66
George Mason,2026-01-31,14,6,11,12,Saint Louis,.443,.477,.353,1.000,66,.333,.351,.294,.556,51
Binghamton,2026-01-29,14,6,14,6,Bryant,.404,.462,.231,.778,66,.367,.424,.296,.600,64
Green Bay,2026-01-29,17,5,6,15,Wright St.,.379,.500,.214,.769,66,.281,.237,.368,.619,52
Montana St.,2026-01-29,14,5,10,10,Sacramento St.,.429,.583,.222,.750,66,.261,.407,.053,.750,31
North Ala.,2026-01-29,9,9,11,8,Stetson,.455,.525,.267,.615,62,.444,.484,.391,.750,66
Cleveland St.,2026-01-28,15,7,7,15,Milwaukee,.373,.425,.296,.800,66,.358,.395,.267,.667,46
North Texas,2026-01-28,11,9,9,9,UTSA,.404,.357,.533,.667,64,.456,.520,.000,.560,66
Charlotte,2026-01-27,9,11,12,9,South Fla.,.324,.354,.250,.611,60,.390,.488,.167,.739,66
Arizona St.,2026-01-24,17,3,7,13,Cincinnati,.357,.434,.118,.750,64,.426,.444,.333,.708,66
Davidson,2026-01-24,14,7,7,13,VCU,.410,.516,.300,.700,66,.423,.514,.200,.400,51
Delaware,2026-01-23,8,10,5,13,Western Ky.,.482,.515,.435,.333,66,.356,.459,.182,.818,55
UC Davis,2026-01-22,12,6,12,5,UC San Diego,.462,.552,.348,.625,66,.338,.405,.231,.769,62
FIU,2026-01-22,10,6,11,5,Sam Houston,.418,.400,.500,.833,66,.382,.481,.000,.800,60
East Texas A&M,2026-01-22,7,9,10,6,Lamar,.362,.474,.150,.647,56,.426,.412,.500,.692,66
Lindenwood,2026-01-22,13,6,10,7,Tennessee Tech,.400,.452,.316,.952,66,.389,.556,.222,.700,55
Mercyhurst,2026-01-22,4,13,5,12,New Haven,.375,.368,.379,.792,66,.426,.417,.444,.818,63
Merrimack,2026-01-22,8,9,4,14,Saint Peter's,.319,.302,.346,.619,66,.362,.341,.412,.714,59
Lipscomb,2026-01-22,6,11,10,7,Stetson,.305,.346,.273,.882,60,.407,.467,.345,.889,66
Boston U.,2026-01-21,5,12,7,10,Lafayette,.500,.553,.389,.429,66,.323,.316,.333,.778,55
Memphis,2026-01-20,7,11,3,16,Wichita St.,.313,.357,.227,.560,59,.393,.408,.333,.737,66
Drake,2026-01-18,4,12,0,18,Valparaiso,.411,.486,.263,.556,66,.321,.297,.368,.619,56
Fordham,2026-01-18,8,9,12,6,St. Bonaventure,.419,.553,.208,.818,66,.412,.500,.235,.778,53
George Mason,2026-01-18,11,6,12,5,Saint Joseph's,.421,.432,.400,.909,66,.397,.474,.250,.727,59
Alcorn St.,2026-01-17,6,9,8,9,Texas Southern,.383,.463,.211,.696,66,.365,.471,.167,.833,51
Eastern Wash.,2026-01-17,9,8,10,6,Idaho St.,.345,.406,.261,.684,57,.371,.375,.357,.714,66
Incarnate Word,2026-01-17,7,8,9,7,NW St.,.466,.553,.300,.500,66,.361,.415,.250,.667,53
Northern Ill.,2026-01-17,3,13,10,5,Ohio,.407,.412,.400,.714,62,.393,.481,.310,.542,66
St. John's (NY),2026-01-17,14,5,10,7,Xavier,.426,.448,.389,.950,66,.469,.472,.462,.857,64
Evansville,2026-01-16,4,12,7,9,Ill.-Chicago,.358,.472,.118,.800,48,.547,.600,.385,.600,66
Northwestern,2026-01-15,7,10,11,6,Wisconsin,.407,.400,.429,1.000,66,.397,.410,.368,.889,61
Ga. Southern,2026-01-14,12,4,7,10,Georgia St.,.423,.391,.448,.563,66,.429,.421,.455,.667,55
La Salle,2026-01-14,10,6,8,10,Saint Louis,.299,.362,.150,.636,57,.362,.488,.000,.774,66
Dayton,2026-01-10,8,7,8,7,Fordham,.377,.526,.130,.680,66,.338,.378,.261,.750,58
Milwaukee,2026-01-10,6,11,4,12,Oakland,.296,.333,.238,.615,45,.397,.441,.333,.706,66
Rhode Island,2026-01-10,13,2,11,5,St. Bonaventure,.397,.545,.200,.789,66,.392,.439,.200,.750,45
Houston Christian,2026-01-08,4,8,6,6,Lamar,.439,.500,.308,.636,54,.510,.529,.467,.750,66
Central Mich.,2026-01-07,8,5,5,9,Kent St.,.433,.480,.200,.571,66,.400,.462,.250,.750,57
Colorado St.,2026-01-07,13,2,11,4,New Mexico,.407,.500,.238,.750,59,.377,.343,.423,.643,66
USC Upstate,2026-01-07,5,11,8,8,Winthrop,.379,.467,.286,.800,64,.467,.565,.143,.615,66
Cleveland St.,2026-01-04,12,4,4,11,Milwaukee,.386,.500,.190,.833,58,.444,.531,.318,.786,66
Evansville,2026-01-03,2,11,0,14,Valparaiso,.375,.486,.222,.923,66,.271,.300,.241,.700,46
Holy Cross,2026-01-03,7,5,7,5,Navy,.424,.475,.316,.526,66,.317,.424,.200,.818,55
George Washington,2026-01-03,9,6,9,4,La Salle,.347,.371,.286,.700,52,.343,.346,.333,.789,66
Auburn Montgomery,2026-01-02,0,1,9,5,Mercer,.378,.324,.625,.842,55,.433,.489,.267,.588,66
New Haven,2026-01-02,2,9,4,7,Stonehill,.558,.609,.167,.583,66,.431,.448,.409,.727,61
Incarnate Word,2025-12-31,4,6,2,8,Southeastern LA,.391,.541,.185,.733,66,.391,.420,.286,.455,59
Nicholls St.,2025-12-31,6,4,5,7,UTRGV,.338,.353,.294,.652,66,.286,.333,.241,.810,56
Tarleton St.,2025-12-29,6,5,6,6,UTA,.407,.447,.333,.611,66,.369,.365,.385,.333,57
Pepperdine,2025-12-28,9,3,1,12,Washington St.,.447,.448,.444,.722,63,.388,.400,.364,.600,66
Michigan St.,2025-12-22,10,1,12,1,Ole Miss,.490,.463,.625,.650,66,.333,.441,.118,.520,49
Green Bay,2025-12-20,8,4,7,4,Miami (OH),.326,.286,.389,.722,50,.449,.613,.167,.792,66
Charleston So.,2025-12-19,2,8,5,6,Furman,.420,.519,.304,1.000,53,.377,.400,.313,.682,66
Fla. Atlantic,2025-12-19,5,5,7,1,Massachusetts,.297,.378,.185,.438,50,.349,.370,.294,.895,66
Marist,2025-12-19,3,7,4,5,Mt. St. Mary's,.328,.412,.208,.727,59,.429,.500,.320,.667,66
Cincinnati,2025-12-16,5,6,8,5,Howard,.400,.450,.300,.667,64,.397,.420,.308,.667,66
MVSU,2025-12-14,1,7,5,5,Mercer,.273,.278,.263,.667,43,.365,.293,.500,.500,66
Cal St Northridge,2025-12-13,4,4,1,8,San Jose St.,.339,.304,.361,.650,66,.311,.265,.370,.583,55
Nevada,2025-12-13,0,0,0,0,Pacific,,,,,66,,,,,66
Monmouth,2025-12-07,3,4,1,6,Saint Peter's,.423,.556,.280,.714,66,.292,.303,.267,.462,38
Morgan St.,2025-12-06,1,9,3,5,UMBC,.370,.389,.300,.688,48,.300,.378,.160,.741,66
Le Moyne,2025-12-06,1,6,7,3,St. Bonaventure,.412,.591,.276,.700,57,.444,.511,.278,.625,66
Denver,2025-12-03,3,4,3,4,Eastern Wash.,.373,.513,.179,.667,65,.441,.525,.263,.750,66
Cornell,2025-12-03,4,4,3,5,Lehigh,.362,.375,.333,.867,52,.444,.640,.276,.667,66
UNLV,2025-12-03,4,3,3,3,UTSA,.403,.429,.360,.500,66,.279,.341,.118,.750,39
Rice,2025-12-03,5,3,5,1,Sam Houston,.429,.485,.348,.625,66,.356,.388,.200,.500,50
Auburn,2025-12-03,8,1,6,1,Syracuse,.418,.435,.333,.733,60,.349,.468,.000,.815,66
Charleston,2025-12-02,6,1,5,3,Colorado,.298,.258,.346,.444,47,.368,.439,.259,.900,66
MVSU,2025-12-02,1,4,3,4,Tarleton St.,.344,.410,.227,.333,50,.377,.415,.300,.737,66
Houston,2025-11-30,4,3,5,1,Tulsa,.377,.447,.143,.857,66,.415,.606,.100,.882,61
La.-Monroe,2025-11-30,6,1,6,1,Miss. St.,.423,.412,.444,1.000,54,.413,.458,.267,.833,66
Marshall,2025-11-30,5,2,2,4,Morehead St.,.328,.364,.286,.615,56,.426,.625,.267,.750,66
South Carolina St.,2025-11-30,2,5,4,4,Winthrop,.327,.353,.267,.643,45,.418,.429,.385,.750,66
Austin Peay,2025-11-29,3,1,2,4,UMKC,.491,.595,.250,.833,66,.296,.293,.308,.417,46
Chattanooga,2025-11-29,4,4,5,1,UCSB,.381,.462,.250,.833,64,.449,.517,.350,.789,66
South Dakota,2025-11-29,7,0,2,4,Wyoming,.381,.462,.000,.786,59,.469,.543,.286,.941,66
Fla. Atlantic,2025-11-28,3,3,4,3,Wright St.,.338,.457,.200,.640,66,.397,.417,.300,.571,65
Fla. Gulf Coast,2025-11-28,1,3,7,0,Stanford,.482,.611,.250,.583,66,.356,.447,.190,.889,62
South Carolina,2025-11-27,7,0,6,0,Texas,.431,.451,.286,.750,64,.417,.444,.167,.750,66
App. St.,2025-11-25,4,2,2,5,Norfolk St.,.449,.464,.429,.684,66,.261,.276,.235,.769,38
Kennesaw St.,2025-11-25,3,1,4,1,South Ala.,.415,.512,.083,.600,54,.500,.548,.375,.500,66
La Salle,2025-11-25,5,1,4,2,Villanova,.389,.475,.143,.588,54,.368,.469,.240,.750,66
Southern U.,2025-11-25,1,4,5,0,Washington,.259,.304,.083,.750,40,.458,.577,.318,.750,66
Ball St.,2025-11-24,5,0,2,3,Ill.-Chicago,.455,.525,.267,.500,64,.407,.442,.313,.813,66
Hawaii,2025-11-23,3,0,2,3,Portland,.386,.372,.429,.762,66,.339,.367,.310,.800,61
Davidson,2025-11-20,4,1,3,0,Miami (FL),.390,.442,.250,.471,58,.519,.686,.176,.643,66
Columbia,2025-11-20,2,1,3,1,Saint Joseph's,.333,.471,.000,.889,48,.478,.545,.308,.750,66
Alabama,2025-11-17,3,0,1,2,Alabama A&M,.455,.583,.211,.632,66,.298,.308,.250,.813,43
Charlotte,2025-11-16,2,3,2,2,Oakland,.388,.356,.455,.364,66,.267,.300,.200,.455,41
Drexel,2025-11-16,3,0,0,4,Loyola (MD),.500,.556,.429,.643,66,.511,.529,.462,.500,57
Lamar,2025-11-16,0,3,2,2,UTA,.457,.514,.273,.724,66,.383,.531,.067,.783,55
Detroit Mercy,2025-11-16,1,0,0,2,Toledo,.568,.581,.500,.412,52,.451,.600,.125,.692,66
Missouri St.,2025-11-15,3,0,1,2,Wichita St.,.404,.486,.235,.833,66,.407,.463,.278,.800,57
Middle Tenn.,2025-11-15,2,1,1,1,Rice,.479,.500,.417,.800,59,.407,.500,.280,.917,66
Louisiana,2025-11-14,0,3,1,2,Nicholls St.,.342,.350,.308,.714,64,.415,.484,.318,.577,66
Canisius,2025-11-14,0,3,3,0,St. Bonaventure,.449,.438,.471,.692,61,.458,.545,.200,.643,66
Ill.-Chicago,2025-11-13,0,2,0,3,Northern Ill.,.410,.479,.154,.875,66,.340,.290,.421,.619,55
N.C. Central,2025-11-13,0,2,1,1,UNCA,.333,.400,.143,.718,66,.283,.286,.273,.632,53
Mercer,2025-11-13,2,1,3,0,Wake Forest,.358,.386,.304,.857,61,.453,.525,.231,.682,66
Campbell,2025-11-12,1,2,2,0,Western Caro.,.500,.568,.200,.667,66,.357,.320,.412,.850,54
Bryant,2025-11-11,2,0,0,2,Marist,.426,.488,.182,.783,66,.357,.444,.200,.800,56
Maine,2025-11-11,0,1,1,1,NC State,.290,.378,.188,.333,47,.403,.511,.150,.818,66
Jacksonville St.,2025-11-10,1,0,2,0,North Ala.,.300,.400,.200,.750,54,.369,.390,.333,.526,66
Charlotte,2025-11-09,1,1,1,0,UCF,.339,.341,.333,.692,66,.418,.447,.353,.571,64
American,2025-11-08,0,0,1,0,Delaware St.,.415,.481,.346,.542,66,.466,.511,.273,.400,63
Mt. St. Mary's,2025-11-08,0,1,0,1,Pitt,.262,.290,.235,.714,52,.527,.565,.333,.714,66
Colgate,2025-11-07,1,0,0,0,Ithaca,.379,.460,.125,.875,66,.326,.333,.316,.600,45
Delaware St.,2025-11-05,0,0,0,0,Felician,.479,.559,.286,.471,66,.279,.327,.083,.800,55
Davidson,2025-11-03,0,0,0,0,Miss. St.,.346,.368,.286,.850,57,.412,.429,.333,.677,66
Cal St Bakersfield,2025-11-03,0,0,0,0,Utah Valley,.254,.316,.143,.563,42,.417,.432,.375,.556,66
Montana St.,2026-03-29,27,7,25,9,South Dakota,.328,.371,.269,.692,56,.440,.459,.385,.696,65
Minnesota,2026-03-22 NCAA,23,8,24,11,Ole Miss,.449,.405,.583,.824,65,.431,.421,.462,.813,63
Colorado St.,2026-03-20 NCAA,27,7,22,8,Michigan St.,.453,.543,.278,.750,62,.397,.500,.190,.611,65
Samford,2026-03-19 NCAA,16,18,19,13,Southern U.,.353,.417,.296,1.000,53,.397,.409,.357,.636,65
Coppin St.,2026-03-13,10,22,24,7,Howard,.333,.350,.286,.588,50,.324,.298,.429,.765,65
Brown,2026-03-13,16,10,24,3,Princeton,.286,.217,.333,.571,51,.418,.412,.429,.769,65
Kent St.,2026-03-11,15,15,25,6,Miami (OH),.292,.333,.143,.818,58,.345,.412,.250,.760,65
Army,2026-03-09,23,6,11,18,Lafayette,.354,.447,.111,.708,65,.348,.394,.231,.957,57
Fairfield,2026-03-08,26,4,19,11,Merrimack,.436,.625,.290,.615,65,.333,.364,.278,.750,48
Drake,2026-03-08,11,18,16,13,UNI,.393,.486,.211,.769,58,.396,.393,.400,.655,65
Duke,2026-03-07,22,8,22,9,Notre Dame,.397,.449,.263,.545,65,.383,.405,.333,.786,63
Louisville,2026-03-07,26,6,26,6,UNC,.449,.452,.444,.650,65,.358,.419,.273,.867,57
Memphis,2026-03-07,9,21,8,22,Wichita St.,.400,.412,.333,.636,65,.440,.475,.300,.609,61
Missouri St.,2026-03-05,18,11,8,19,Western Ky.,.365,.413,.235,.882,65,.267,.326,.118,.667,38
Tarleton St.,2026-03-05,12,16,10,18,UTA,.400,.395,.412,.909,65,.400,.447,.125,.600,54
Alabama,2026-03-04,21,9,16,15,Missouri,.364,.464,.289,.545,65,.294,.333,.222,.737,48
Alabama St.,2026-03-03,14,13,16,11,Southern U.,.404,.429,.300,.625,65,.345,.343,.348,.469,63
Drexel,2026-03-01,18,8,11,15,N.C. A&T,.375,.512,.095,.750,65,.407,.439,.333,.692,63
Louisville,2026-03-01,25,5,19,9,Notre Dame,.407,.469,.318,.917,62,.404,.368,.474,.909,65
Baylor,2026-03-01,24,6,26,4,TCU,.345,.484,.185,.727,53,.396,.433,.348,.833,65
Duquesne,2026-02-28,11,17,20,8,George Mason,.333,.341,.313,.625,48,.348,.400,.250,.917,65
Grand Canyon,2026-02-28,11,17,4,25,San Jose St.,.323,.379,.278,.929,65,.276,.313,.231,.778,52
Jackson St.,2026-02-28,10,17,9,19,Texas Southern,.415,.514,.188,.692,65,.291,.375,.174,.571,52
Gardner-Webb,2026-02-28,12,17,19,11,Radford,.377,.341,.450,.667,59,.426,.424,.429,.769,65
Central Ark.,2026-02-27,19,10,10,18,Queens (NC),.400,.485,.296,.900,65,.246,.270,.200,.882,47
Iona,2026-02-26,18,11,9,18,Manhattan,.472,.559,.316,.692,65,.355,.412,.091,.933,59
Liberty,2026-02-26,14,12,14,12,Middle Tenn.,.436,.452,.417,.700,65,.262,.350,.095,.750,37
Bryant,2026-02-26,18,9,13,13,UMBC,.429,.452,.357,.600,59,.377,.405,.273,.786,65
NC State,2026-02-26,18,9,14,14,Wake Forest,.424,.478,.300,.750,65,.449,.533,.316,.857,56
Tarleton St.,2026-02-26,12,14,13,12,Utah Valley,.322,.353,.280,.750,51,.449,.436,.500,.640,65
Tulane,2026-02-24,10,16,17,9,Tulsa,.333,.389,.200,.900,46,.315,.438,.220,.714,65
Memphis,2026-02-22,8,18,11,14,Temple,.417,.476,.278,.467,62,.386,.455,.133,.600,65
UC Davis,2026-02-21,20,7,9,17,UC Riverside,.350,.375,.321,.700,65,.383,.514,.200,.714,56
Portland,2026-02-21,15,12,5,21,Seattle,.368,.400,.318,.593,65,.469,.529,.333,.667,61
Saint Joseph's,2026-02-21,18,8,11,17,Saint Louis,.532,.621,.389,.571,65,.288,.349,.125,.857,54
Longwood,2026-02-21,18,8,9,18,USC Upstate,.282,.316,.190,.625,63,.391,.364,.450,.750,65
Northern Ill.,2026-02-21,5,21,7,17,Western Mich.,.451,.447,.462,.667,60,.431,.615,.281,.500,65
Little Rock,2026-02-19,13,13,13,13,UT Martin,.433,.500,.214,.769,65,.321,.417,.150,.783,57
Central Conn St,2026-02-19,0,24,8,18,Le Moyne,.275,.265,.294,.867,46,.373,.500,.190,.821,65
App. St.,2026-02-18,11,14,12,15,Coastal Caro.,.404,.385,.444,.526,64,.356,.429,.250,.810,65
Central Mich.,2026-02-18,16,8,20,5,Miami (OH),.327,.370,.000,.731,53,.373,.455,.269,.737,65
Tennessee,2026-02-15,16,6,23,3,Texas,.455,.500,.381,.455,63,.462,.522,.000,.739,65
Dayton,2026-02-14,13,12,11,16,Saint Louis,.435,.524,.250,.750,65,.397,.449,.214,.833,63
Idaho,2026-02-14,20,5,17,7,Idaho St.,.333,.385,.259,.824,65,.328,.365,.111,.750,50
Massachusetts,2026-02-14,17,5,20,4,Miami (OH),.455,.487,.375,.818,65,.462,.528,.313,.917,64
Davidson,2026-02-14,16,10,21,4,Richmond,.388,.519,.227,.000,43,.500,.500,.500,1.000,65
Delaware,2026-02-12,11,12,8,15,New Mexico St.,.400,.455,.318,.824,65,.471,.543,.313,.643,62
Iowa,2026-02-11,18,5,18,6,Washington,.463,.452,.500,.643,65,.463,.636,.190,1.000,56
Lafayette,2026-02-11,8,15,10,13,Loyola (MD),.400,.484,.263,.684,58,.407,.349,.563,.533,65
Denver,2026-02-11,9,15,3,23,Omaha,.377,.400,.333,.600,58,.449,.417,.480,.643,65
North Ala.,2026-02-11,12,11,15,8,West Ga.,.409,.488,.280,.500,65,.355,.400,.273,.625,60
East Carolina,2026-02-10,17,7,8,14,Tulane,.418,.459,.333,.684,65,.364,.361,.368,.875,61
Air Force,2026-02-07,10,12,9,14,Grand Canyon,.383,.417,.250,.800,65,.390,.471,.280,.917,64
Cal Poly,2026-02-05,3,18,6,14,Cal St Northridge,.353,.432,.143,.857,50,.393,.526,.174,.619,65
Delaware,2026-02-05,10,11,10,10,Kennesaw St.,.318,.349,.261,.708,65,.404,.487,.222,.455,60
Eastern Ill.,2026-02-05,3,20,3,18,Tennessee St.,.383,.385,.381,.611,65,.362,.432,.238,.591,60
LIU,2026-02-05,13,8,7,14,New Haven,.421,.455,.375,.571,65,.273,.341,.000,.842,46
New Mexico St.,2026-02-05,7,14,13,6,Sam Houston,.481,.535,.222,.591,65,.313,.333,.231,.483,57
East Texas A&M,2026-02-05,9,10,15,7,Stephen F. Austin,.380,.480,.143,.727,65,.404,.444,.333,.846,64
Drexel,2026-02-01,12,7,6,12,Northeastern,.481,.543,.353,.750,65,.354,.407,.091,.643,56
Miami (FL),2026-02-01,12,9,17,4,Syracuse,.361,.340,.429,.526,60,.300,.280,.350,.842,65
Idaho St.,2026-01-31,12,7,6,15,Weber St.,.417,.426,.385,.833,65,.386,.447,.263,.556,54
Iona,2026-01-31,13,9,5,15,Manhattan,.339,.421,.190,.778,65,.302,.348,.176,.769,51
Iowa St.,2026-01-31,17,5,10,10,UCF,.391,.571,.250,.545,65,.362,.408,.111,.692,52
Rice,2026-01-31,18,3,10,9,UTSA,.407,.444,.333,.833,65,.297,.320,.214,.875,55
Furman,2026-01-30,13,8,11,9,Wofford,.410,.429,.333,.786,65,.373,.350,.421,.750,64
Bucknell,2026-01-28,6,13,7,12,Lafayette,.362,.389,.318,.875,56,.421,.514,.273,.917,65
Monmouth,2026-01-28,12,5,6,11,Northeastern,.472,.588,.263,.625,65,.340,.441,.158,.895,56
Rice,2026-01-28,17,3,9,10,Temple,.418,.484,.333,.688,65,.344,.346,.333,.579,56
Clemson,2026-01-25,13,7,13,6,Notre Dame,.520,.613,.368,.353,65,.415,.500,.154,.857,58
Georgetown,2026-01-24,11,8,10,9,Xavier,.423,.516,.286,.882,65,.375,.406,.333,.500,52
Iona,2026-01-24,12,8,7,13,Marist,.377,.436,.273,.722,65,.396,.447,.267,.692,64
Bowling Green,2026-01-24,10,8,13,4,Massachusetts,.455,.514,.350,.636,64,.510,.538,.417,.667,65
Houston Christian,2026-01-24,5,12,10,9,UTRGV,.305,.281,.333,.800,53,.479,.484,.471,.647,65
Old Dominion,2026-01-24,12,8,8,10,Texas St.,.434,.488,.250,.667,61,.371,.362,.500,.630,65
Ark-Pine Bluff,2026-01-22,6,10,5,13,Grambling,.455,.513,.000,.583,54,.371,.451,.158,.833,65
Albany (NY),2026-01-22,11,7,9,10,Maine,.480,.561,.111,.733,60,.473,.452,.538,.750,65
Pacific,2026-01-22,7,11,4,17,Washington St.,.429,.405,.474,.800,65,.300,.350,.200,.867,53
Minnesota,2026-01-21,12,6,14,6,Oregon,.438,.556,.158,.667,65,.322,.306,.348,.778,60
East Carolina,2026-01-20,13,6,9,7,UTSA,.373,.410,.250,.774,65,.432,.360,.583,.760,58
Fla. Gulf Coast,2026-01-17,8,8,7,9,Queens (NC),.444,.500,.333,.917,65,.345,.556,.143,.300,45
East Texas A&M,2026-01-17,7,8,4,11,Houston Christian,.309,.383,.143,.583,52,.390,.410,.350,.923,65
Kansas St.,2026-01-17,9,9,19,0,Texas Tech,.421,.400,.471,.818,65,.388,.345,.450,.706,59
Duke,2026-01-15,11,6,13,4,Virginia,.500,.512,.455,.545,65,.418,.458,.143,1.000,58
Air Force,2026-01-14,8,8,13,4,Colorado St.,.479,.484,.471,.750,63,.451,.500,.333,.700,65
Grand Canyon,2026-01-14,4,12,7,9,Nevada,.410,.525,.190,.786,65,.393,.408,.286,.455,51
App. St.,2026-01-14,8,7,10,7,Old Dominion,.296,.367,.208,.773,54,.352,.394,.286,.724,65
Georgia,2026-01-11,15,2,16,1,South Carolina,.270,.267,.278,.571,43,.379,.469,.118,.650,65
Bowling Green,2026-01-10,8,6,3,11,Northern Ill.,.451,.500,.368,.706,65,.395,.516,.083,.565,48
Utah Tech,2026-01-10,5,8,9,6,Utah Valley,.452,.471,.440,.889,65,.380,.438,.278,.846,54
Eastern Wash.,2026-01-10,7,8,3,11,Montana,.384,.446,.176,.545,65,.351,.480,.250,.833,58
FDU,2026-01-10,12,4,4,10,New Haven,.407,.538,.303,.875,65,.465,.407,.563,.727,57
American,2026-01-10,4,10,8,6,Holy Cross,.293,.324,.238,.750,48,.394,.519,.053,.667,65
Central Conn St,2026-01-10,0,14,4,12,Le Moyne,.393,.524,.105,.917,61,.381,.426,.250,.813,65
Morehead St.,2026-01-10,8,8,5,9,SE Missouri St,.440,.414,.476,.579,65,.392,.548,.150,.842,59
NW St.,2026-01-10,7,7,2,11,TAMUCC,.471,.563,.316,.733,65,.368,.432,.154,.417,49
Quinnipiac,2026-01-10,11,4,6,8,Sacred Heart,.426,.512,.222,.900,65,.391,.405,.333,.526,49
Delaware,2026-01-08,6,8,7,5,Louisiana Tech,.302,.192,.471,.842,50,.410,.459,.333,.700,65
East Texas A&M,2026-01-08,6,6,2,10,TAMUCC,.356,.310,.400,.917,65,.438,.429,.462,.522,60
Boston U.,2026-01-07,4,9,5,8,Lafayette,.463,.444,.500,.625,64,.448,.471,.417,.750,65
Hawaii,2026-01-04,6,7,7,5,UC San Diego,.396,.542,.250,.909,54,.382,.375,.391,.700,65
LSU,2026-01-04,14,1,14,0,Vanderbilt,.431,.431,.429,.615,61,.351,.333,.370,.577,65
Lamar,2026-01-03,6,5,9,4,McNeese,.436,.391,.500,.625,57,.446,.465,.385,.588,65
Omaha,2026-01-03,2,14,11,4,South Dakota St.,.246,.400,.125,.667,36,.400,.576,.219,.750,65
Hawaii,2026-01-02,6,6,3,9,UC Riverside,.383,.475,.200,.571,58,.415,.531,.238,.842,65
Central Ark.,2026-01-01,7,5,7,4,Stetson,.407,.457,.333,.900,65,.269,.306,.188,.632,43
Tulane,2025-12-30,5,7,5,6,UTSA,.431,.459,.381,.625,63,.397,.412,.375,.833,65
Samford,2025-12-22,6,8,6,5,UAB,.358,.452,.227,.500,49,.414,.345,.483,.500,65
Central Ark.,2025-12-22,7,4,7,5,Missouri St.,.358,.429,.240,.467,61,.438,.415,.571,.792,65
Northern Colo.,2025-12-22,9,3,5,4,Sam Houston,.439,.500,.273,.810,56,.382,.432,.182,.724,65
American,2025-12-21,1,9,4,6,UMBC,.533,.621,.375,.611,65,.431,.500,.278,.600,61
Loyola (MD),2025-12-21,3,7,1,13,Morgan St.,.460,.486,.400,.684,65,.333,.286,.370,.727,58
Iona,2025-12-21,7,4,5,5,Mt. St. Mary's,.284,.320,.208,.727,55,.387,.447,.200,.824,65
Dickinson St,2025-12-20,0,0,2,10,North Dakota,.276,.229,.348,.600,46,.349,.441,.241,.824,65
Dayton,2025-12-18,5,5,3,5,Western Mich.,.455,.500,.353,.500,65,.393,.459,.263,.500,58
Lipscomb,2025-12-18,3,7,5,8,Samford,.390,.615,.212,.429,59,.387,.538,.278,.636,65
Delaware,2025-12-17,5,3,7,3,La Salle,.292,.353,.071,.818,48,.435,.522,.188,1.000,65
Air Force,2025-12-17,6,4,4,5,Utah St.,.286,.372,.148,.818,53,.447,.464,.421,.833,65
Wright St.,2025-12-16,5,7,6,3,Youngstown St.,.296,.257,.368,.875,46,.429,.447,.389,.667,65
McNeese,2025-12-15,7,3,4,4,NW St.,.397,.417,.300,.563,58,.419,.450,.391,.800,65
Air Force,2025-12-13,5,4,0,1,N.M. Highlands,.353,.400,.261,.846,65,.500,.526,.429,.857,64
Cincinnati,2025-12-13,4,6,5,4,UNLV,.410,.457,.267,.786,65,.288,.297,.273,.571,48
Dartmouth,2025-12-13,6,2,7,2,Iona,.462,.462,.462,1.000,65,.364,.355,.375,.800,57
Canisius,2025-12-12,1,7,5,6,Wright St.,.382,.357,.462,.850,65,.411,.581,.200,.643,60
Incarnate Word,2025-12-11,1,5,0,2,St. Mary's (TX),.482,.645,.280,.364,65,.400,.407,.385,.786,48
Bradley,2025-12-10,5,4,8,2,South Dakota,.375,.394,.333,.686,65,.426,.488,.182,.824,62
Missouri,2025-12-07,8,2,5,2,SIU Edwardsville,.386,.386,.385,1.000,65,.340,.310,.375,.733,56
La Salle,2025-12-07,6,2,6,3,Penn,.368,.375,.353,.800,52,.407,.485,.308,.900,65
Edward Waters,2025-12-06,1,0,5,3,Hampton,.296,.300,.286,.688,47,.370,.344,.409,.762,65
Fresno St.,2025-12-06,5,3,5,2,Pepperdine,.270,.291,.125,.769,45,.473,.643,.296,.833,65
Merrimack,2025-12-05,3,4,2,6,New Hampshire,.344,.410,.240,.786,61,.386,.483,.286,.684,65
Army,2025-12-03,5,2,1,5,Saint Peter's,.390,.448,.333,.818,65,.349,.406,.182,.611,43
Stanford,2025-12-03,8,1,5,2,Tennessee,.464,.524,.286,.545,62,.347,.435,.192,.500,65
Albany (NY),2025-12-01,5,2,3,4,Bucknell,.418,.459,.333,.650,65,.431,.517,.318,.786,62
Evansville,2025-11-30,1,5,2,4,Northern Ill.,.429,.576,.217,.706,65,.333,.404,.000,.538,52
Gonzaga,2025-11-30,3,4,4,2,Marquette,.364,.400,.308,.818,65,.421,.450,.353,.583,61
SE Missouri St,2025-11-30,2,3,2,5,San Diego,.362,.390,.294,.800,55,.359,.422,.211,.750,65
Florida,2025-11-29,7,1,3,4,Ga Tech,.404,.475,.235,.789,65,.348,.414,.000,.615,56
Nevada,2025-11-29,4,3,2,4,Portland,.365,.391,.167,.542,52,.383,.410,.333,.667,65
Elon,2025-11-28,2,4,1,6,North Dakota,.379,.400,.313,.625,65,.459,.526,.389,.667,57
Ole Miss,2025-11-28,5,0,6,1,Wisconsin,.373,.450,.211,.654,65,.478,.517,.412,.625,56
Boise St.,2025-11-27,5,1,1,5,North Dakota,.422,.434,.364,.636,65,.326,.577,.000,.750,45
UCF,2025-11-27,5,1,7,0,Wake Forest,.324,.375,.217,.818,60,.458,.512,.333,.714,65
Grand Canyon,2025-11-26,1,5,2,3,UTSA,.417,.500,.333,.800,64,.392,.306,.600,.941,65
Utah,2025-11-26,3,3,2,4,Weber St.,.375,.459,.259,.769,65,.311,.290,.333,1.000,52
Bucknell,2025-11-25,2,3,1,4,Le Moyne,.464,.500,.357,.800,65,.269,.256,.308,.643,41
Charleston So.,2025-11-25,1,4,2,3,Ga. Southern,.373,.414,.333,.600,57,.381,.412,.345,.467,65
Alcorn St.,2025-11-24,2,3,4,1,Miss. St.,.345,.355,.333,.455,51,.351,.414,.286,.630,65
Fordham,2025-11-23,3,3,0,4,Manhattan,.433,.500,.250,.750,65,.389,.417,.333,.933,62
James Madison,2025-11-23,3,3,5,0,Virginia Tech,.404,.463,.250,.938,65,.328,.359,.263,.722,56
Jacksonville St.,2025-11-22,1,3,0,4,New Orleans,.444,.600,.250,.458,65,.375,.422,.263,.409,62
North Dakota,2025-11-21,0,5,1,3,Wyoming,.478,.654,.250,.842,65,.290,.318,.222,.625,45
Houston,2025-11-20,2,2,3,1,UTRGV,.422,.541,.259,.667,65,.400,.447,.231,.706,63
Gardner-Webb,2025-11-19,1,4,1,2,UNCW,.421,.487,.278,.706,65,.367,.348,.385,.714,56
Loyola (LA),2025-11-19,0,0,0,3,New Orleans,.420,.465,.143,.732,73,.372,.464,.136,.500,65
Air Force,2025-11-18,2,2,1,2,Portland St.,.406,.409,.400,.833,65,.432,.486,.143,.800,55
Dartmouth,2025-11-16,2,1,0,3,Siena,.348,.318,.375,.800,65,.328,.533,.129,.733,55
Clemson,2025-11-16,3,1,2,1,Louisville,.479,.576,.267,.286,54,.436,.467,.300,.933,65
Gonzaga,2025-11-16,2,1,4,0,Stanford,.375,.385,.353,.444,52,.446,.500,.200,.765,65
Coppin St.,2025-11-16,1,3,2,2,Towson,.328,.333,.313,.474,54,.386,.294,.522,.450,65
Boston U.,2025-11-15,1,2,1,2,New Haven,.458,.405,.636,.737,65,.393,.538,.267,1.000,58
Indiana St.,2025-11-14,1,1,2,1,Western Ky.,.381,.394,.367,.500,65,.393,.458,.154,.909,60
Milwaukee,2025-11-13,1,2,0,2,Western Mich.,.458,.500,.333,.762,64,.373,.462,.280,.690,65
FDU,2025-11-12,1,2,0,2,Manhattan,.404,.433,.364,.682,65,.397,.364,.500,.714,63
Brown,2025-11-12,0,1,1,1,Holy Cross,.407,.525,.158,.520,64,.431,.526,.250,.833,65
Kansas,2025-11-12,2,0,0,2,Lamar,.444,.533,.267,.750,65,.309,.333,.231,.680,54
Clemson,2025-11-11,2,0,2,0,South Carolina,.230,.321,.152,1.000,37,.448,.429,.556,.800,65
Niagara,2025-11-11,0,1,1,1,Stonehill,.311,.313,.308,.667,50,.431,.469,.222,.813,65
Albany (NY),2025-11-10,1,1,1,0,Dartmouth,.491,.513,.438,.571,65,.354,.412,.214,.500,41
Central Conn St,2025-11-10,0,1,0,1,Providence,.224,.262,.125,.667,40,.380,.471,.150,.444,65
Marquette,2025-11-08,1,0,1,0,Wisconsin,.390,.409,.333,.737,65,.348,.436,.222,.714,62
North Dakota,2025-11-07,0,1,1,0,Youngstown St.,.322,.458,.229,.923,58,.367,.378,.348,.722,65
Lafayette,2025-11-06,0,1,0,0,Rider,.345,.409,.143,.800,58,.397,.375,.435,.714,65
Nevada,2025-11-06,1,0,1,0,Sacramento St.,.362,.486,.000,.688,45,.500,.690,.261,.583,65
App. St.,2025-11-03,0,0,0,0,Western Mich.,.418,.412,.429,.833,65,.293,.303,.280,.800,45
East Tenn. St.,2025-11-03,0,0,0,0,Elon,.333,.405,.200,.636,56,.320,.377,.182,.722,65
Iona,2025-11-03,0,0,0,0,Mercy,.338,.367,.235,.900,65,.321,.333,.286,.769,50
Boston U.,2025-11-03,0,0,0,0,Quinnipiac,.400,.467,.300,.818,55,.390,.424,.346,1.000,65
Harvard,2026-03-26,20,11,15,17,Wisconsin,.328,.304,.381,.750,61,.439,.515,.333,.750,64
Jackson St.,2026-03-12,12,18,16,13,Southern U.,.302,.364,.238,.870,51,.379,.378,.381,.444,64
Alcorn St.,2026-03-11,17,12,14,15,Ark-Pine Bluff,.355,.429,.200,.632,60,.440,.514,.231,.708,64
Lamar,2026-03-11,20,9,23,9,Stephen F. Austin,.355,.375,.286,.688,59,.368,.500,.200,.810,64
North Dakota St.,2026-03-08,28,3,26,6,South Dakota St.,.328,.355,.296,.556,51,.412,.513,.083,.724,64
FIU,2026-03-07,18,10,8,20,Western Ky.,.404,.513,.167,.652,64,.408,.375,.440,.643,60
Davidson,2026-03-06,20,11,20,10,Saint Joseph's,.413,.406,.429,.800,64,.400,.439,.222,.739,59
Illinois,2026-03-06,21,10,24,5,Iowa,.333,.390,.227,.786,58,.473,.537,.286,.727,64
Alabama A&M,2026-03-05,20,9,16,12,Southern U.,.391,.406,.357,.657,64,.439,.488,.313,.286,61
Manhattan,2026-03-05,10,19,11,19,Marist,.393,.455,.235,.632,64,.288,.417,.087,.760,55
Coppin St.,2026-03-05,9,21,4,25,Morgan St.,.279,.313,.200,.522,54,.417,.500,.250,.690,64
Gardner-Webb,2026-03-05,12,18,14,16,Winthrop,.390,.375,.412,.520,52,.387,.409,.333,.435,64
Boston U.,2026-03-04,10,18,19,9,Holy Cross,.415,.412,.421,.750,58,.368,.417,.286,.941,64
Charlotte,2026-02-28,13,15,20,9,East Carolina,.453,.541,.250,.417,57,.270,.286,.238,.781,64
Furman,2026-02-28,16,12,16,11,Wofford,.446,.520,.200,.333,64,.291,.353,.190,.375,42
Massachusetts,2026-02-28,20,6,9,17,Western Mich.,.520,.605,.250,.818,64,.333,.421,.281,.833,48
Pacific,2026-02-28,11,17,9,21,San Diego,.370,.412,.300,.929,59,.379,.410,.316,.824,64
NW St.,2026-02-26,14,13,17,11,UTRGV,.353,.349,.360,.412,64,.383,.400,.300,.667,59
New Haven,2026-02-26,7,19,12,14,Wagner,.442,.444,.438,.750,62,.417,.478,.214,.478,64
UNCA,2026-02-25,11,17,13,15,Winthrop,.421,.477,.231,.813,64,.414,.488,.200,.615,59
Hampton,2026-02-22,9,16,17,8,Monmouth,.333,.348,.304,.800,57,.418,.500,.286,.800,64
Marquette,2026-02-22,16,10,21,6,Villanova,.317,.393,.154,.786,39,.435,.522,.188,.875,64
Evansville,2026-02-21,6,20,13,12,UNI,.319,.326,.308,.667,64,.364,.365,.357,.667,63
South Ala.,2026-02-21,9,17,11,15,Texas St.,.455,.500,.333,.692,64,.340,.394,.250,.750,59
Oregon St.,2026-02-19,18,9,15,11,Portland,.406,.467,.263,.700,64,.328,.356,.250,.769,54
Southern Ind.,2026-02-19,18,7,21,4,Western Ill.,.250,.302,.118,.778,39,.451,.563,.263,.542,64
Seton Hall,2026-02-18,17,8,11,14,Xavier,.383,.500,.182,.737,64,.396,.375,.414,.250,55
Charleston So.,2026-02-14,8,17,21,4,High Point,.279,.267,.290,.833,48,.404,.567,.222,.750,64
St. Bonaventure,2026-02-14,14,12,8,17,VCU,.456,.487,.389,.833,64,.390,.500,.190,.375,53
Cal,2026-02-12,15,10,17,7,Virginia,.393,.469,.292,.929,64,.379,.444,.154,.800,58
McNeese,2026-02-12,20,4,11,11,NW St.,.417,.422,.400,.615,64,.434,.389,.529,.800,59
IU Indy,2026-02-11,10,13,8,16,Oakland,.373,.452,.250,.618,64,.400,.422,.300,.833,57
Colorado St.,2026-02-11,18,6,18,4,San Diego St.,.377,.441,.263,.800,61,.442,.485,.368,.786,64
Kentucky,2026-02-09,18,6,22,2,Texas,.391,.375,.429,.579,53,.458,.559,.214,.773,64
Alcorn St.,2026-02-07,12,9,8,12,Ark-Pine Bluff,.444,.571,.211,.800,60,.377,.410,.318,.688,64
Jackson St.,2026-02-07,6,16,4,16,MVSU,.400,.439,.286,.696,64,.328,.386,.143,.714,50
Kennesaw St.,2026-02-07,10,11,11,10,Liberty,.429,.463,.333,.846,64,.440,.514,.231,1.000,58
Bryant,2026-02-07,16,7,12,11,Maine,.377,.444,.188,.538,56,.339,.425,.125,.774,64
Portland St.,2026-02-07,5,17,11,12,Sacramento St.,.500,.535,.286,.750,64,.397,.436,.316,.714,62
Morehead St.,2026-02-07,15,9,12,10,UT Martin,.380,.450,.333,.714,58,.521,.500,.556,.667,64
Northeastern,2026-02-06,6,13,12,10,Stony Brook,.383,.417,.250,.600,55,.415,.484,.318,.765,64
Alabama,2026-02-05,19,4,19,4,Ole Miss,.383,.366,.421,.833,64,.373,.400,.222,.630,63
Long Beach State,2026-02-05,3,18,15,6,UC San Diego,.379,.472,.227,.400,53,.333,.410,.083,.853,64
New Orleans,2026-02-05,1,20,4,16,TAMUCC,.364,.413,.250,.733,64,.328,.455,.160,.762,58
Central Ark.,2026-02-04,11,10,8,13,Queens (NC),.410,.500,.280,.778,64,.283,.343,.167,.429,39
Creighton,2026-02-04,10,12,12,10,Georgetown,.464,.484,.440,.333,64,.397,.425,.348,.667,62
East Carolina,2026-02-04,16,7,13,9,South Fla.,.312,.328,.263,.786,64,.451,.474,.385,.786,62
Lamar,2026-01-31,13,6,17,4,McNeese,.375,.567,.056,.682,52,.415,.447,.333,.652,64
Colorado St.,2026-01-31,17,5,14,7,UNLV,.295,.282,.318,1.000,51,.521,.581,.412,.583,64
Columbia,2026-01-31,14,5,12,7,Penn,.323,.452,.206,.545,55,.404,.447,.316,.800,64
Portland,2026-01-31,12,10,8,15,San Diego,.413,.522,.118,.833,64,.373,.333,.471,.583,59
Montana,2026-01-31,7,13,10,11,Sacramento St.,.355,.524,.268,.500,57,.434,.429,.444,.714,64
Morehead St.,2026-01-29,12,9,10,10,SIU Edwardsville,.377,.425,.286,.750,64,.447,.480,.409,.818,60
Army,2026-01-28,15,4,10,8,Lehigh,.412,.471,.294,.810,64,.447,.514,.250,.667,55
George Washington,2026-01-28,11,11,11,11,Saint Louis,.411,.425,.375,.750,64,.490,.561,.200,.556,62
IU Indy,2026-01-28,8,11,7,13,Oakland,.373,.457,.250,.611,61,.447,.486,.333,.600,64
Butler,2026-01-25,9,11,12,7,Marquette,.455,.633,.240,.800,60,.510,.513,.500,.857,64
Central Mich.,2026-01-24,11,6,5,12,Western Mich.,.411,.435,.300,.714,64,.288,.217,.345,.500,44
Fla. Atlantic,2026-01-24,8,11,12,8,South Fla.,.404,.343,.500,.778,64,.415,.452,.273,.727,63
Cal St Northridge,2026-01-24,6,11,9,9,Hawaii,.358,.481,.231,.688,55,.288,.333,.241,.920,64
Penn,2026-01-24,11,6,5,12,Yale,.421,.459,.350,.563,64,.245,.237,.273,.667,37
Radford,2026-01-23,12,9,8,12,UNCA,.415,.563,.190,.842,64,.351,.381,.267,.889,52
Cal St Bakersfield,2026-01-22,6,12,8,9,Hawaii,.254,.227,.316,.824,52,.426,.515,.286,.750,64
Coppin St.,2026-01-22,4,16,13,7,Howard,.273,.306,.211,.850,51,.444,.459,.375,.840,64
Southern Utah,2026-01-22,11,7,9,8,Utah Valley,.465,.577,.294,.864,64,.391,.429,.267,.750,60
Army,2026-01-21,14,3,5,12,Bucknell,.442,.529,.278,.929,64,.444,.559,.091,.600,44
Denver,2026-01-21,7,11,6,13,UMKC,.400,.447,.278,.636,64,.396,.429,.273,.500,54
La Salle,2026-01-21,10,8,7,11,Loyola (IL),.414,.465,.267,.667,60,.479,.548,.353,.632,64
Northern Ill.,2026-01-21,3,14,5,11,Western Mich.,.468,.500,.400,.560,64,.444,.536,.294,.733,56
Brown,2026-01-17,10,4,7,8,Cornell,.456,.531,.360,.600,64,.314,.406,.158,.867,48
Binghamton,2026-01-17,12,5,7,9,UMBC,.400,.512,.071,.765,58,.438,.474,.300,.731,64
Bethune-Cookman,2026-01-17,3,14,3,13,MVSU,.290,.356,.118,.708,55,.360,.346,.375,.613,64
Presbyterian,2026-01-17,2,15,6,12,UNCA,.354,.419,.235,.600,53,.400,.394,.417,.697,64
Rider,2026-01-17,3,13,7,9,Sacred Heart,.446,.529,.318,.700,64,.313,.294,.357,.792,54
SE Missouri St,2026-01-17,5,11,8,9,SIU Edwardsville,.468,.548,.313,.652,64,.385,.444,.320,.889,56
Tarleton St.,2026-01-17,8,8,6,9,Utah Tech,.410,.396,.462,.667,64,.365,.371,.357,.500,60
Charlotte,2026-01-17,8,9,11,5,Tulsa,.344,.436,.182,.636,53,.479,.600,.278,.722,64
SIU Edwardsville,2026-01-15,8,8,7,8,UT Martin,.390,.472,.261,.375,55,.423,.463,.273,.895,64
UTA,2026-01-15,6,10,6,8,Utah Tech,.436,.447,.412,.563,64,.417,.500,.300,.667,56
Maine,2026-01-15,8,9,13,5,Vermont,.412,.516,.250,.667,53,.472,.487,.429,.800,64
Marquette,2026-01-14,11,5,11,5,Seton Hall,.411,.457,.333,.889,61,.313,.325,.292,.944,64
Army,2026-01-10,11,3,4,10,Boston U.,.431,.448,.409,.733,64,.564,.621,.400,.750,57
Central Ark.,2026-01-10,9,6,12,4,Eastern Ky.,.317,.410,.167,.625,54,.345,.303,.400,.824,64
Gardner-Webb,2026-01-10,4,12,5,12,USC Upstate,.397,.531,.258,1.000,64,.393,.394,.391,.889,61
Colgate,2026-01-10,5,9,7,7,Lehigh,.327,.316,.364,.692,45,.463,.514,.353,.727,64
North Florida,2026-01-10,5,9,7,7,Queens (NC),.442,.444,.438,.846,64,.364,.452,.250,.385,51
Abilene Christ.,2026-01-08,10,5,7,7,Tarleton St.,.436,.581,.250,.833,64,.423,.457,.353,.529,59
Alabama,2026-01-08,15,1,15,1,Kentucky,.383,.432,.304,.733,64,.315,.313,.318,.625,51
Cal St Bakersfield,2026-01-08,5,9,4,9,UC Riverside,.242,.333,.087,.625,42,.353,.423,.280,.840,64
Morgan St.,2026-01-08,1,16,3,11,N.C. Central,.521,.568,.364,.833,64,.490,.629,.188,.625,63
New Orleans,2026-01-08,0,13,2,10,Southeastern LA,.369,.404,.278,.688,64,.379,.415,.320,.417,63
Buffalo,2026-01-07,2,11,2,11,Northern Ill.,.377,.378,.375,.667,58,.418,.415,.429,.632,64
Georgia,2026-01-04,14,1,7,3,Texas A&M,.357,.411,.143,.480,64,.300,.333,.188,.688,56
Green Bay,2026-01-04,10,5,10,3,Robert Morris,.386,.447,.263,.833,64,.291,.316,.235,.636,43
Delaware,2026-01-04,6,7,4,9,New Mexico St.,.350,.421,.227,.625,57,.431,.469,.222,.545,64
Boston College,2026-01-04,4,12,7,9,Pitt,.349,.400,.286,1.000,61,.400,.382,.429,.733,64
Cal St Fullerton,2026-01-03,7,6,12,2,UC Irvine,.268,.360,.048,.480,51,.370,.440,.286,.706,64
Central Ark.,2026-01-03,8,5,5,7,Fla. Gulf Coast,.262,.324,.167,.682,51,.463,.538,.333,.724,64
Air Force,2026-01-03,7,6,8,5,UNLV,.311,.346,.227,.700,58,.489,.500,.462,.667,64
Southern U.,2026-01-03,5,7,5,8,Texas Southern,.367,.419,.235,.593,64,.333,.412,.143,.550,45
Denver,2026-01-01,6,7,3,10,North Dakota,.368,.449,.158,.733,64,.389,.615,.179,.833,57
Michigan,2026-01-01,11,1,11,2,Washington,.333,.370,.214,.529,52,.468,.515,.357,.714,64
East Texas A&M,2025-12-31,5,5,5,5,Lamar,.306,.343,.214,.652,48,.442,.514,.294,.591,64
Tulsa,2025-12-30,8,4,3,10,Wichita St.,.467,.500,.412,.652,64,.379,.385,.368,.583,58
Army,2025-12-29,8,2,10,5,Howard,.340,.467,.174,.889,64,.323,.396,.000,.667,56
Auburn,2025-12-29,10,3,2,9,Jackson St.,.449,.452,.444,.667,64,.321,.379,.250,.800,48
Northern Ill.,2025-12-29,2,9,6,7,St. Thomas,.319,.289,.444,.706,46,.355,.425,.227,.750,64
Alcorn St.,2025-12-28,3,7,12,2,Ole Miss,.315,.283,.500,.857,44,.362,.444,.091,.763,64
New Hampshire,2025-12-28,5,7,2,8,New Haven,.396,.467,.304,1.000,64,.381,.380,.385,1.000,59
Long Beach State,2025-12-22,0,10,4,5,Toledo,.291,.341,.143,.563,43,.472,.556,.294,.692,64
Oregon,2025-12-21,12,1,10,2,Stanford,.321,.381,.143,.714,53,.403,.418,.333,.600,64
Detroit Mercy,2025-12-20,3,6,7,5,Mercer,.404,.425,.333,.818,55,.344,.350,.333,.750,64
Liberty,2025-12-20,6,3,7,5,Oregon St.,.436,.439,.429,1.000,57,.451,.485,.389,.846,64
Bethune-Cookman,2025-12-20,2,9,6,4,William & Mary,.298,.387,.125,.710,52,.339,.378,.214,.778,64
Butler,2025-12-19,6,6,8,3,Xavier,.457,.538,.350,.682,64,.397,.500,.190,.571,58
Iona,2025-12-19,7,3,2,7,Sacred Heart,.296,.364,.185,.550,58,.413,.486,.111,.676,64
Bradley,2025-12-18,6,4,2,6,Southern Ill.,.417,.556,.208,.643,64,.295,.354,.077,.625,47
Miami (FL),2025-12-18,6,4,10,2,Wake Forest,.397,.500,.259,.875,64,.490,.588,.294,.667,61
Albany (NY),2025-12-18,9,2,10,0,Vanderbilt,.229,.259,.190,.643,35,.455,.514,.333,.571,64
Hampton,2025-12-13,6,3,7,5,Howard,.313,.345,.263,.806,60,.421,.447,.368,.692,64
UMKC,2025-12-13,2,7,5,3,Utah Valley,.431,.514,.214,.733,58,.421,.486,.300,.833,64
Kansas St.,2025-12-10,6,5,5,3,San Diego St.,.333,.333,.333,.579,53,.400,.448,.346,.733,64
North Texas-Dallas,2025-12-10,0,1,2,6,Texas St.,.241,.286,.158,.600,38,.397,.463,.143,.500,64
LIU,2025-12-09,4,4,6,3,Xavier,.302,.256,.400,.550,57,.377,.500,.258,.526,64
East Carolina,2025-12-07,4,5,3,4,Elon,.429,.600,.158,.679,64,.350,.471,.192,.545,53
Eastern Ill.,2025-12-07,1,7,4,5,Illinois St.,.315,.289,.375,1.000,46,.353,.435,.182,.750,64
Army,2025-12-06,6,2,7,0,Massachusetts,.417,.476,.370,.824,64,.433,.489,.267,.714,61
High Point,2025-12-05,8,1,2,7,South Carolina St.,.490,.618,.200,.565,64,.367,.385,.300,.714,44
Bucknell,2025-12-05,3,5,6,3,Vermont,.375,.375,.375,.789,48,.519,.600,.353,.800,64
Alabama A&M,2025-12-04,1,6,0,0,Tuskegee,.415,.444,.250,.692,64,.359,.321,.455,.846,44
Loyola (MD),2025-12-04,1,7,4,4,Towson,.338,.370,.182,.857,64,.328,.316,.346,.706,63
Kentucky,2025-12-03,8,1,5,2,Miami (FL),.436,.543,.250,.647,64,.320,.438,.111,.824,48
South Carolina St.,2025-12-03,2,6,2,5,UNCA,.344,.357,.318,.538,58,.407,.469,.318,.481,64
Davidson,2025-11-30,4,3,3,2,Ohio,.316,.500,.216,.870,64,.375,.333,.417,.684,59
Detroit Mercy,2025-11-30,1,4,3,3,Eastern Mich.,.415,.500,.200,.571,55,.439,.538,.222,.625,64
FIU,2025-11-30,2,3,3,4,Seattle,.329,.375,.227,.765,64,.382,.533,.200,.857,59
Holy Cross,2025-11-30,2,4,2,5,New Hampshire,.429,.479,.267,.667,64,.310,.400,.174,.625,45
Cal Lutheran,2025-11-29,0,0,0,5,UC Riverside,.315,.333,.278,.727,47,.373,.556,.087,.643,64
Tennessee St.,2025-11-29,1,5,1,4,William & Mary,.396,.472,.167,.520,53,.356,.452,.118,.833,64
Fresno St.,2025-11-28,3,3,1,4,New Mexico St.,.439,.462,.389,.700,64,.379,.396,.300,.333,49
Ill.-Chicago,2025-11-28,3,3,1,4,Maine,.436,.438,.429,.684,64,.345,.485,.136,.765,54
BYU,2025-11-27,6,0,5,1,Virginia Tech,.400,.395,.417,.652,64,.348,.400,.238,.692,60
Elon,2025-11-27,2,3,2,3,Tulane,.349,.344,.355,.600,61,.421,.579,.105,.737,64
Eastern Mich.,2025-11-26,2,3,4,1,Robert Morris,.357,.421,.222,.909,64,.327,.421,.118,.696,54
Alcorn St.,2025-11-25,2,4,4,2,Providence,.295,.333,.250,.667,33,.386,.419,.346,.846,64
Akron,2025-11-24,0,5,3,2,Xavier,.295,.367,.226,.824,57,.407,.512,.167,.867,64
Howard,2025-11-23,5,1,1,3,William & Mary,.385,.457,.235,.741,64,.345,.429,.200,.786,53
App. St.,2025-11-22,3,2,2,2,UNCA,.418,.556,.158,.536,64,.283,.344,.190,.545,40
Chattanooga,2025-11-22,2,4,1,4,Northern Ky.,.397,.432,.333,.733,64,.455,.538,.333,.762,62
Iowa,2025-11-22,5,0,4,0,Miami (FL),.435,.585,.143,.700,64,.386,.474,.211,.722,61
UT Martin,2025-11-22,1,3,3,0,UTEP,.387,.455,.222,.800,60,.329,.419,.185,.722,64
Colorado St.,2025-11-21,4,0,4,0,Oregon St.,.403,.477,.222,.909,64,.417,.387,.471,.714,58
Mercyhurst,2025-11-20,0,3,3,1,Youngstown St.,.333,.348,.318,.684,50,.457,.520,.381,.778,64
Buffalo,2025-11-19,1,3,4,0,St. Bonaventure,.361,.439,.200,.750,57,.442,.529,.278,.867,64
Duquesne,2025-11-18,4,0,3,0,Robert Morris,.417,.500,.188,.643,62,.389,.387,.391,.765,64
Idaho St.,2025-11-16,3,0,4,0,South Dakota,.345,.347,.333,.625,63,.323,.300,.364,.762,64
Albany (NY),2025-11-15,2,1,3,1,Rhode Island,.438,.412,.500,1.000,52,.460,.531,.333,.667,64
Illinois,2025-11-14,2,0,2,0,Oregon St.,.339,.300,.421,.688,59,.521,.553,.400,.833,64
Texas St.,2025-11-13,0,2,0,2,UTSA,.258,.286,.154,.583,41,.489,.500,.444,.636,64
Alabama St.,2025-11-13,1,2,1,1,West Ga.,.366,.418,.188,.462,61,.281,.325,.208,.657,64
East Tenn. St.,2025-11-12,0,2,1,1,Kennesaw St.,.385,.400,.353,.708,63,.471,.488,.400,.750,64
UTA,2025-11-11,0,2,1,1,Wyoming,.490,.417,.667,.667,64,.333,.390,.154,.667,44
Auburn,2025-11-10,2,0,0,2,UNCG,.457,.478,.435,.667,64,.391,.348,.435,.611,57
Denver,2025-11-09,0,2,0,1,Loyola Marymount,.389,.432,.294,.769,57,.414,.429,.375,.714,64
Northwestern,2025-11-09,1,0,2,0,SIU Edwardsville,.418,.429,.333,.696,64,.292,.306,.276,.417,51
Loyola (MD),2025-11-09,0,2,1,0,Virginia Tech,.339,.360,.167,.692,48,.396,.447,.267,.667,64
Bryant,2025-11-07,1,0,0,0,Cornell,.434,.472,.353,.632,64,.260,.250,.278,.538,38
Little Rock,2025-11-07,1,0,0,1,Memphis,.386,.408,.250,.640,62,.409,.442,.286,.375,64
Albany (NY),2025-11-07,1,0,1,0,Syracuse,.410,.522,.250,.643,45,.429,.478,.200,.636,64
Alabama,2025-11-06,1,0,1,0,McNeese,.488,.636,.316,.783,64,.297,.333,.100,.625,44
Quinnipiac,2025-11-06,1,0,1,0,Rutgers,.377,.379,.375,.429,55,.417,.471,.286,.541,64
UNLV,2025-11-05,0,0,0,1,Washington St.,.333,.370,.182,.828,64,.375,.472,.200,.833,51
San Francisco,2025-11-05,0,0,0,1,UNCG,.439,.488,.286,.833,64,.182,.143,.226,.900,40
Loyola Marymount,2025-11-05,0,0,1,0,Utah Valley,.440,.500,.333,.667,60,.431,.462,.368,.538,64
NJIT,2025-11-03,0,0,0,0,Sacred Heart,.403,.531,.267,.600,64,.313,.347,.200,.571,51
St. Mary's (TX),2025-11-03,0,0,0,0,UTRGV,.308,.344,.250,.529,46,.383,.457,.280,.733,64
UConn,2026-03-27 NCAA,36,0,28,7,UNC,.400,.489,.200,.700,63,.283,.342,.182,.571,42
Eastern Ky.,2026-03-22,25,8,19,11,Harvard,.237,.325,.053,.556,34,.379,.425,.308,.714,63
Bradley,2026-03-19,20,12,15,17,George Washington,.392,.423,.360,.733,60,.362,.419,.200,.900,63
Harvard,2026-03-14,18,10,25,3,Princeton,.389,.462,.200,.727,53,.489,.583,.111,.818,63
Nicholls St.,2026-03-10,15,15,22,9,Stephen F. Austin,.365,.383,.313,.643,60,.400,.485,.273,.722,63
MVSU,2026-03-09,7,22,2,27,Prairie View,.267,.250,.316,.773,63,.281,.333,.182,.818,49
Iona,2026-03-08,20,11,25,5,Quinnipiac,.434,.500,.333,.818,62,.353,.381,.308,.875,63
North Dakota St.,2026-03-07,27,3,16,15,St. Thomas,.460,.476,.375,.875,63,.447,.469,.400,.600,51
Seton Hall,2026-03-07,18,11,22,10,St. John's (NY),.453,.455,.450,.750,63,.511,.577,.421,.778,61
BYU,2026-03-06,22,10,27,4,TCU,.270,.343,.179,.778,46,.370,.412,.300,.944,63
Clemson,2026-03-05,20,10,19,10,Virginia,.420,.367,.500,.579,63,.328,.381,.211,.462,50
SIU Edwardsville,2026-03-04,15,15,13,16,UT Martin,.381,.484,.281,.667,63,.385,.429,.200,1.000,49
Austin Peay,2026-03-03,16,12,10,19,Lipscomb,.354,.452,.174,.619,63,.404,.444,.360,1.000,56
Ark-Pine Bluff,2026-03-03,12,14,11,17,Jackson St.,.370,.412,.300,.684,59,.426,.520,.318,.762,63
Charlotte,2026-03-03,13,16,26,3,Rice,.386,.444,.167,.769,56,.393,.420,.273,.857,63
Central Mich.,2026-02-28,17,10,13,14,Kent St.,.377,.452,.211,.857,56,.344,.425,.190,.850,63
Nevada,2026-02-28,9,19,20,9,New Mexico,.442,.550,.083,.750,56,.386,.474,.211,.938,63
NW St.,2026-02-28,15,13,5,22,TAMUCC,.400,.360,.433,.667,63,.278,.333,.190,.500,35
Campbell,2026-02-27,17,10,15,12,Towson,.440,.474,.333,.700,55,.375,.303,.478,.714,63
Jackson St.,2026-02-26,9,17,2,24,Prairie View,.362,.348,.417,.667,63,.431,.545,.222,.647,59
Auburn,2026-02-26,14,14,20,8,Kentucky,.386,.435,.182,.833,56,.462,.515,.368,.667,63
Houston Christian,2026-02-26,8,18,17,9,Lamar,.411,.426,.333,.579,60,.359,.413,.222,.542,63
Drexel,2026-02-22,16,8,13,11,William & Mary,.377,.429,.250,.667,63,.369,.341,.429,.500,61
Grand Canyon,2026-02-21,9,17,6,19,Utah St.,.435,.521,.143,.583,63,.354,.382,.286,.833,43
Bucknell,2026-02-21,10,16,17,9,Holy Cross,.378,.464,.235,.429,41,.431,.455,.389,.923,63
Kennesaw St.,2026-02-21,12,13,20,5,Louisiana Tech,.436,.512,.214,.800,59,.339,.371,.296,.813,63
Monmouth,2026-02-20,16,8,13,10,William & Mary,.444,.465,.364,.550,63,.414,.512,.176,.500,58
Binghamton,2026-02-19,17,8,17,9,Bryant,.565,.581,.533,.000,60,.423,.450,.333,.938,63
Saint Mary's,2026-02-19,15,12,20,7,Santa Clara,.424,.490,.100,.500,55,.333,.387,.289,1.000,63
La Salle,2026-02-18,14,11,23,2,Rhode Island,.462,.476,.400,.846,63,.383,.444,.200,.769,59
Cal Baptist,2026-02-18,17,9,11,12,Utah Valley,.414,.519,.323,.600,61,.458,.500,.357,.700,63
Memphis,2026-02-17,8,16,8,16,Tulane,.400,.550,.100,.471,58,.429,.459,.333,.739,63
Cal Poly,2026-02-14,3,21,16,7,UCSB,.373,.395,.308,.632,54,.404,.500,.321,.706,63
Furman,2026-02-14,15,10,13,12,UNCG,.414,.432,.357,.769,63,.371,.435,.188,.800,61
Cal St Northridge,2026-02-14,8,14,13,10,Hawaii,.386,.436,.278,.625,54,.438,.563,.188,.667,63
Maine,2026-02-14,14,11,15,10,NJIT,.231,.295,.095,.909,42,.421,.441,.391,.667,63
UNCA,2026-02-14,9,16,8,17,USC Upstate,.411,.512,.133,.577,63,.500,.467,.583,.571,57
Sacred Heart,2026-02-14,11,13,7,17,Saint Peter's,.413,.475,.304,1.000,63,.385,.379,.391,.857,61
Loyola (IL),2026-02-14,12,12,16,8,Saint Joseph's,.420,.474,.250,.417,50,.553,.595,.400,.778,63
Minnesota,2026-02-08,17,6,9,14,Rutgers,.344,.375,.286,.682,63,.412,.455,.333,.444,52
Northeastern,2026-02-08,6,14,12,10,Towson,.345,.348,.333,.688,55,.333,.356,.278,.727,63
Boise St.,2026-02-07,18,5,16,7,New Mexico,.442,.515,.316,.786,63,.250,.294,.182,1.000,35
UC Irvine,2026-02-07,18,4,16,5,UCSB,.348,.417,.267,.818,63,.283,.357,.200,.545,41
Cal,2026-02-05,13,10,10,13,Ga Tech,.397,.462,.263,.632,63,.423,.500,.250,.533,56
Iona,2026-02-05,14,9,10,12,Mt. St. Mary's,.397,.439,.294,.688,62,.426,.420,.455,.857,63
Lehigh,2026-02-04,10,10,9,12,Loyola (MD),.432,.500,.375,.889,63,.444,.410,.667,.692,62
Butler,2026-02-01,9,12,10,11,Xavier,.407,.538,.286,.636,59,.491,.541,.375,.625,63
Alabama A&M,2026-01-31,11,9,5,14,Florida A&M,.426,.432,.400,.760,63,.292,.324,.214,.655,50
Army,2026-01-31,16,4,12,8,Holy Cross,.333,.371,.273,.286,48,.500,.531,.444,.500,63
Houston Christian,2026-01-31,5,14,4,15,TAMUCC,.472,.545,.350,.500,63,.354,.464,.200,.571,50
Tarleton St.,2026-01-31,10,9,6,13,Utah Tech,.375,.366,.391,.462,63,.296,.471,.216,.455,45
NJIT,2026-01-31,13,8,18,5,Vermont,.431,.455,.357,.500,61,.458,.489,.357,.571,63
Campbell,2026-01-30,13,8,10,8,William & Mary,.358,.393,.320,.810,63,.375,.419,.294,.929,54
Central Ark.,2026-01-29,11,8,9,10,Fla. Gulf Coast,.328,.394,.240,.571,52,.444,.536,.294,.947,63
Houston Christian,2026-01-29,5,13,11,9,UTRGV,.286,.526,.133,.563,41,.490,.636,.222,.750,63
Central Conn St,2026-01-29,0,19,9,10,Wagner,.302,.357,.091,.917,44,.471,.531,.368,.889,63
American,2026-01-28,5,14,8,11,Loyola (MD),.304,.333,.273,.950,53,.509,.595,.231,.500,63
East Carolina,2026-01-27,15,6,4,16,Wichita St.,.380,.424,.294,.611,54,.390,.429,.200,.625,63
Liberty,2026-01-23,9,8,10,9,Middle Tenn.,.354,.360,.348,.706,54,.435,.478,.391,.667,63
Northeastern,2026-01-23,6,10,8,8,William & Mary,.396,.455,.267,.533,50,.426,.500,.300,.733,63
Morehead St.,2026-01-22,10,9,15,2,Western Ill.,.333,.351,.304,.889,63,.408,.455,.313,.667,53
North Ala.,2026-01-22,8,9,7,10,Queens (NC),.423,.441,.389,.750,63,.354,.383,.278,.643,60
SIU Edwardsville,2026-01-22,8,10,3,14,Tennessee St.,.400,.412,.385,.833,63,.273,.297,.222,.700,41
App. St.,2026-01-21,8,9,7,10,Texas St.,.404,.559,.111,.556,49,.407,.429,.333,.833,63
George Washington,2026-01-21,10,10,6,13,VCU,.438,.548,.235,.737,60,.464,.455,.500,1.000,63
Nebraska,2026-01-21,14,4,12,7,Wisconsin,.371,.472,.231,.615,60,.455,.514,.333,.778,63
Utah St.,2026-01-21,6,11,5,12,Wyoming,.339,.417,.217,.750,51,.531,.710,.222,.875,63
Iona,2026-01-19,11,7,3,14,Saint Peter's,.345,.389,.263,.824,57,.435,.400,.500,.833,63
Ill.-Chicago,2026-01-18,8,9,4,12,Southern Ill.,.413,.491,.000,.750,58,.500,.520,.250,.800,63
Ark-Pine Bluff,2026-01-17,5,10,4,11,Florida A&M,.400,.364,.455,.450,63,.375,.415,.267,.778,53
American,2026-01-17,4,12,13,3,Army,.392,.517,.227,1.000,56,.407,.548,.217,.560,63
Coastal Caro.,2026-01-17,8,10,9,7,South Ala.,.339,.364,.304,.667,63,.368,.421,.263,.667,59
Georgetown,2026-01-17,10,7,11,6,Marquette,.453,.500,.333,.667,63,.316,.389,.190,.824,54
Mercyhurst,2026-01-17,3,13,6,10,Stonehill,.491,.571,.333,.385,63,.439,.513,.278,1.000,58
Missouri St.,2026-01-17,12,5,6,11,New Mexico St.,.357,.404,.111,.714,56,.481,.512,.333,.833,63
Albany (NY),2026-01-15,11,5,11,5,Binghamton,.388,.367,.421,.789,61,.439,.559,.261,.700,63
Chicago St.,2026-01-15,2,15,4,11,New Haven,.488,.536,.400,.615,56,.357,.382,.318,.727,63
Fla. Gulf Coast,2026-01-15,8,7,10,5,West Ga.,.333,.429,.167,.800,56,.429,.409,.444,.692,63
Cincinnati,2026-01-14,6,11,9,7,UCF,.321,.351,.250,.781,63,.333,.386,.100,.786,59
Fairfield,2026-01-14,12,3,6,10,Marist,.389,.400,.375,.800,63,.367,.387,.333,.636,49
Milwaukee,2026-01-14,6,12,8,11,Northern Ky.,.364,.429,.296,.875,55,.279,.342,.174,.833,63
Kentucky,2026-01-11,15,2,14,2,Oklahoma,.338,.447,.185,.700,63,.358,.458,.105,.778,57
Minnesota,2026-01-11,11,4,10,5,USC,.369,.404,.278,.588,63,.440,.421,.452,.800,62
Colorado,2026-01-11,11,5,13,4,Oklahoma St.,.444,.512,.231,1.000,56,.377,.375,.381,.938,63
Fla. Gulf Coast,2026-01-10,7,7,5,9,Lipscomb,.424,.513,.250,.667,63,.381,.464,.214,.875,42
Jacksonville St.,2026-01-10,8,7,10,5,Missouri St.,.296,.378,.118,.591,47,.436,.468,.250,.765,63
Charleston So.,2026-01-10,4,12,9,8,Winthrop,.339,.387,.280,.692,54,.396,.400,.375,.750,63
Md.-East. Shore,2026-01-08,8,10,6,10,Norfolk St.,.315,.356,.143,.789,63,.317,.333,.278,.773,60
Butler,2026-01-07,7,8,8,6,Georgetown,.317,.304,.333,.875,46,.375,.421,.278,.800,63
Cal Poly,2026-01-03,2,11,1,11,Long Beach State,.407,.488,.154,.944,63,.298,.217,.375,.667,49
Charleston So.,2026-01-03,3,11,9,7,Radford,.396,.440,.357,.846,63,.393,.488,.200,.636,59
Lafayette,2026-01-03,4,8,5,7,Loyola (MD),.462,.464,.458,1.000,63,.378,.462,.263,.619,52
Miami (OH),2026-01-03,9,4,6,5,Toledo,.469,.469,.471,.750,63,.396,.433,.333,.846,55
Hampton,2026-01-02,6,6,5,8,Stony Brook,.441,.487,.350,.571,63,.305,.366,.167,.833,54
IU Indy,2026-01-02,5,8,4,11,Northern Ky.,.286,.412,.000,.727,44,.434,.613,.182,.591,63
Colgate,2025-12-31,4,7,4,7,Lafayette,.333,.378,.261,.895,63,.370,.419,.304,.625,57
Houston Christian,2025-12-31,4,6,8,4,McNeese,.325,.500,.182,.867,43,.448,.511,.231,.889,63
Oregon St.,2025-12-30,9,5,9,5,Saint Mary's,.396,.433,.333,.792,63,.397,.444,.231,.571,57
Morgan St.,2025-12-30,1,14,6,5,Towson,.387,.423,.200,.786,61,.370,.500,.250,.667,63
Columbia,2025-12-29,8,4,4,6,Fla. Gulf Coast,.362,.390,.321,.667,63,.362,.552,.056,.818,44
Nicholls St.,2025-12-29,5,4,1,8,TAMUCC,.276,.368,.100,.784,63,.320,.286,.400,.613,57
Coppin St.,2025-12-28,2,12,8,5,George Washington,.264,.250,.308,.586,49,.388,.412,.333,.952,63
Portland,2025-12-28,6,6,9,4,Saint Mary's,.429,.441,.409,.600,63,.397,.457,.235,.556,59
Arizona,2025-12-22,9,2,9,3,Utah,.373,.346,.571,.875,62,.394,.467,.238,.500,63
Fresno St.,2025-12-17,6,5,6,3,San Diego St.,.288,.289,.286,.750,53,.420,.424,.412,.778,63
Austin Peay,2025-12-14,4,2,2,7,Evansville,.339,.357,.294,.643,63,.291,.321,.259,.783,57
La Salle,2025-12-14,6,3,6,6,Md.-East. Shore,.356,.366,.333,.833,63,.356,.409,.200,.591,58
Maine,2025-12-14,3,8,5,3,Quinnipiac,.453,.500,.368,.727,63,.355,.367,.308,.778,55
San Diego,2025-12-14,4,7,2,6,UC Riverside,.442,.421,.500,.769,63,.295,.323,.267,.923,56
Sacred Heart,2025-12-14,2,6,8,3,Vermont,.348,.364,.308,.833,46,.453,.439,.500,.818,63
Texas A&M,2025-12-14,6,1,9,2,West Virginia,.341,.400,.214,.632,45,.414,.410,.421,.538,63
SFU,2025-12-14,0,8,7,3,Xavier,.385,.419,.333,1.000,51,.391,.442,.286,.700,63
Houston,2025-12-13,5,4,7,3,New Mexico,.228,.231,.222,.524,41,.382,.422,.304,.333,63
Providence,2025-12-13,6,5,3,4,Stonehill,.382,.429,.231,.667,63,.268,.281,.250,.750,51
Hofstra,2025-12-13,2,6,9,2,St. John's (NY),.367,.378,.333,.786,60,.354,.409,.308,.875,63
East Tenn. St.,2025-12-11,3,7,3,6,UNCA,.263,.256,.278,.737,63,.404,.436,.308,.700,53
Delaware,2025-12-10,5,2,5,5,George Washington,.408,.455,.313,.636,59,.393,.444,.300,.619,63
New Haven,2025-12-08,2,6,3,7,Yale,.283,.325,.200,.524,49,.448,.553,.250,.750,63
Lipscomb,2025-12-07,2,6,1,6,Tennessee St.,.362,.457,.217,.615,63,.328,.354,.231,.600,55
Howard,2025-12-07,7,3,6,3,Old Dominion,.411,.419,.385,.500,59,.407,.391,.500,.714,63
Cal Poly,2025-12-06,2,5,1,6,UC Riverside,.286,.241,.350,.733,46,.436,.593,.286,.700,63
McNeese,2025-12-06,5,3,4,5,Nevada,.443,.478,.333,.500,63,.340,.432,.125,.333,42
N.C. A&T,2025-12-06,3,4,3,6,Norfolk St.,.405,.464,.286,.706,50,.371,.452,.250,.800,63
Loyola Marymount,2025-12-05,3,3,3,3,Utah St.,.429,.467,.273,.500,63,.465,.600,.278,.684,58
Lipscomb,2025-12-04,2,5,2,4,UT Martin,.368,.407,.333,.615,60,.429,.500,.267,.708,63
Binghamton,2025-12-03,3,3,3,5,San Diego,.481,.559,.333,.538,63,.339,.425,.125,.882,55
Arizona,2025-12-03,6,0,1,5,Southern U.,.412,.474,.231,.706,57,.439,.500,.294,.800,63
App. St.,2025-12-01,5,2,2,7,Gardner-Webb,.489,.500,.476,.474,63,.352,.452,.217,.667,53
Cincinnati,2025-11-29,3,4,6,2,New Mexico,.381,.447,.188,.750,63,.313,.289,.364,.714,60
FDU,2025-11-29,4,3,2,3,Monmouth,.444,.448,.440,.500,63,.435,.488,.000,.714,50
Marist,2025-11-29,2,5,4,3,Miami (OH),.213,.200,.227,1.000,37,.414,.500,.353,.500,63
Santa Clara,2025-11-29,6,2,5,2,Vermont,.288,.341,.200,.533,51,.448,.550,.222,.636,63
Alabama,2025-11-26,6,0,5,1,Minnesota,.386,.355,.423,.889,63,.343,.340,.353,.667,58
American,2025-11-26,1,4,0,6,Yale,.322,.429,.167,.667,54,.366,.322,.583,1.000,63
Holy Cross,2025-11-25,2,3,5,0,Massachusetts,.286,.545,.074,.833,40,.407,.500,.188,.727,63
Iona,2025-11-24,2,2,1,4,Wagner,.333,.314,.385,.703,63,.357,.415,.200,.560,57
St. Thomas,2025-11-22,1,4,3,2,UC Irvine,.404,.452,.333,.857,55,.404,.432,.333,.941,63
Pitt,2025-11-22,3,2,4,0,Robert Morris,.355,.380,.250,.667,63,.375,.412,.318,1.000,54
Army,2025-11-20,3,1,2,3,New Hampshire,.500,.529,.438,.857,63,.340,.294,.462,1.000,44
Kansas,2025-11-19,4,0,4,0,Minnesota,.477,.519,.412,.824,63,.344,.415,.217,.800,57
Pitt,2025-11-16,2,1,0,0,Scranton,.441,.500,.267,.700,63,.409,.447,.357,.556,69
BYU,2025-11-15,3,0,3,0,Fresno St.,.414,.514,.261,.500,63,.302,.325,.231,.615,43
Middle Tenn.,2025-11-11,2,0,2,0,Tennessee Tech,.420,.500,.278,.583,54,.436,.472,.368,.800,63
Delaware St.,2025-11-10,1,1,1,0,Penn,.254,.240,.333,.889,41,.442,.500,.286,.813,63
Cal St Northridge,2025-11-08,1,0,1,1,San Diego,.359,.359,.360,.889,63,.304,.350,.188,.524,48
Maine,2025-11-07,0,0,1,0,Saint Joseph's,.348,.375,.308,.500,62,.434,.459,.375,.647,63
Coastal Caro.,2025-11-03,0,0,0,0,Miami (OH),.291,.346,.241,.609,53,.373,.455,.324,.700,63
North Dakota St.,2025-11-03,0,0,0,0,UNI,.339,.419,.250,.727,63,.308,.302,.333,.519,49
Fla. Gulf Coast,2026-03-23,16,15,15,17,Loyola (IL),.396,.516,.227,.600,56,.370,.467,.250,.800,62
Kansas,2026-03-22,20,13,29,5,Rice,.375,.361,.417,.700,62,.311,.419,.200,.917,55
TCU,2026-03-22 NCAA,30,5,22,10,Washington,.433,.537,.211,.667,62,.355,.378,.320,.700,59
Ohio,2026-03-19,18,13,16,14,UMBC,.339,.407,.276,.545,58,.303,.357,.208,.548,62
Portland,2026-03-19,18,14,18,12,Sam Houston,.455,.714,.185,.636,62,.358,.387,.000,.647,59
Oregon St.,2026-03-19,23,11,13,17,Wisconsin,.404,.447,.316,.750,58,.491,.611,.263,1.000,62
South Fla.,2026-03-12,20,11,15,15,UTSA,.339,.383,.200,.600,51,.444,.478,.250,.667,62
Idaho St.,2026-03-09,19,10,14,17,Sacramento St.,.345,.409,.143,.688,53,.389,.400,.375,.846,62
Boise St.,2026-03-08,24,8,22,9,New Mexico,.393,.474,.261,.667,62,.368,.449,.158,.500,61
Seton Hall,2026-03-08,19,11,24,6,Villanova,.327,.389,.188,.579,48,.393,.576,.179,1.000,62
TCU,2026-03-08,29,4,26,6,West Virginia,.333,.414,.258,.833,53,.400,.425,.333,.867,62
Hofstra,2026-03-07,7,21,7,20,Northeastern,.431,.379,.500,.875,62,.333,.429,.176,.813,46
Merrimack,2026-03-07,18,11,15,14,Mt. St. Mary's,.348,.425,.231,.556,62,.284,.405,.133,.462,48
Baylor,2026-03-06,24,7,21,10,Colorado,.306,.390,.143,.571,53,.440,.459,.385,.619,62
Butler,2026-03-06,12,18,13,16,Georgetown,.422,.385,.474,.786,58,.368,.467,.174,.800,62
Dayton,2026-03-05,16,13,15,16,George Washington,.457,.615,.250,.600,62,.339,.375,.250,.667,54
East Tenn. St.,2026-03-05,17,12,14,15,UNCG,.356,.270,.500,.600,62,.350,.378,.304,.250,50
Ga Tech,2026-03-05,14,17,22,8,Virginia Tech,.370,.421,.250,.769,54,.362,.383,.318,.714,62
American,2026-03-04,6,22,15,12,Lehigh,.460,.531,.333,.714,62,.404,.516,.238,.813,60
Eastern Mich.,2026-03-04,12,15,15,12,Ohio,.329,.432,.154,.800,54,.328,.462,.237,.611,62
Butler,2026-03-01,11,18,18,10,Seton Hall,.469,.625,.320,.889,62,.359,.421,.269,.286,55
Elon,2026-03-01,14,13,16,12,Stony Brook,.500,.742,.000,.923,58,.432,.500,.385,.737,62
Harvard,2026-02-28,16,9,22,3,Princeton,.298,.333,.259,.615,49,.471,.550,.182,.667,62
Robert Morris,2026-02-28,17,11,10,20,Wright St.,.446,.487,.353,.667,62,.314,.176,.588,.571,50
Tulane,2026-02-28,10,17,7,21,Wichita St.,.471,.585,.000,.667,62,.340,.458,.231,.737,54
Brown,2026-02-27,15,8,8,16,Cornell,.380,.435,.333,.750,62,.327,.364,.263,.727,47
Central Ark.,2026-02-25,18,10,15,12,North Ala.,.354,.421,.259,.600,62,.348,.371,.273,.800,55
App. St.,2026-02-25,11,16,21,6,Ga. Southern,.375,.400,.250,.625,48,.460,.484,.421,.889,62
Iowa,2026-02-22,21,5,22,4,Michigan,.482,.561,.267,.667,62,.305,.302,.313,1.000,44
Ga Tech,2026-02-22,12,15,20,8,Virginia Tech,.288,.310,.200,.864,51,.284,.306,.222,.769,62
Alabama St.,2026-02-21,13,12,7,18,Florida A&M,.391,.420,.286,.500,62,.357,.378,.273,.593,59
Colorado St.,2026-02-21,20,7,9,16,Wyoming,.500,.615,.154,.727,62,.321,.343,.286,.600,48
North Florida,2026-02-21,8,18,9,17,Queens (NC),.455,.595,.167,.529,62,.323,.378,.200,.500,51
UTSA,2026-02-21,12,12,5,21,Wichita St.,.379,.444,.273,.846,61,.458,.533,.333,.600,62
Cal St Bakersfield,2026-02-19,7,17,8,17,UC Riverside,.339,.375,.263,.684,58,.390,.462,.250,.733,62
Fairfield,2026-02-19,22,4,7,18,Saint Peter's,.412,.500,.355,.692,62,.293,.370,.143,.500,30
Delaware,2026-02-19,12,13,15,9,FIU,.313,.500,.125,.429,36,.333,.345,.286,.706,62
Lamar,2026-02-19,15,9,12,12,Nicholls St.,.322,.325,.316,.783,62,.277,.357,.130,.765,52
Merrimack,2026-02-19,15,10,12,13,Sacred Heart,.370,.455,.238,.773,62,.440,.529,.250,.692,57
New Haven,2026-02-19,7,17,9,15,Stonehill,.382,.400,.333,.846,58,.472,.528,.353,.750,62
Georgetown,2026-02-18,12,13,20,8,St. John's (NY),.460,.517,.381,1.000,62,.451,.514,.313,.643,60
SE Missouri St,2026-02-17,8,17,13,12,UT Martin,.386,.351,.450,.563,62,.321,.289,.400,.706,52
Gardner-Webb,2026-02-14,9,16,3,21,Presbyterian,.477,.586,.267,.800,62,.441,.500,.333,.800,50
Arkansas St.,2026-02-14,20,6,21,6,Marshall,.257,.500,.140,1.000,54,.426,.556,.250,.850,62
NW St.,2026-02-14,11,12,4,19,Southeastern LA,.440,.600,.333,.727,62,.333,.357,.308,.750,47
SIU Edwardsville,2026-02-14,11,14,13,11,UT Martin,.390,.432,.318,.818,62,.408,.429,.357,.700,52
Fla. Gulf Coast,2026-02-14,12,12,15,9,Stetson,.347,.333,.364,.588,52,.367,.643,.125,.700,62
Eastern Mich.,2026-02-14,11,12,12,10,Toledo,.367,.475,.150,.500,51,.404,.440,.143,.833,62
Oakland,2026-02-14,8,17,8,18,Wright St.,.296,.303,.286,.750,44,.387,.410,.348,.400,62
Alcorn St.,2026-02-12,12,10,7,15,Florida A&M,.373,.462,.200,.824,62,.298,.292,.333,.619,50
Northern Colo.,2026-02-12,17,8,11,13,Sacramento St.,.364,.282,.563,.722,62,.400,.385,.417,.556,55
Quinnipiac,2026-02-12,20,4,11,12,Siena,.381,.413,.294,.818,62,.321,.400,.000,.667,40
Drexel,2026-02-08,14,7,14,7,Monmouth,.319,.321,.308,.706,60,.344,.395,.261,.737,62
Army,2026-02-07,17,5,8,14,Lafayette,.407,.378,.455,.667,62,.413,.367,.500,1.000,50
Bethune-Cookman,2026-02-07,4,19,2,19,Prairie View,.407,.458,.182,.667,62,.304,.407,.207,.750,52
Le Moyne,2026-02-07,6,18,2,20,SFU,.432,.577,.222,.909,62,.258,.306,.192,.929,50
Chattanooga,2026-02-05,15,5,14,8,Furman,.468,.455,.500,.786,62,.328,.372,.200,.650,54
Le Moyne,2026-02-05,5,18,10,11,Wagner,.381,.370,.400,.889,62,.327,.355,.278,.632,49
Lafayette,2026-02-04,8,13,14,6,Navy,.246,.324,.125,.722,46,.338,.415,.208,.619,62
Hampton,2026-02-01,9,11,7,12,N.C. A&T,.377,.425,.286,1.000,57,.442,.452,.400,.632,62
TCU,2026-02-01,20,2,20,3,Texas Tech,.426,.488,.278,.600,60,.323,.289,.375,.765,62
Boston U.,2026-01-31,7,13,6,14,Bucknell,.455,.636,.273,.556,51,.473,.567,.360,.333,62
Cal St Fullerton,2026-01-31,11,9,15,4,UCSB,.369,.412,.214,.846,62,.440,.600,.280,.692,60
Kennesaw St.,2026-01-31,10,9,12,6,Sam Houston,.422,.421,.429,.762,57,.288,.340,.083,.844,62
Providence,2026-01-31,10,12,16,7,St. John's (NY),.338,.420,.111,.900,57,.412,.515,.222,.842,62
Cornell,2026-01-30,7,11,12,6,Penn,.480,.485,.471,.600,62,.365,.429,.286,.667,58
Cal Poly,2026-01-29,3,16,6,13,Cal St Bakersfield,.412,.500,.091,.682,58,.322,.381,.176,.700,62
Idaho,2026-01-29,15,5,15,6,Northern Colo.,.434,.500,.294,.733,62,.317,.357,.222,.722,55
Mass.-Lowell,2026-01-29,6,14,7,13,New Hampshire,.309,.310,.308,.889,58,.354,.400,.100,.750,62
Eastern Ill.,2026-01-29,3,18,10,8,UT Martin,.375,.441,.214,.778,46,.429,.394,.500,.923,62
Davidson,2026-01-28,15,7,13,6,George Mason,.385,.520,.259,.500,51,.434,.455,.400,.533,62
Binghamton,2026-01-24,13,6,10,10,Maine,.407,.447,.313,.722,62,.449,.667,.240,.700,57
Lafayette,2026-01-24,7,11,9,8,Lehigh,.315,.300,.333,.857,48,.397,.429,.367,.833,62
Nevada,2026-01-24,7,12,13,6,UNLV,.386,.390,.375,.538,57,.429,.452,.357,.643,62
Southern Utah,2026-01-24,12,7,6,11,Utah Tech,.339,.370,.231,.792,62,.291,.286,.296,.692,49
East Tenn. St.,2026-01-22,7,11,3,15,Western Caro.,.417,.512,.176,.692,62,.383,.406,.333,.600,50
Idaho,2026-01-22,13,5,9,9,Sacramento St.,.277,.283,.263,.656,62,.323,.333,.313,.833,55
Mt. St. Mary's,2026-01-19,8,9,0,16,Niagara,.386,.450,.235,.583,62,.340,.375,.267,.481,49
Davidson,2026-01-18,13,6,10,7,La Salle,.458,.576,.200,.714,62,.385,.405,.333,.619,58
Hofstra,2026-01-18,3,13,5,10,Northeastern,.438,.538,.318,.611,60,.380,.444,.214,.875,62
Dayton,2026-01-18,9,8,9,10,Saint Louis,.361,.378,.313,.600,58,.339,.333,.353,.692,62
Jackson St.,2026-01-17,3,13,2,14,Prairie View,.362,.391,.304,.714,62,.286,.316,.222,.538,43
Cal St Northridge,2026-01-17,6,10,1,15,Long Beach State,.297,.342,.250,.727,61,.389,.419,.348,.667,62
Maryland,2026-01-15,16,2,10,6,USC,.391,.467,.250,.846,62,.284,.400,.156,.800,55
Butler,2026-01-14,7,10,9,9,Providence,.532,.548,.500,.667,62,.339,.444,.174,.615,52
Bucknell,2026-01-14,4,11,6,9,Lafayette,.270,.317,.182,.786,49,.411,.424,.391,.778,62
North Dakota,2026-01-14,4,13,12,5,South Dakota,.341,.483,.067,.667,39,.479,.500,.375,.929,62
Boise St.,2026-01-10,11,5,13,3,Colorado St.,.367,.415,.263,.813,62,.393,.444,.345,1.000,59
Albany (NY),2026-01-10,11,4,13,3,Bryant,.442,.513,.231,.667,55,.389,.432,.294,.789,62
Alabama St.,2026-01-10,5,9,2,12,Jackson St.,.375,.471,.143,.516,54,.431,.455,.389,.611,62
Marist,2026-01-10,5,10,3,12,Rider,.453,.433,.478,1.000,62,.295,.345,.250,.833,49
Howard,2026-01-10,12,6,9,10,Md.-East. Shore,.351,.400,.235,.480,56,.404,.429,.300,.895,62
Morgan St.,2026-01-10,2,16,4,13,South Carolina St.,.340,.364,.294,.714,59,.500,.645,.286,.571,62
Campbell,2026-01-09,8,7,6,8,Elon,.413,.440,.381,.727,62,.328,.340,.286,.667,52
Charleston,2026-01-09,10,3,8,5,William & Mary,.368,.435,.227,.500,62,.423,.484,.333,.818,60
McNeese,2026-01-08,10,4,7,5,Nicholls St.,.348,.340,.385,.846,62,.362,.389,.273,.700,51
George Mason,2026-01-07,8,6,10,4,La Salle,.434,.371,.556,.545,62,.353,.395,.231,.667,47
Gardner-Webb,2026-01-07,4,11,5,10,UNCA,.309,.370,.250,.833,51,.455,.526,.294,.700,62
Kansas,2026-01-07,11,4,11,4,Utah,.411,.500,.188,.714,59,.414,.500,.321,.500,62
Campbell,2026-01-04,7,7,7,4,Drexel,.457,.600,.286,.824,62,.321,.324,.316,.550,51
Stonehill,2026-01-04,4,8,5,7,Wagner,.404,.452,.313,.800,59,.472,.538,.286,.727,62
Manhattan,2026-01-03,1,11,4,9,Marist,.356,.438,.000,.789,57,.423,.450,.333,.737,62
Portland,2026-01-02,7,7,2,13,Washington St.,.410,.513,.227,.700,62,.367,.432,.167,.846,49
Milwaukee,2026-01-02,4,10,9,3,Robert Morris,.352,.400,.310,.556,52,.389,.459,.235,.762,62
Chicago St.,2026-01-02,1,12,4,7,Wagner,.400,.481,.231,.727,51,.511,.677,.143,.636,62
Cal St Fullerton,2026-01-01,6,6,10,1,UCSB,.356,.444,.105,.727,62,.500,.526,.478,.727,61
Charlotte,2025-12-31,6,7,6,7,Memphis,.348,.400,.188,.684,62,.323,.346,.231,.286,49
Davidson,2025-12-31,9,5,4,8,Loyola (IL),.442,.432,.467,.600,62,.380,.400,.300,.643,50
New Mexico,2025-12-31,9,4,4,7,Wyoming,.361,.368,.348,1.000,62,.360,.370,.348,.667,48
Air Force,2025-12-31,7,5,8,3,San Diego St.,.351,.425,.176,.727,51,.421,.500,.320,.545,62
Binghamton,2025-12-29,7,4,8,3,FDU,.375,.419,.231,.895,62,.323,.375,.227,.667,51
Bradley,2025-12-21,7,4,3,10,Northern Ky.,.381,.412,.345,.333,62,.348,.413,.200,.688,61
Houston Christian,2025-12-20,4,5,9,3,Rice,.288,.371,.118,.625,42,.355,.406,.300,.750,62
Alcorn St.,2025-12-18,3,6,9,3,Auburn,.367,.444,.273,.615,50,.448,.629,.174,.545,62
Louisiana,2025-12-17,0,9,3,6,Texas St.,.368,.378,.333,.450,55,.373,.367,.400,.609,62
Alabama,2025-12-14,10,0,2,6,Jackson St.,.442,.526,.214,.765,62,.345,.289,.538,1.000,51
Albany (NY),2025-12-13,8,2,3,6,Boston U.,.418,.444,.368,.692,62,.348,.481,.158,.786,46
Cal Poly,2025-12-13,2,6,5,4,Idaho St.,.425,.429,.417,.714,49,.423,.455,.368,.688,62
Grand Canyon,2025-12-07,1,7,6,4,Saint Mary's,.400,.414,.375,.857,54,.556,.550,.600,.692,62
Providence,2025-12-07,6,3,7,2,St. John's (NY),.392,.457,.250,.611,55,.489,.606,.214,.650,62
Gonzaga,2025-12-04,4,4,1,6,Grand Canyon,.490,.561,.125,.684,62,.361,.405,.263,.600,58
TAMUCC,2025-12-03,1,5,6,0,UTEP,.283,.355,.182,.625,44,.361,.378,.313,.619,62
Little Rock,2025-12-02,2,4,4,4,UTA,.351,.310,.467,.615,55,.423,.500,.000,.783,62
Bryant,2025-11-30,7,0,5,2,Providence,.375,.390,.333,.750,53,.371,.360,.417,.688,62
Cleveland St.,2025-11-29,6,1,5,4,Radford,.344,.410,.227,.682,62,.344,.441,.222,.846,59
Colorado St.,2025-11-29,7,0,7,1,Stanford,.453,.474,.400,.857,60,.451,.500,.308,.750,62
UNI,2025-11-28,2,3,3,3,UNLV,.400,.484,.292,.625,56,.344,.385,.280,.917,62
Abilene Christ.,2025-11-28,4,1,5,0,Northwestern,.357,.389,.300,.813,59,.417,.463,.316,.600,62
Georgia St.,2025-11-24,2,3,2,3,Stony Brook,.358,.387,.318,.630,62,.311,.378,.208,.667,61
La.-Monroe,2025-11-23,5,1,2,3,Lamar,.434,.429,.455,.688,62,.358,.429,.222,.556,47
Albany (NY),2025-11-22,3,2,5,0,St. Bonaventure,.442,.500,.333,.667,62,.396,.515,.133,.929,53
Canisius,2025-11-16,0,4,1,2,Cornell,.475,.636,.278,1.000,50,.524,.633,.250,.882,62
Baylor,2025-11-14,2,0,2,0,UNLV,.414,.463,.294,.900,62,.323,.372,.227,.636,54
Omaha,2025-11-12,1,1,1,0,Utah Tech,.258,.308,.174,.625,56,.338,.447,.185,.565,62
George Washington,2025-11-11,1,1,2,0,Howard,.412,.529,.176,.938,60,.382,.487,.125,.692,62
Saint Louis,2025-11-09,0,2,0,1,UNI,.323,.286,.400,.700,62,.328,.366,.261,.625,58
Fort Wayne,2025-11-07,0,1,1,0,Xavier,.381,.405,.346,.500,61,.414,.500,.250,.692,62
Arizona,2025-11-06,0,0,0,1,UC Riverside,.460,.514,.333,.688,62,.440,.519,.348,.700,59
Md.-East. Shore,2025-11-05,0,0,0,0,VCU,.353,.400,.250,.444,48,.360,.433,.250,.840,62
George Washington,2026-03-30,18,17,22,13,Illinois St.,.385,.405,.333,.615,53,.421,.395,.500,.462,61
Md.-East. Shore,2026-03-24,20,14,24,9,Youngstown St.,.273,.302,.167,.769,42,.436,.471,.381,.714,61
George Washington,2026-03-23,16,17,21,10,Southern Ind.,.415,.588,.292,.690,61,.373,.425,.263,.600,58
San Diego St.,2026-03-19,25,5,26,6,UC Irvine,.412,.441,.353,1.000,61,.351,.389,.286,1.000,55
Liberty,2026-03-13,18,12,25,5,Louisiana Tech,.373,.441,.235,.500,48,.425,.500,.313,.759,61
Maine,2026-03-13,19,12,26,7,Vermont,.288,.333,.188,.833,43,.462,.600,.176,.769,61
Army,2026-03-12,24,6,21,9,Holy Cross,.354,.355,.353,.625,55,.429,.364,.563,1.000,61
N.C. A&T,2026-03-12,12,17,16,13,William & Mary,.357,.412,.273,.800,58,.455,.595,.167,.667,61
Colorado St.,2026-03-08,24,7,13,18,Grand Canyon,.413,.516,.200,.870,61,.333,.412,.200,.826,59
Montana,2026-03-07,8,21,10,21,Northern Ariz.,.349,.500,.256,1.000,61,.317,.350,.250,.850,60
Rice,2026-03-07,27,3,13,15,UTSA,.297,.382,.200,.889,52,.510,.500,.556,.545,61
Hampton,2026-03-07,10,19,15,13,William & Mary,.368,.385,.355,.778,60,.390,.370,.462,.818,61
San Diego,2026-03-06,11,21,16,13,San Francisco,.317,.342,.273,.800,52,.338,.380,.200,.700,61
Denver,2026-03-06,11,18,22,8,South Dakota,.321,.406,.190,.857,50,.442,.486,.333,.833,61
FDU,2026-03-05,26,4,3,25,SFU,.349,.370,.333,.556,61,.294,.324,.214,.500,39
Loyola (IL),2026-03-05,13,16,16,14,St. Bonaventure,.490,.577,.391,.400,61,.393,.459,.263,.833,59
Fla. Atlantic,2026-03-03,12,16,11,17,Tulane,.368,.481,.267,.786,61,.347,.419,.222,.704,57
Montana,2026-03-02,8,20,21,9,Northern Colo.,.415,.520,.321,.857,59,.400,.462,.345,.636,61
Army,2026-02-28,21,6,10,17,Lafayette,.344,.436,.200,.800,61,.308,.316,.286,.857,42
Montana St.,2026-02-28,21,6,13,16,Sacramento St.,.423,.457,.353,.524,61,.375,.400,.333,.500,54
UC Riverside,2026-02-26,9,18,18,8,UCSB,.432,.464,.375,.867,57,.412,.448,.364,.733,61
George Washington,2026-02-25,14,15,15,13,St. Bonaventure,.426,.516,.304,.889,61,.304,.325,.250,.643,47
Arkansas St.,2026-02-24,22,7,23,5,Troy,.290,.333,.190,.769,54,.355,.386,.278,.600,61
Bowling Green,2026-02-21,14,12,14,10,Toledo,.397,.405,.381,.700,61,.364,.412,.286,1.000,52
East Tenn. St.,2026-02-21,14,12,3,23,Western Caro.,.449,.517,.350,.526,61,.341,.308,.389,.824,51
Saint Mary's,2026-02-21,15,13,15,11,San Francisco,.426,.457,.333,.600,60,.367,.515,.185,.545,61
Alabama St.,2026-02-19,12,12,6,20,Bethune-Cookman,.426,.364,.571,.684,61,.346,.359,.308,.741,60
Iona,2026-02-19,16,11,11,14,Siena,.358,.389,.294,.750,61,.407,.479,.091,.231,52
Army,2026-02-18,20,5,11,14,Loyola (MD),.423,.500,.300,.733,61,.400,.469,.231,.692,48
Duquesne,2026-02-18,9,16,17,8,Saint Joseph's,.310,.333,.280,.600,46,.370,.361,.389,.875,61
Charlotte,2026-02-14,11,13,8,15,Memphis,.379,.400,.273,.533,61,.313,.340,.214,.789,58
Fla. Atlantic,2026-02-14,11,13,16,8,Tulsa,.361,.386,.294,.500,61,.382,.432,.278,.471,55
New Hampshire,2026-02-14,8,16,11,12,UMBC,.370,.419,.267,.667,44,.423,.513,.154,.833,61
Cal St Bakersfield,2026-02-13,7,16,12,10,Hawaii,.309,.306,.316,.824,54,.386,.469,.167,.862,61
Morehead St.,2026-02-12,15,10,13,10,Tennessee Tech,.379,.389,.364,.545,58,.375,.393,.350,.900,61
Binghamton,2026-02-12,17,6,20,6,Vermont,.380,.400,.333,.818,52,.431,.467,.381,.750,61
Delaware,2026-02-07,11,11,11,11,Jacksonville St.,.411,.475,.250,.727,58,.365,.368,.360,.857,61
Mercer,2026-02-07,13,9,3,19,Western Caro.,.451,.563,.263,1.000,61,.304,.233,.438,.762,51
East Texas A&M,2026-02-07,10,10,11,10,NW St.,.453,.441,.474,.571,61,.328,.400,.222,.250,52
Alabama St.,2026-02-05,9,11,11,9,Southern U.,.481,.550,.250,.444,61,.347,.345,.353,.200,57
East Tenn. St.,2026-02-05,10,11,11,10,Wofford,.433,.511,.200,.750,61,.358,.333,.391,.833,57
Auburn,2026-02-05,13,10,13,11,Florida,.368,.386,.308,.875,53,.392,.425,.273,.643,61
Green Bay,2026-02-05,18,5,15,7,Robert Morris,.350,.316,.409,.769,61,.322,.324,.318,.722,58
Eastern Ky.,2026-02-04,19,4,8,13,Lipscomb,.345,.457,.174,.680,61,.380,.552,.143,.778,55
Ga. Southern,2026-02-04,16,5,10,11,Texas St.,.367,.517,.150,.759,61,.469,.500,.364,.636,57
Colorado,2026-02-04,15,7,18,5,West Virginia,.358,.386,.222,.789,55,.414,.425,.389,.545,61
Campbell,2026-02-03,14,8,17,3,Charleston,.350,.469,.214,.250,49,.379,.447,.250,.857,61
Alcorn St.,2026-02-02,10,9,6,14,Grambling,.400,.442,.294,.800,61,.319,.340,.263,.500,58
NC State,2026-02-02,15,6,17,5,UNC,.371,.429,.238,1.000,59,.426,.459,.353,.643,61
Chattanooga,2026-02-01,14,5,8,15,Samford,.431,.438,.421,.692,61,.278,.355,.174,1.000,40
Monmouth,2026-02-01,13,6,11,10,Stony Brook,.357,.472,.150,.615,51,.465,.536,.333,.640,61
Air Force,2026-01-31,8,12,10,12,Fresno St.,.393,.442,.278,.471,61,.353,.410,.167,.783,56
Brown,2026-01-31,12,6,11,8,Harvard,.375,.424,.304,.692,58,.387,.382,.393,.667,61
Grambling,2026-01-31,6,13,5,15,Jackson St.,.370,.462,.133,.565,55,.347,.364,.313,.815,61
Radford,2026-01-31,14,9,11,11,Winthrop,.386,.394,.375,.571,61,.361,.438,.077,.750,57
Fordham,2026-01-31,9,12,18,2,Rhode Island,.353,.421,.154,.750,47,.345,.342,.350,.824,61
Oregon St.,2026-01-29,15,6,8,14,San Diego,.438,.484,.353,.684,61,.288,.326,.188,.429,43
Cleveland St.,2026-01-25,15,6,13,7,Youngstown St.,.292,.323,.235,.500,38,.381,.417,.333,1.000,61
Alcorn St.,2026-01-24,8,9,5,12,Florida A&M,.407,.444,.333,.733,61,.321,.282,.412,.385,48
Chattanooga,2026-01-24,12,5,3,16,Western Caro.,.415,.500,.320,.600,61,.340,.387,.273,.769,52
New Haven,2026-01-24,5,13,2,16,SFU,.451,.485,.389,.800,61,.314,.333,.290,.500,60
Eastern Wash.,2026-01-24,10,9,9,10,Sacramento St.,.404,.486,.200,.600,54,.389,.405,.353,.929,61
Cal Poly,2026-01-22,3,14,13,3,UCSB,.298,.265,.348,.818,51,.412,.722,.242,.611,61
Delaware,2026-01-22,7,10,10,8,Middle Tenn.,.386,.361,.429,.800,61,.298,.419,.154,.769,48
Marshall,2026-01-22,15,5,11,7,Southern Miss.,.382,.400,.360,.455,61,.345,.406,.261,.571,52
TAMUCC,2026-01-22,3,13,9,9,UTRGV,.358,.361,.353,.625,49,.339,.356,.294,.737,61
Chicago St.,2026-01-17,2,16,5,13,Le Moyne,.344,.415,.217,.857,61,.311,.366,.200,.813,55
IU Indy,2026-01-17,6,11,13,5,Youngstown St.,.404,.406,.400,1.000,61,.409,.440,.368,.500,52
Delaware St.,2026-01-17,3,15,2,17,Morgan St.,.480,.487,.455,.667,59,.389,.415,.308,.882,61
UNCG,2026-01-17,12,6,8,9,Wofford,.396,.500,.261,.786,59,.410,.455,.294,.750,61
Campbell,2026-01-16,10,7,5,9,Northeastern,.434,.500,.294,.588,61,.375,.400,.308,.733,51
Hofstra,2026-01-16,3,12,8,9,Stony Brook,.317,.353,.167,.333,44,.511,.529,.462,.583,61
Louisiana Tech,2026-01-15,9,5,9,7,Middle Tenn.,.444,.500,.350,.600,61,.400,.440,.350,.455,48
Army,2026-01-14,12,3,9,6,Holy Cross,.357,.391,.200,.864,61,.327,.387,.238,.778,46
Baylor,2026-01-14,15,3,13,4,Utah,.387,.405,.360,.571,61,.262,.361,.120,.714,45
Bowling Green,2026-01-14,9,6,5,9,Western Mich.,.408,.440,.375,.600,61,.347,.393,.286,.933,54
Cal,2026-01-11,9,8,12,5,Wake Forest,.400,.429,.364,.565,61,.386,.429,.267,.667,52
Duquesne,2026-01-11,7,8,5,11,VCU,.333,.391,.290,.643,54,.340,.306,.412,.818,61
Chattanooga,2026-01-10,9,5,9,7,Furman,.460,.529,.313,.833,61,.276,.289,.250,.412,44
Cornell,2026-01-10,5,8,9,5,Dartmouth,.418,.455,.364,.875,61,.389,.500,.167,.700,52
East Tenn. St.,2026-01-10,7,9,6,9,Wofford,.344,.375,.286,.750,57,.333,.359,.286,.938,61
Chattanooga,2026-01-08,8,5,6,8,Wofford,.348,.400,.269,1.000,61,.340,.371,.267,1.000,42
La.-Monroe,2026-01-08,7,7,1,13,Louisiana,.323,.348,.250,.654,61,.316,.306,.375,.632,51
Northern Ky.,2026-01-08,6,11,11,4,Youngstown St.,.393,.500,.190,.692,61,.271,.419,.107,.737,49
Rider,2026-01-08,2,12,6,7,Siena,.348,.409,.227,.526,61,.309,.350,.250,.667,59
Bethune-Cookman,2026-01-08,3,11,6,7,Southern U.,.405,.419,.364,.750,50,.400,.404,.385,.571,61
NW St.,2026-01-08,7,6,6,8,UTRGV,.321,.314,.333,.857,55,.377,.457,.222,.810,61
Ga Tech,2026-01-08,7,9,12,3,Virginia,.279,.326,.167,.846,59,.383,.383,.385,.500,61
Monmouth,2026-01-04,8,4,5,7,N.C. A&T,.420,.429,.400,.619,61,.364,.444,.235,.704,55
Idaho St.,2026-01-01,7,4,6,7,Sacramento St.,.463,.476,.417,.750,61,.286,.375,.167,.588,46
La.-Monroe,2026-01-01,6,6,7,5,South Ala.,.393,.438,.231,.833,61,.262,.276,.250,.571,44
Grambling,2026-01-01,3,10,4,8,Texas Southern,.357,.421,.222,.636,58,.292,.348,.158,.769,61
Colorado St.,2025-12-31,11,2,2,10,Grand Canyon,.377,.400,.313,.833,61,.288,.406,.100,.938,47
Omaha,2025-12-31,2,13,3,10,UMKC,.385,.407,.360,.667,59,.431,.537,.176,.571,61
Oakland,2025-12-29,3,9,9,2,Robert Morris,.381,.485,.267,.500,61,.373,.412,.320,.857,58
Dartmouth,2025-12-28,8,3,10,4,Vermont,.404,.514,.176,.875,59,.418,.472,.316,.750,61
Rider,2025-12-21,2,8,3,7,Sacred Heart,.533,.625,.308,.583,59,.367,.370,.357,.706,61
Sacramento St.,2025-12-21,6,6,1,10,San Jose St.,.389,.467,.292,.500,56,.426,.444,.389,.667,61
Cal,2025-12-21,8,4,8,3,USC,.360,.436,.091,.667,57,.348,.340,.368,.667,61
Baylor,2025-12-21,11,2,13,0,Texas Tech,.368,.417,.286,.667,60,.386,.514,.182,.765,61
Air Force,2025-12-20,6,5,4,7,Nevada,.407,.366,.500,.500,61,.260,.323,.158,.800,45
Canisius,2025-12-19,2,7,1,8,Saint Peter's,.340,.375,.278,.769,49,.362,.395,.300,.650,61
Colorado St.,2025-12-17,9,2,4,6,Nevada,.414,.436,.368,.857,61,.413,.412,.417,.455,48
Grand Canyon,2025-12-17,1,9,5,5,UNLV,.403,.514,.240,1.000,60,.500,.548,.300,.667,61
N.C. Central,2025-12-17,1,9,5,4,Queens (NC),.362,.362,.364,.583,61,.264,.267,.261,.810,51
Sacramento St.,2025-12-17,6,5,6,4,San Francisco,.365,.378,.333,.800,55,.362,.388,.300,.833,61
UC Riverside,2025-12-17,2,7,8,3,Utah,.351,.406,.280,.714,52,.462,.625,.200,.429,61
Hawaii,2025-12-12,4,5,0,0,Hawaii Hilo,.481,.526,.357,.667,61,.254,.167,.391,.667,47
Dartmouth,2025-12-11,5,2,8,3,NJIT,.358,.326,.429,.667,61,.441,.488,.333,.500,60
Ill.-Chicago,2025-12-07,4,5,0,8,Valparaiso,.381,.467,.167,.714,61,.298,.333,.238,.385,44
Kansas St.,2025-12-07,5,5,8,0,Ole Miss,.383,.375,.400,.905,61,.319,.436,.167,.688,60
Louisiana,2025-12-07,0,8,3,5,Morehead St.,.327,.368,.235,.875,54,.408,.536,.238,.762,61
NC State,2025-12-07,5,4,5,1,Seton Hall,.359,.436,.240,.692,61,.323,.400,.200,.667,53
Providence,2025-12-04,6,2,4,3,Xavier,.317,.395,.150,1.000,47,.442,.457,.412,.727,61
Harvard,2025-12-03,4,5,3,4,Holy Cross,.344,.441,.222,.867,61,.405,.556,.133,.833,46
Oakland,2025-12-03,3,4,4,5,Wright St.,.367,.368,.364,.714,57,.383,.372,.412,.727,61
Bryant,2025-12-03,7,1,1,7,Yale,.273,.267,.286,.600,48,.490,.489,.500,.846,61
Fresno St.,2025-11-29,4,3,0,6,Louisiana,.453,.487,.357,1.000,61,.333,.378,.182,.700,48
Brown,2025-11-28,4,2,3,3,Bucknell,.379,.413,.300,.714,61,.328,.405,.190,.800,50
Bethune-Cookman,2025-11-28,1,4,1,4,North Florida,.361,.347,.417,.571,57,.426,.571,.269,.727,61
DePaul,2025-11-26,2,4,1,5,Loyola (IL),.351,.381,.267,.625,49,.458,.513,.222,.625,61
UTA,2025-11-25,3,4,3,3,VCU,.489,.556,.273,.800,61,.246,.289,.174,.556,39
Texas A&M,2025-11-24,4,0,2,4,UTA,.317,.425,.100,.625,60,.390,.404,.333,.647,61
Bucknell,2025-11-22,1,3,1,2,Hofstra,.392,.478,.321,.632,61,.391,.444,.200,.607,55
Boston College,2025-11-22,3,3,4,0,Massachusetts,.322,.350,.263,.900,52,.324,.366,.259,.667,61
DePaul,2025-11-22,2,3,4,1,Northern Colo.,.386,.395,.357,.524,60,.480,.606,.235,.643,61
Canisius,2025-11-21,0,5,2,2,Dayton,.389,.459,.235,.667,52,.404,.476,.200,.706,61
Notre Dame,2025-11-21,3,1,3,1,USC,.417,.513,.238,.600,61,.460,.500,.400,.714,59
Syracuse,2025-11-21,4,0,3,1,Utah,.324,.327,.316,.643,61,.365,.467,.227,.750,49
East Tenn. St.,2025-11-20,1,3,3,1,Tennessee Tech,.315,.389,.167,.750,52,.380,.447,.167,.840,61
Lamar,2025-11-19,1,3,0,1,St. Mary's (TX),.357,.385,.294,.667,61,.308,.409,.176,.429,30
Fresno St.,2025-11-19,3,1,3,0,Washington,.346,.356,.286,.500,43,.393,.410,.353,.688,61
Kennesaw St.,2025-11-15,2,1,3,0,Tennessee Tech,.453,.489,.167,.444,61,.304,.325,.250,.880,60
George Mason,2025-11-14,2,1,1,1,Georgetown,.356,.418,.167,.600,61,.383,.457,.143,.667,54
UMBC,2025-11-13,1,1,2,0,Virginia,.362,.242,.643,.692,61,.322,.422,.000,.667,56
Idaho St.,2025-11-12,2,0,1,1,UC Irvine,.388,.392,.375,.500,61,.386,.370,.412,1.000,49
Boston U.,2025-11-11,0,2,1,1,Northeastern,.408,.394,.438,.778,61,.367,.342,.409,1.000,57
Gardner-Webb,2025-11-10,0,2,1,1,Mercer,.415,.459,.313,.389,56,.480,.529,.375,.875,61
Harvard,2025-11-07,0,0,1,0,St. John's (NY),.323,.370,.188,.818,61,.467,.516,.357,.529,56
Campbell,2025-11-06,0,1,0,1,Charlotte,.333,.464,.207,.750,50,.310,.319,.292,.714,61
Hawaii,2026-03-14,22,10,23,8,UC San Diego,.375,.438,.250,1.000,48,.362,.415,.188,.875,60
Md.-East. Shore,2026-03-13,19,13,17,13,Norfolk St.,.407,.422,.333,.500,51,.340,.313,.389,.826,60
Tarleton St.,2026-03-12,13,16,16,13,Utah Valley,.431,.459,.357,.733,60,.368,.415,.250,.647,57
Idaho,2026-03-11,28,5,25,6,Montana St.,.442,.500,.333,.533,60,.350,.353,.346,.750,57
Binghamton,2026-03-09,19,11,18,12,Maine,.440,.429,.467,.833,56,.357,.444,.200,.800,60
Cleveland St.,2026-03-09,24,8,23,8,Youngstown St.,.396,.459,.250,.900,55,.350,.375,.321,.643,60
Oregon St.,2026-03-08,21,10,18,13,Portland,.344,.373,.200,.667,60,.345,.351,.333,.500,50
Air Force,2026-03-07,13,17,10,19,Wyoming,.397,.460,.154,.615,60,.452,.593,.200,.857,53
George Mason,2026-03-07,22,8,26,6,Richmond,.371,.360,.417,.818,60,.333,.424,.208,.400,45
Clemson,2026-03-06,21,10,21,8,Duke,.353,.419,.250,.714,46,.387,.422,.294,.700,60
Minnesota,2026-03-06,22,7,25,6,Ohio St.,.426,.528,.222,.625,55,.406,.526,.231,.400,60
Central Conn St,2026-03-05,1,27,7,21,New Haven,.375,.417,.250,.727,60,.286,.324,.227,.722,50
Morehead St.,2026-03-05,18,13,13,17,SE Missouri St,.367,.447,.227,.600,55,.404,.400,.412,.789,60
Duquesne,2026-03-04,11,18,8,22,VCU,.322,.353,.280,.682,60,.305,.370,.250,.615,52
Presbyterian,2026-03-04,3,26,11,19,USC Upstate,.348,.393,.278,.524,48,.489,.583,.111,.714,60
North Texas,2026-03-03,17,12,7,22,Wichita St.,.320,.343,.267,.655,55,.392,.444,.267,.800,60
Kentucky,2026-03-01,21,8,28,2,South Carolina,.381,.380,.385,.375,56,.426,.488,.278,.429,60
UNCW,2026-03-01,6,20,13,13,William & Mary,.292,.258,.353,.700,41,.361,.372,.333,.714,60
Liberty,2026-02-28,15,12,8,18,Western Ky.,.400,.429,.364,.800,60,.333,.371,.280,.875,54
Merrimack,2026-02-28,17,11,1,27,Niagara,.456,.553,.263,.429,60,.254,.268,.227,.636,44
Harvard,2026-02-27,15,9,15,9,Penn,.453,.515,.350,1.000,60,.294,.267,.333,.818,46
Cal St Northridge,2026-02-26,9,16,23,4,UC Irvine,.356,.484,.214,.818,57,.266,.179,.333,.824,60
Albany (NY),2026-02-26,14,13,15,12,Maine,.464,.564,.235,.750,59,.417,.439,.368,.375,60
Bowling Green,2026-02-25,15,12,15,10,Ohio,.292,.424,.156,.708,60,.257,.324,.200,.588,56
UAB,2026-02-25,10,16,6,21,Wichita St.,.351,.484,.192,.750,54,.390,.487,.200,.769,60
Missouri St.,2026-02-24,16,11,16,9,Sam Houston,.442,.500,.222,.690,60,.349,.370,.222,.563,55
Cal St Bakersfield,2026-02-21,7,18,15,11,Cal St Fullerton,.322,.349,.250,.714,57,.377,.385,.333,.458,60
East Carolina,2026-02-21,20,7,23,3,Rice,.354,.404,.154,.667,58,.299,.292,.316,.933,60
Stony Brook,2026-02-20,14,11,6,18,UNCW,.324,.463,.111,.765,60,.463,.417,.529,.667,55
McNeese,2026-02-19,22,4,16,10,UTRGV,.357,.381,.286,1.000,60,.404,.412,.385,.667,53
UTA,2026-02-18,10,15,6,17,Utah Tech,.379,.417,.200,.800,58,.373,.379,.364,.700,60
High Point,2026-02-18,22,4,10,16,UNCA,.417,.548,.176,.773,60,.303,.326,.261,.692,55
Massachusetts,2026-02-18,18,5,13,10,Toledo,.286,.326,.200,.750,52,.422,.480,.350,.714,60
East Texas A&M,2026-02-16,12,11,12,12,NW St.,.277,.323,.188,.733,51,.400,.476,.154,.824,60
Hofstra,2026-02-15,4,19,9,14,N.C. A&T,.389,.382,.400,.714,60,.327,.400,.240,.529,51
Florida A&M,2026-02-14,7,16,7,17,Jackson St.,.368,.422,.167,.571,52,.368,.333,.467,.786,60
Northern Ariz.,2026-02-14,9,17,11,14,Sacramento St.,.396,.429,.333,.750,60,.365,.500,.207,.600,55
Prairie View,2026-02-14,2,21,12,11,Southern U.,.293,.359,.158,.800,45,.327,.372,.167,.733,60
Central Ark.,2026-02-12,14,10,21,4,Eastern Ky.,.373,.429,.292,.818,60,.289,.370,.167,.792,48
Furman,2026-02-12,14,10,3,20,Western Caro.,.392,.394,.389,.765,60,.358,.395,.267,.692,51
Manhattan,2026-02-12,5,18,0,23,Niagara,.358,.333,.455,.944,60,.295,.327,.167,.571,42
App. St.,2026-02-11,10,13,18,8,James Madison,.345,.343,.350,.533,53,.458,.543,.231,.684,60
Miami (OH),2026-02-10,19,4,7,14,Western Mich.,.352,.441,.200,.692,60,.353,.387,.300,.813,55
Central Ark.,2026-02-07,12,10,8,14,Lipscomb,.366,.444,.231,1.000,60,.385,.300,.474,.800,47
Chicago St.,2026-02-07,7,17,7,15,New Haven,.355,.413,.188,.565,60,.356,.444,.071,.824,57
FIU,2026-02-07,13,8,12,10,Middle Tenn.,.327,.394,.211,.786,60,.382,.406,.348,.727,58
Denver,2026-02-07,9,14,10,13,St. Thomas,.344,.381,.263,.900,56,.425,.421,.429,.850,60
UTA,2026-02-07,9,13,10,11,Utah Valley,.333,.357,.250,.656,60,.295,.368,.174,.864,59
New Hampshire,2026-02-07,8,14,19,6,Vermont,.220,.273,.118,.733,35,.414,.525,.167,.643,60
Jacksonville St.,2026-02-05,11,10,10,10,Liberty,.357,.333,.379,.667,55,.490,.455,.563,.600,60
Middle Tenn.,2026-02-05,12,9,13,8,Missouri St.,.362,.333,.412,.765,54,.412,.457,.313,.650,60
Charleston So.,2026-02-04,7,15,8,14,UNCA,.241,.243,.238,.714,48,.357,.349,.385,.625,60
Boston U.,2026-02-02,7,14,13,8,Holy Cross,.327,.448,.150,.550,46,.404,.528,.190,.625,60
Liberty,2026-02-01,9,10,13,7,Missouri St.,.451,.421,.538,.467,60,.327,.378,.200,.750,52
Fairfield,2026-01-31,17,4,11,10,Sacred Heart,.386,.533,.222,.714,60,.311,.364,.167,.765,43
Loyola (IL),2026-01-31,9,11,12,10,St. Bonaventure,.469,.500,.412,.636,60,.400,.500,.222,.889,52
Omaha,2026-01-31,2,21,6,15,UMKC,.365,.483,.265,.800,59,.388,.353,.467,.714,60
Fla. Gulf Coast,2026-01-31,10,10,9,10,North Ala.,.488,.640,.278,.571,55,.382,.455,.273,.667,60
Hampton,2026-01-30,8,11,5,14,UNCW,.407,.512,.125,.714,60,.340,.424,.200,.727,48
App. St.,2026-01-29,9,10,9,10,South Ala.,.422,.419,.429,.696,60,.306,.378,.200,.737,57
Little Rock,2026-01-29,9,10,3,16,Tennessee St.,.362,.348,.417,.722,60,.250,.231,.300,.750,54
Canisius,2026-01-29,3,16,7,14,Marist,.333,.381,.200,.545,53,.383,.419,.294,.643,60
Colgate,2026-01-28,5,14,11,8,Holy Cross,.296,.308,.263,.429,50,.317,.381,.167,.704,60
Fort Wayne,2026-01-27,13,8,14,6,Robert Morris,.458,.581,.125,.500,60,.328,.432,.059,.833,46
Army,2026-01-24,15,3,11,6,Navy,.274,.289,.235,.857,44,.434,.500,.267,.667,60
Furman,2026-01-22,11,8,12,6,Mercer,.339,.375,.214,.625,60,.283,.350,.150,.706,49
Louisiana Tech,2026-01-22,11,5,12,6,Missouri St.,.435,.471,.333,.800,60,.347,.372,.167,.762,51
Kentucky,2026-01-22,17,3,13,3,Tennessee,.383,.400,.353,.640,58,.343,.432,.233,.438,60
Boise St.,2026-01-21,14,5,10,9,Fresno St.,.333,.333,.333,.833,60,.323,.378,.240,.750,52
Davidson,2026-01-21,14,6,16,2,Rhode Island,.382,.375,.400,.714,53,.426,.432,.412,.700,60
Nevada,2026-01-21,7,11,2,17,San Jose St.,.344,.385,.280,.500,57,.385,.538,.231,.875,60
Grambling,2026-01-17,5,12,7,8,Southern U.,.262,.370,.000,.474,43,.400,.347,.636,.455,60
Albany (NY),2026-01-17,11,6,14,5,Vermont,.408,.500,.200,.545,49,.429,.485,.313,.722,60
Cal St Northridge,2026-01-15,6,9,10,5,UC San Diego,.327,.429,.208,.818,48,.350,.357,.333,.750,60
Jackson St.,2026-01-15,3,12,7,9,Texas Southern,.232,.250,.190,.714,46,.316,.314,.318,.810,60
Auburn,2026-01-11,11,6,12,6,Florida,.407,.444,.333,.588,60,.380,.424,.294,.538,50
Florida A&M,2026-01-10,2,11,7,7,Southern U.,.417,.474,.200,.818,60,.344,.405,.250,.474,57
Canisius,2026-01-10,2,12,9,7,Iona,.373,.444,.200,.714,51,.407,.452,.294,.778,60
East Texas A&M,2026-01-10,7,6,7,8,UTRGV,.375,.378,.368,.500,55,.367,.400,.267,.800,60
Pacific,2026-01-08,7,8,10,7,Saint Mary's,.352,.433,.250,1.000,55,.481,.523,.250,.615,60
Holy Cross,2026-01-07,8,5,6,7,Lehigh,.423,.432,.400,.500,57,.468,.517,.389,.643,60
Chicago St.,2026-01-04,1,13,6,6,LIU,.375,.475,.125,.700,51,.383,.442,.235,.588,60
Kansas St.,2026-01-04,8,7,12,2,West Virginia,.417,.438,.375,.667,58,.478,.594,.214,.813,60
Coppin St.,2026-01-03,2,13,3,12,Delaware St.,.288,.340,.158,.826,60,.333,.265,.471,1.000,59
Coastal Caro.,2026-01-03,7,8,9,4,Ga. Southern,.298,.282,.333,.667,50,.352,.448,.240,.889,60
Sacramento St.,2026-01-03,6,8,6,8,Weber St.,.436,.462,.375,.600,60,.286,.333,.188,.667,39
Kennesaw St.,2026-01-02,7,4,5,7,Middle Tenn.,.392,.405,.333,.444,47,.404,.533,.227,.867,60
Pepperdine,2026-01-02,9,5,9,6,Saint Mary's,.429,.533,.263,.722,60,.317,.327,.286,.800,52
N.C. A&T,2026-01-02,5,6,7,4,William & Mary,.300,.333,.238,.571,49,.463,.500,.400,.500,60
Manhattan,2026-01-01,0,11,3,9,Saint Peter's,.397,.488,.176,.688,60,.293,.394,.160,.412,45
Charleston So.,2025-12-31,2,11,5,9,USC Upstate,.370,.483,.240,.778,60,.323,.429,.185,.667,49
Merrimack,2025-12-29,3,7,6,5,Mt. St. Mary's,.303,.372,.174,.696,60,.328,.344,.310,.538,56
Lamar,2025-12-21,5,4,5,5,NW St.,.333,.385,.167,.778,57,.412,.419,.400,.588,60
FIU,2025-12-20,6,3,5,6,Fla. Atlantic,.292,.302,.273,.650,57,.396,.424,.350,.733,60
Queens (NC),2025-12-20,5,5,5,8,USC Upstate,.481,.487,.462,.286,60,.268,.382,.091,.600,35
Abilene Christ.,2025-12-19,6,4,2,7,Montana,.368,.581,.115,.652,60,.340,.406,.238,.700,48
Houston,2025-12-16,5,5,2,6,Montana,.349,.400,.222,.857,60,.354,.476,.259,.765,54
Detroit Mercy,2025-12-16,3,5,7,2,Robert Morris,.311,.325,.286,.667,52,.444,.533,.000,.800,60
Delaware St.,2025-12-13,3,8,6,3,Georgetown,.346,.462,.000,.714,46,.389,.432,.294,.813,60
Mercyhurst,2025-12-12,0,8,8,3,St. Bonaventure,.279,.172,.375,.786,57,.481,.500,.429,.333,60
Fresno St.,2025-12-10,5,4,7,4,Saint Mary's,.371,.375,.357,.667,57,.488,.500,.455,.813,60
Brewton-Parker,2025-12-09,0,0,3,5,Jacksonville St.,.214,.276,.148,.467,35,.329,.567,.150,.667,60
Loyola (MD),2025-12-09,2,7,4,5,UMBC,.415,.444,.357,.778,60,.388,.412,.333,.636,57
Memphis,2025-12-07,4,5,3,5,Middle Tenn.,.327,.351,.278,.625,51,.400,.533,.133,.759,60
Northern Ky.,2025-12-07,3,7,5,2,Robert Morris,.300,.341,.211,.900,58,.365,.421,.214,.760,60
Mass.-Lowell,2025-12-06,3,5,2,5,New Haven,.413,.333,.500,.786,60,.304,.333,.263,.667,43
Creighton,2025-12-04,2,4,7,1,St. John's (NY),.357,.391,.333,.750,60,.396,.548,.118,.800,52
Albany (NY),2025-12-03,6,2,2,4,Sacred Heart,.413,.296,.579,.688,60,.365,.366,.364,.750,57
East Tenn. St.,2025-11-30,2,6,1,6,Eastern Ill.,.400,.447,.294,.917,60,.367,.405,.278,1.000,54
Southern Ill.,2025-11-30,1,4,2,4,Western Ky.,.313,.349,.250,.571,52,.480,.536,.409,.600,60
Wake Forest,2025-11-23,5,0,2,3,Western Caro.,.407,.486,.292,.417,60,.323,.282,.391,,49
Cal St Bakersfield,2025-11-22,1,4,1,4,Wichita St.,.407,.450,.316,.400,60,.348,.424,.154,.750,55
Central Mich.,2025-11-22,3,1,0,4,Eastern Ill.,.344,.425,.190,.778,60,.352,.448,.240,.833,54
East Tenn. St.,2025-11-22,1,4,2,3,Memphis,.288,.341,.167,.773,54,.351,.372,.286,.533,60
Abilene Christ.,2025-11-19,3,1,3,0,North Texas,.370,.667,.179,.700,60,.340,.515,.050,.609,51
Colgate,2025-11-18,3,0,2,2,Cornell,.478,.727,.250,.769,60,.357,.382,.318,.538,54
Cal St Fullerton,2025-11-16,1,2,1,3,Denver,.317,.390,.158,.778,55,.392,.448,.318,.650,60
Bucknell,2025-11-16,1,2,2,1,Youngstown St.,.396,.483,.263,.769,53,.339,.387,.286,.750,60
Cal,2025-11-11,1,1,1,1,Pacific,.389,.500,.125,.727,60,.339,.324,.364,.667,52
Air Force,2025-11-10,1,1,1,0,Oregon St.,.277,.333,.174,.692,49,.512,.682,.333,.474,60
Adelphi,2025-11-03,0,0,0,0,Fordham,.367,.351,.417,.769,51,.451,.543,.250,.556,60
Abilene Christ.,2026-03-27,24,10,21,13,Illinois St.,.442,.500,.350,1.000,55,.412,.500,.263,.857,59
Army,2026-03-22,24,7,19,12,NJIT,.387,.458,.143,.692,59,.375,.364,.400,.833,52
Md.-East. Shore,2026-03-19,19,14,14,17,Wake Forest,.328,.306,.389,.889,59,.319,.458,.174,.933,48
Temple,2026-03-11,15,16,14,15,UTSA,.322,.349,.250,.643,51,.426,.450,.286,.773,59
Idaho,2026-03-10,27,5,15,17,Sacramento St.,.328,.366,.235,.895,59,.345,.342,.353,.700,51
Iona,2026-03-07,19,11,13,16,Siena,.368,.432,.154,.714,59,.310,.318,.286,.667,50
Iowa,2026-03-07,25,5,25,5,Michigan,.442,.436,.462,.778,59,.271,.316,.190,.545,42
Manhattan,2026-03-06,11,19,24,5,Quinnipiac,.308,.300,.333,.636,43,.385,.483,.261,.722,59
Long Beach State,2026-03-05,5,23,21,8,UC Davis,.453,.543,.278,.500,56,.404,.552,.250,.667,59
La Salle,2026-03-05,17,12,12,20,Saint Louis,.300,.294,.316,.846,59,.316,.341,.250,.733,51
Samford,2026-03-05,13,18,16,12,Wofford,.408,.387,.444,.611,59,.345,.417,.227,.750,57
Grand Canyon,2026-03-03,12,17,9,19,Wyoming,.339,.395,.250,.750,57,.434,.524,.091,.667,59
Campbell,2026-03-01,17,11,22,4,Charleston,.420,.481,.348,.600,59,.290,.362,.067,.769,57
DePaul,2026-03-01,7,23,13,15,Georgetown,.411,.421,.389,.545,59,.328,.360,.214,.643,54
Brown,2026-02-28,16,8,19,6,Columbia,.358,.417,.235,.875,56,.377,.385,.357,.933,59
Idaho St.,2026-02-28,18,9,9,20,Weber St.,.311,.348,.200,.947,59,.377,.387,.364,.429,54
North Dakota St.,2026-02-25,25,2,22,6,South Dakota St.,.313,.382,.143,.632,44,.479,.553,.200,.733,59
Seton Hall,2026-02-22,18,8,20,9,St. John's (NY),.323,.356,.250,.900,56,.431,.500,.316,.500,59
Grambling,2026-02-21,9,16,13,11,Southern U.,.286,.351,.083,.727,45,.321,.326,.308,.655,59
Tulsa,2026-02-20,16,9,10,15,UAB,.355,.444,.231,.600,59,.478,.567,.313,.750,55
TCU,2026-02-15,22,4,21,5,West Virginia,.500,.576,.353,.375,59,.340,.414,.250,.727,50
Cornell,2026-02-14,8,14,19,3,Princeton,.310,.360,.235,.667,38,.370,.405,.250,.889,59
Georgetown,2026-02-14,12,12,12,14,Providence,.357,.359,.353,.667,54,.379,.450,.222,.647,59
Houston Christian,2026-02-12,6,16,11,11,Nicholls St.,.306,.345,.250,.667,43,.377,.395,.333,.700,59
Milwaukee,2026-02-12,8,18,11,14,Northern Ky.,.361,.436,.227,.583,56,.310,.406,.192,.720,59
Central Ark.,2026-02-09,13,10,12,10,North Ala.,.400,.500,.286,.600,59,.357,.455,.217,.429,48
Cal Poly,2026-02-07,3,19,16,7,UC Davis,.375,.415,.267,.643,55,.358,.409,.323,.688,59
Hawaii,2026-02-07,12,9,16,6,UC San Diego,.380,.467,.250,.500,46,.407,.410,.400,.692,59
Southern Utah,2026-02-07,15,7,11,11,Tarleton St.,.339,.372,.250,.684,57,.354,.396,.167,.611,59
Hofstra,2026-02-06,3,17,13,7,Monmouth,.460,.500,.250,.750,54,.404,.486,.235,.650,59
Duke,2026-02-05,16,6,21,3,Louisville,.426,.514,.235,.900,59,.339,.356,.294,.611,58
Army,2026-02-04,16,5,6,15,Colgate,.380,.467,.250,.762,59,.289,.355,.143,.636,35
Davidson,2026-02-04,15,9,12,11,St. Bonaventure,.345,.591,.194,.600,50,.397,.459,.286,.700,59
Davidson,2026-02-01,15,8,14,6,Saint Joseph's,.345,.382,.286,.700,51,.447,.486,.333,.684,59
Bowling Green,2026-01-31,11,9,10,8,Toledo,.273,.294,.238,.875,49,.358,.429,.222,.680,59
Eastern Mich.,2026-01-31,10,9,5,13,Western Mich.,.455,.533,.286,.714,54,.379,.424,.320,.389,59
N.C. A&T,2026-01-30,7,11,11,8,Towson,.400,.442,.250,.455,57,.460,.500,.357,.571,59
Illinois St.,2026-01-29,11,9,10,9,UNI,.373,.367,.381,.813,59,.362,.412,.292,.600,55
Kent St.,2026-01-28,9,10,9,8,Toledo,.432,.500,.200,.722,53,.390,.439,.278,.800,59
LIU,2026-01-24,11,7,8,10,Wagner,.362,.395,.300,.600,54,.377,.415,.250,.615,59
Le Moyne,2026-01-22,5,14,7,10,Wagner,.291,.350,.133,.917,45,.359,.432,.200,.818,59
FDU,2026-01-17,14,4,10,6,LIU,.385,.429,.304,.333,59,.490,.528,.385,.833,58
Marist,2026-01-17,6,11,12,4,Quinnipiac,.346,.421,.143,.643,47,.368,.348,.455,.857,59
UTA,2026-01-17,7,10,9,7,Utah Valley,.400,.488,.083,.583,59,.281,.389,.095,.684,47
Hampton,2026-01-16,7,8,8,7,William & Mary,.385,.393,.375,.667,59,.339,.429,.118,.700,49
Alcorn St.,2026-01-15,5,9,2,13,Prairie View,.407,.500,.238,.600,59,.273,.333,.158,.476,43
McNeese,2026-01-15,12,4,2,12,TAMUCC,.339,.277,.533,.563,59,.349,.524,.182,.615,42
SFU,2026-01-15,1,14,5,10,Stonehill,.364,.435,.200,1.000,57,.371,.388,.308,.750,59
George Mason,2026-01-14,10,6,6,10,Loyola (IL),.364,.385,.313,.933,59,.390,.385,.400,.842,54
Duquesne,2026-01-14,7,9,9,9,George Washington,.286,.257,.357,.750,45,.457,.600,.286,.733,59
Georgetown,2026-01-13,9,7,14,4,St. John's (NY),.400,.417,.368,.571,59,.286,.526,.087,.800,34
George Mason,2026-01-11,9,6,9,8,George Washington,.328,.356,.250,.652,59,.444,.560,.182,.857,46
Abilene Christ.,2026-01-10,11,5,6,9,UTA,.346,.440,.259,.800,59,.548,.606,.333,.412,56
Idaho St.,2026-01-10,9,5,6,10,Northern Ariz.,.418,.462,.313,.727,59,.281,.359,.111,.800,46
North Texas,2026-01-10,8,7,6,9,Tulane,.354,.447,.111,.647,59,.351,.436,.167,.556,53
Toledo,2026-01-10,6,7,5,8,Western Mich.,.424,.535,.125,.778,59,.385,.472,.188,.429,46
Florida A&M,2026-01-08,1,11,4,11,Grambling,.300,.297,.308,.862,59,.340,.382,.263,.609,55
Marist,2026-01-08,5,9,6,7,Merrimack,.279,.279,.278,.818,57,.379,.447,.211,.833,59
Liberty,2026-01-08,8,5,8,4,Sam Houston,.333,.341,.313,.588,53,.375,.442,.154,.714,59
American,2026-01-07,3,10,5,8,Colgate,.361,.439,.200,.688,59,.391,.520,.053,.500,56
UNCA,2026-01-03,5,9,7,8,Winthrop,.383,.474,.227,.444,55,.412,.447,.308,.619,59
San Diego,2026-01-02,6,9,8,5,San Francisco,.348,.383,.263,.571,55,.429,.500,.333,.526,59
Binghamton,2025-12-30,8,4,9,3,Penn,.385,.371,.412,.583,54,.446,.550,.188,.600,59
Delaware St.,2025-12-21,3,10,3,7,Detroit Mercy,.304,.366,.133,.526,46,.388,.464,.286,.714,59
Harvard,2025-12-21,6,5,4,8,Maine,.354,.407,.091,.667,57,.434,.500,.333,.462,59
Austin Peay,2025-12-20,5,2,6,5,Ill.-Chicago,.415,.444,.353,.750,59,.354,.414,.263,.818,48
Idaho St.,2025-12-20,6,4,7,3,Utah Valley,.404,.462,.231,.700,59,.327,.316,.353,.667,56
Chattanooga,2025-12-19,6,5,4,6,Western Ky.,.386,.538,.258,1.000,59,.431,.533,.286,.571,58
Coppin St.,2025-12-19,2,10,5,5,Temple,.237,.333,.000,.688,39,.386,.444,.286,.500,59
East Tenn. St.,2025-12-18,4,8,3,9,Gardner-Webb,.302,.259,.346,.947,59,.269,.276,.261,.600,37
Eastern Ill.,2025-12-18,1,10,7,3,SIU Edwardsville,.265,.306,.158,.867,52,.345,.324,.389,.737,59
Loyola (IL),2025-12-15,2,7,3,6,Oakland,.344,.353,.308,.846,59,.400,.457,.267,.706,56
Alabama St.,2025-12-12,2,6,3,8,South Carolina St.,.397,.476,.188,.769,59,.300,.375,.150,.667,53
South Dakota St.,2025-12-10,8,2,4,4,UNI,.333,.313,.364,.789,59,.377,.436,.273,.714,57
Drexel,2025-12-07,5,3,4,4,Temple,.400,.475,.250,1.000,59,.396,.472,.235,.857,52
USC,2025-12-07,6,2,8,0,Washington,.383,.488,.118,.524,59,.269,.286,.240,.667,50
Cal St Bakersfield,2025-12-04,2,5,3,3,Cal St Northridge,.317,.349,.235,.750,57,.389,.375,.409,.615,59
Rhode Island,2025-12-03,6,2,6,1,Saint Joseph's,.375,.436,.235,1.000,59,.388,.457,.214,.733,52
Dartmouth,2025-12-02,3,1,2,4,Merrimack,.344,.421,.217,.526,57,.394,.435,.300,.200,59
Air Force,2025-11-29,3,4,4,4,Wright St.,.373,.432,.214,.783,59,.288,.324,.240,.643,49
Dayton,2025-11-29,3,3,6,1,Kansas,.373,.387,.350,.778,59,.397,.486,.261,1.000,58
Manhattan,2025-11-29,0,5,4,1,Navy,.370,.447,.188,.900,52,.400,.395,.409,.400,59
Arizona St.,2025-11-28,6,0,1,3,Little Rock,.472,.535,.200,.438,59,.271,.258,.294,.625,41
Chattanooga,2025-11-28,3,4,5,2,Sacramento St.,.370,.450,.143,.708,59,.370,.424,.286,.786,57
Colorado,2025-11-25,5,1,4,1,Texas A&M,.340,.412,.211,.600,46,.377,.429,.278,.824,59
Auburn,2025-11-24,6,0,2,2,UTSA,.397,.467,.222,.714,59,.292,.333,.167,.667,42
Cal Poly,2025-11-24,1,4,0,0,Chapman,.379,.474,.200,.579,59,.176,.217,.143,.563,31
Fla. Atlantic,2025-11-24,2,2,5,1,Florida,.311,.381,.158,.769,51,.364,.400,.000,.731,59
Utah Valley,2025-11-20,4,1,2,2,Weber St.,.298,.304,.273,.846,59,.400,.500,.250,.667,55
Illinois St.,2025-11-18,2,1,1,3,Loyola (IL),.375,.419,.231,.737,59,.274,.333,.174,.857,44
Johns Hopkins,2025-11-18,0,0,1,3,Morgan St.,.438,.476,.364,.786,75,.338,.396,.133,.786,59
FDU,2025-11-16,2,2,3,1,Rutgers,.327,.367,.280,.667,49,.365,.350,.417,.762,59
Lehigh,2025-11-15,1,2,3,0,Vermont,.380,.500,.125,.750,49,.404,.425,.353,.700,59
Loyola (MD),2025-11-11,0,3,1,2,Radford,.488,.517,.429,.667,50,.358,.476,.281,.632,59
Chattanooga,2025-11-09,1,1,1,1,Lipscomb,.359,.396,.250,.750,59,.380,.550,.267,.417,56
Jackson St.,2025-11-07,1,0,1,0,Tennessee Tech,.350,.426,.077,.588,53,.365,.438,.250,.667,59
Chicago St.,2025-11-05,0,1,0,1,Winthrop,.408,.438,.353,.765,59,.345,.439,.071,.517,54
Air Force,2025-11-03,0,0,0,0,Denver,.407,.429,.353,.625,59,.426,.447,.333,.875,50
UAB,2025-11-03,0,0,0,0,West Ala.,.321,.306,.353,1.000,59,.383,.391,.357,.550,62
Boise St.,2025-11-03,0,0,0,0,Eastern Ore.,.311,.386,.118,.760,59,.344,.410,.240,.333,51
Loyola (IL),2025-11-03,0,0,0,0,Milwaukee,.377,.452,.211,.500,59,.381,.520,.176,.690,55
Middle Tenn.,2025-11-03,0,0,0,0,Tennessee St.,.390,.426,.250,.588,59,.317,.354,.200,.476,53
FDU,2026-03-21 NCAA,30,4,26,6,Iowa,.300,.286,.313,1.000,48,.417,.543,.077,.586,58
Loyola (IL),2026-03-21,14,17,18,14,Norfolk St.,.313,.429,.172,.650,58,.352,.424,.238,.733,54
Charleston,2026-03-13,24,5,17,13,William & Mary,.309,.268,.370,.750,58,.451,.455,.444,.333,55
UC Riverside,2026-03-11,10,20,20,9,UCSB,.370,.480,.238,.704,58,.348,.464,.167,.947,53
South Fla.,2026-03-07,19,11,11,18,Tulane,.333,.348,.300,.727,58,.281,.295,.231,.875,49
Kansas St.,2026-03-05,16,16,25,6,Texas Tech,.345,.455,.200,.619,58,.286,.303,.261,.765,51
Arizona St.,2026-03-01,22,8,24,6,Texas Tech,.365,.429,.235,.750,51,.429,.571,.286,.889,58
Abilene Christ.,2026-02-28,20,8,14,12,Utah Valley,.469,.607,.286,.600,58,.486,.609,.286,.810,57
Kennesaw St.,2026-02-28,12,15,13,13,UTEP,.392,.432,.286,.824,58,.358,.395,.267,.882,57
Elon,2026-02-27,13,13,6,19,Hofstra,.370,.441,.250,.722,58,.365,.455,.158,.636,56
East Tenn. St.,2026-02-26,15,12,16,11,Mercer,.389,.410,.333,.733,58,.323,.372,.227,.800,51
Md.-East. Shore,2026-02-26,15,13,8,17,N.C. Central,.259,.271,.200,.743,58,.351,.383,.200,.565,55
SFU,2026-02-26,2,24,10,16,Stonehill,.382,.516,.208,.615,55,.391,.467,.250,.857,58
Davidson,2026-02-25,18,11,10,17,Fordham,.444,.533,.267,.778,58,.392,.395,.375,.600,49
Fla. Gulf Coast,2026-02-25,13,14,9,18,North Florida,.340,.323,.364,.778,58,.400,.545,.261,.867,55
Buffalo,2026-02-25,2,24,8,17,Western Mich.,.321,.366,.167,.500,43,.362,.381,.346,.882,58
Colgate,2026-02-22,6,20,11,15,Loyola (MD),.327,.400,.240,.538,49,.471,.487,.417,.417,58
Hawaii,2026-02-21,15,10,18,7,UCSB,.370,.371,.368,.917,58,.266,.304,.244,.667,52
Loyola (IL),2026-02-21,12,14,15,12,St. Bonaventure,.373,.429,.250,.571,58,.340,.375,.231,.762,55
LIU,2026-02-21,17,8,10,15,Mercyhurst,.350,.442,.118,.733,55,.340,.409,.290,.722,58
SFU,2026-02-21,2,23,11,14,Wagner,.254,.333,.154,.810,51,.350,.348,.357,.579,58
Jacksonville St.,2026-02-19,12,13,19,5,Louisiana Tech,.417,.542,.292,.714,57,.511,.553,.286,.588,58
American,2026-02-18,6,19,9,16,Bucknell,.280,.289,.250,.824,45,.386,.412,.348,1.000,58
San Jose St.,2026-02-18,3,23,6,18,Utah St.,.365,.419,.286,.609,58,.361,.576,.107,.818,56
Charlotte,2026-02-17,12,13,10,14,Temple,.262,.293,.200,.750,54,.388,.438,.294,.750,58
Jacksonville,2026-02-14,17,7,8,16,North Florida,.302,.340,.188,.944,58,.322,.382,.240,.667,52
Lamar,2026-02-14,14,9,4,19,TAMUCC,.345,.354,.300,.625,58,.367,.387,.333,.667,52
Butler,2026-02-14,9,16,19,8,St. John's (NY),.297,.362,.118,.700,47,.415,.462,.333,.826,58
Brown,2026-02-13,13,7,10,11,Dartmouth,.354,.341,.375,.375,58,.309,.250,.391,.571,51
Campbell,2026-02-13,15,9,4,18,Hofstra,.431,.441,.412,.636,58,.316,.317,.313,.600,47
Bethune-Cookman,2026-02-12,5,19,7,16,Jackson St.,.388,.371,.429,.933,58,.340,.400,.200,.591,50
Liberty,2026-02-12,11,11,10,12,UTEP,.479,.472,.500,.857,58,.321,.414,.208,.750,48
Utah Tech,2026-02-12,6,15,10,12,Utah Valley,.380,.471,.333,.667,55,.313,.343,.231,.926,58
Memphis,2026-02-10,8,14,9,14,UAB,.354,.383,.278,.625,56,.375,.370,.379,.714,58
Delaware St.,2026-02-09,4,18,5,15,N.C. Central,.302,.317,.250,.563,44,.321,.310,.357,.708,58
Cal St Northridge,2026-02-07,7,14,7,15,UC Riverside,.361,.444,.240,.500,58,.304,.294,.318,.667,53
East Tenn. St.,2026-02-07,11,11,14,9,Furman,.396,.394,.400,.824,58,.422,.484,.286,.722,55
Albany (NY),2026-02-07,12,11,6,17,Mass.-Lowell,.310,.378,.077,.615,45,.385,.481,.280,.786,58
N.C. Central,2026-02-07,5,14,10,12,Norfolk St.,.230,.238,.211,.520,45,.315,.394,.190,.667,58
Lamar,2026-02-07,14,7,15,8,Stephen F. Austin,.295,.273,.353,.577,57,.458,.563,.250,.833,58
North Dakota,2026-02-05,6,17,2,22,Omaha,.266,.345,.200,.765,54,.309,.371,.200,.714,58
American,2026-02-04,6,15,7,14,Bucknell,.296,.355,.217,.727,45,.429,.471,.333,.846,58
New Mexico,2026-02-04,15,7,8,13,Wyoming,.418,.556,.286,.571,58,.426,.600,.296,.500,51
Bradley,2026-02-01,14,7,12,9,Illinois St.,.379,.429,.250,.600,54,.346,.303,.421,.519,58
Delaware St.,2026-01-31,4,16,11,10,Md.-East. Shore,.340,.333,.357,.571,47,.327,.341,.273,.875,58
New Mexico,2026-01-31,14,7,6,14,Utah St.,.344,.432,.222,.800,58,.283,.444,.053,.750,33
Georgetown,2026-01-29,12,8,14,6,Seton Hall,.345,.448,.241,1.000,52,.395,.348,.450,.833,58
Boston U.,2026-01-24,6,12,5,13,Colgate,.385,.424,.316,.750,58,.396,.344,.500,.727,54
East Tenn. St.,2026-01-24,8,11,12,8,UNCG,.386,.455,.292,.500,58,.321,.263,.467,.700,48
Canisius,2026-01-24,3,15,16,3,Fairfield,.356,.464,.176,.700,42,.362,.480,.273,1.000,58
Fordham,2026-01-24,9,10,10,11,George Washington,.328,.366,.235,.833,47,.385,.412,.333,.632,58
Brown,2026-01-24,11,5,16,1,Princeton,.357,.455,.217,.800,49,.423,.455,.368,.636,58
Campbell,2026-01-23,11,8,8,9,Hampton,.386,.459,.250,.750,58,.333,.469,.105,.583,43
Hofstra,2026-01-23,3,14,10,7,Towson,.421,.458,.222,.500,55,.371,.457,.259,.455,58
Manhattan,2026-01-19,4,13,4,13,Rider,.434,.429,.455,.778,58,.296,.361,.167,.786,46
Cornell,2026-01-19,7,9,4,12,Yale,.304,.405,.105,.636,43,.431,.486,.286,.769,58
North Texas,2026-01-17,10,7,14,3,Rice,.458,.455,.500,.667,54,.370,.412,.300,.750,58
Alabama,2026-01-15,17,1,12,6,Auburn,.440,.567,.250,.625,54,.420,.447,.333,.857,58
Iona,2026-01-14,10,7,8,7,Merrimack,.367,.436,.238,.643,58,.377,.447,.200,.667,51
Presbyterian,2026-01-14,2,14,5,13,USC Upstate,.259,.262,.250,.364,38,.500,.556,.333,.750,58
Clemson,2026-01-11,12,5,7,10,Ga Tech,.328,.419,.167,.875,55,.339,.357,.286,.842,58
Arizona,2026-01-10,10,5,8,7,UCF,.344,.447,.059,.714,55,.489,.524,.000,.636,58
Columbia,2026-01-10,9,5,8,6,Harvard,.345,.333,.375,.700,58,.393,.373,.600,.500,55
New Hampshire,2026-01-10,6,10,5,9,UMBC,.311,.353,.182,.895,47,.352,.378,.222,.818,58
Fort Wayne,2026-01-10,11,6,11,5,Youngstown St.,.317,.375,.258,.750,54,.423,.514,.200,.917,58
Austin Peay,2026-01-08,10,2,6,7,Fla. Gulf Coast,.300,.395,.136,.714,54,.420,.400,.440,.500,58
Maine,2026-01-08,6,9,5,8,UMBC,.440,.474,.333,.769,58,.293,.320,.125,.667,43
Providence,2026-01-08,9,7,10,5,Seton Hall,.267,.256,.286,.667,48,.396,.517,.211,.615,58
Coppin St.,2026-01-08,3,13,3,13,South Carolina St.,.238,.282,.167,.542,47,.412,.417,.400,.556,58
Nevada,2026-01-03,4,9,6,6,Utah St.,.358,.472,.118,.667,58,.259,.387,.087,.833,40
Southern Utah,2026-01-03,9,4,6,8,UTA,.355,.405,.250,.643,58,.389,.422,.222,.688,55
Eastern Ill.,2026-01-03,1,13,6,6,UT Martin,.305,.467,.138,.733,51,.291,.317,.214,.742,58
TAMUCC,2026-01-03,2,9,5,8,UTRGV,.404,.436,.308,.333,47,.352,.389,.278,.682,58
SE Missouri St,2026-01-03,5,7,10,2,Western Ill.,.321,.405,.158,.857,51,.432,.486,.143,.731,58
Cleveland St.,2026-01-02,12,3,9,5,Green Bay,.415,.390,.500,.556,55,.379,.412,.333,.750,58
Bellarmine,2026-01-01,2,11,6,5,Queens (NC),.308,.308,.308,.714,46,.316,.268,.438,.652,58
Bucknell,2025-12-31,4,7,6,5,Holy Cross,.468,.514,.300,.727,55,.385,.531,.150,.938,58
IU Indy,2025-12-29,4,8,4,9,Milwaukee,.375,.500,.208,.579,58,.378,.464,.235,.688,49
Elon,2025-12-21,3,7,5,9,Norfolk St.,.373,.303,.500,.647,58,.288,.289,.286,.636,41
St. Thomas,2025-12-21,6,6,4,6,UNI,.304,.360,.238,.438,40,.396,.424,.350,.818,58
Valparaiso,2025-12-14,0,10,2,5,Western Mich.,.298,.304,.292,.722,48,.351,.395,.263,.565,58
Colorado,2025-12-07,6,3,3,4,Wyoming,.361,.400,.250,.714,58,.409,.444,.353,.667,46
Georgetown,2025-12-07,5,3,9,1,Wake Forest,.355,.429,.259,1.000,58,.429,.444,.385,.600,56
Loyola (IL),2025-12-07,2,6,1,5,Western Mich.,.339,.366,.267,.750,45,.435,.538,.300,.600,58
Air Force,2025-12-06,4,4,5,2,Utah Valley,.388,.345,.450,.611,58,.269,.263,.286,.750,50
New Mexico St.,2025-12-06,1,6,4,3,Utah Tech,.390,.396,.364,.533,58,.304,.500,.156,.640,55
Maine,2025-12-04,3,5,5,3,Penn,.196,.290,.050,.667,35,.361,.436,.227,.818,58
Saint Mary's,2025-12-04,5,4,0,6,San Jose St.,.426,.488,.231,.818,58,.310,.344,.269,.714,53
Gardner-Webb,2025-12-04,2,8,2,5,Wofford,.288,.371,.118,.643,41,.432,.458,.400,.667,58
LIU,2025-12-02,4,2,1,5,Rider,.269,.382,.056,.875,43,.359,.500,.179,.778,58
Ga. Southern,2025-11-30,3,3,2,4,Wofford,.392,.548,.150,.750,58,.344,.447,.174,.857,52
Brown,2025-11-30,5,2,2,5,Lehigh,.393,.500,.190,.333,54,.352,.600,.206,.722,58
Lindenwood,2025-11-30,5,2,6,2,Vermont,.434,.475,.308,.889,58,.442,.500,.286,.667,54
Auburn,2025-11-30,8,0,8,0,Oregon,.362,.450,.167,.727,53,.421,.489,.167,.889,58
Buffalo,2025-11-29,1,5,3,3,Hampton,.371,.388,.308,.750,56,.328,.375,.259,.636,58
UC Irvine,2025-11-28,4,2,1,5,Wichita St.,.281,.320,.250,.818,58,.393,.457,.286,.400,52
Eastern Wash.,2025-11-28,2,3,4,2,Nevada,.316,.400,.154,.750,58,.397,.446,.000,.538,57
Auburn,2025-11-26,7,0,6,1,Cal,.458,.450,.500,.625,58,.340,.409,.286,.727,50
Samford,2025-11-26,3,5,2,5,Stony Brook,.449,.556,.318,.700,58,.327,.333,.313,.917,48
Mercy,2025-11-25,0,1,1,4,Sacred Heart,.364,.455,.091,.722,46,.393,.421,.333,.889,58
Duquesne,2025-11-24,4,1,3,3,Kent St.,.357,.257,.524,.412,58,.286,.319,.217,1.000,53
North Texas,2025-11-22,3,1,1,3,SMU,.358,.388,.000,.714,58,.318,.400,.192,.667,55
Md.-East. Shore,2025-11-22,4,2,3,2,San Diego St.,.333,.385,.167,.643,45,.365,.486,.192,.778,58
Idaho St.,2025-11-21,3,1,2,2,Portland,.328,.327,.333,.778,58,.373,.417,.333,.714,57
Fla. Gulf Coast,2025-11-19,1,1,3,1,George Mason,.320,.444,.174,.556,41,.355,.449,.000,.933,58
Fordham,2025-11-12,2,1,2,1,Stony Brook,.327,.371,.235,.667,58,.291,.342,.176,.895,52
Baylor,2025-11-03,0,0,0,0,Duke,.317,.354,.200,.750,58,.290,.320,.211,.615,52
Massachusetts,2025-11-03,0,0,0,0,Old Dominion,.400,.432,.308,.500,58,.286,.340,.150,.750,52
Gardner-Webb,2025-11-03,0,0,0,0,Queens (NC),.268,.289,.222,.591,47,.389,.640,.172,.647,58
Sam Houston,2025-11-03,0,0,0,0,Southwestern Christian,.269,.302,.133,.483,58,.333,.409,.182,.652,39
Texas Tech,2026-03-20 NCAA,25,7,25,7,Villanova,.439,.423,.467,.933,57,.370,.483,.240,.857,52
Arizona St.,2026-03-19 NCAA,24,10,19,11,Virginia,.364,.342,.412,.800,55,.323,.405,.174,.647,57
Green Bay,2026-03-10,24,8,24,8,Youngstown St.,.375,.429,.214,.632,57,.385,.538,.231,.500,49
Bucknell,2026-03-07,11,18,6,23,Colgate,.353,.519,.167,1.000,47,.420,.455,.353,.643,57
Creighton,2026-03-07,15,14,18,11,Marquette,.414,.588,.167,.714,57,.293,.317,.235,1.000,44
East Tenn. St.,2026-03-06,18,12,14,18,Samford,.283,.345,.226,.700,48,.463,.550,.381,.611,57
North Ala.,2026-03-03,16,13,10,19,Queens (NC),.417,.457,.286,.500,57,.323,.340,.250,.600,55
Bucknell,2026-02-28,10,17,15,11,Lehigh,.386,.379,.400,.895,57,.283,.261,.304,.923,45
Jacksonville St.,2026-02-28,13,15,9,18,New Mexico St.,.378,.414,.313,.900,57,.288,.319,.167,.667,38
Nicholls St.,2026-02-28,12,15,5,22,Southeastern LA,.396,.487,.143,.650,57,.352,.375,.318,.714,55
Saint Mary's,2026-02-28,15,15,6,24,Washington St.,.360,.375,.300,.846,50,.411,.500,.188,.667,57
Cornell,2026-02-28,8,17,6,19,Yale,.314,.324,.286,.818,45,.423,.553,.071,.750,57
Fresno St.,2026-02-25,14,14,10,17,Grand Canyon,.213,.245,.083,.789,42,.377,.486,.167,.700,57
South Ala.,2026-02-25,10,17,14,14,Southern Miss.,.400,.529,.190,.750,57,.208,.268,.129,.818,43
Charlotte,2026-02-24,12,15,12,15,Fla. Atlantic,.397,.440,.231,.500,57,.457,.500,.389,1.000,56
Alabama A&M,2026-02-19,16,9,7,17,Florida A&M,.346,.409,.000,.656,57,.218,.265,.143,.769,37
Mass.-Lowell,2026-02-19,7,18,8,17,New Hampshire,.373,.375,.370,.818,57,.431,.488,.125,.692,54
George Washington,2026-02-18,13,14,22,5,Richmond,.411,.476,.214,.800,57,.373,.531,.185,.714,54
Radford,2026-02-18,17,10,8,18,USC Upstate,.246,.227,.286,.700,52,.404,.405,.400,.652,57
Cleveland St.,2026-02-14,19,8,16,9,Robert Morris,.447,.531,.267,.733,57,.380,.447,.167,.750,52
Louisiana,2026-02-14,3,22,9,15,South Ala.,.361,.362,.357,.667,57,.370,.500,.182,.625,54
Jacksonville St.,2026-02-12,12,11,12,11,Middle Tenn.,.356,.409,.304,.563,48,.392,.432,.286,.684,57
Md.-East. Shore,2026-02-12,14,11,11,12,Norfolk St.,.279,.326,.167,.933,51,.322,.415,.111,.773,57
Grand Canyon,2026-02-04,8,14,17,3,San Diego St.,.415,.487,.214,.714,57,.304,.324,.222,.778,44
Grand Canyon,2026-01-31,7,14,8,12,Wyoming,.279,.294,.259,.889,57,.315,.389,.167,.625,47
New Haven,2026-01-31,6,14,2,18,SFU,.423,.474,.286,.600,57,.358,.387,.318,.917,56
Lamar,2026-01-29,12,6,2,16,Southeastern LA,.364,.395,.294,.857,57,.327,.400,.227,.833,44
NW St.,2026-01-29,9,9,10,8,Nicholls St.,.404,.412,.385,.667,57,.315,.357,.167,.611,47
Boston U.,2026-01-28,7,12,12,6,Navy,.360,.385,.273,.615,47,.348,.426,.182,.500,57
North Texas,2026-01-23,11,8,12,6,Tulsa,.286,.370,.059,.762,53,.362,.429,.188,.857,57
Jacksonville St.,2026-01-22,9,8,7,11,New Mexico St.,.339,.448,.233,.769,57,.357,.439,.133,.400,46
George Mason,2026-01-21,12,6,12,7,St. Bonaventure,.354,.387,.294,.818,57,.339,.319,.444,.500,48
UNCA,2026-01-21,7,12,6,13,USC Upstate,.451,.529,.294,.500,57,.414,.478,.167,.750,56
Canisius,2026-01-14,2,13,0,15,Niagara,.438,.485,.333,.667,57,.279,.311,.188,.286,41
Saint Joseph's,2026-01-14,12,4,11,6,St. Bonaventure,.250,.385,.133,.696,48,.479,.500,.400,.538,57
Drexel,2026-01-09,7,5,6,9,Stony Brook,.377,.459,.188,.714,53,.429,.481,.364,.583,57
Saint Mary's,2026-01-04,9,7,6,10,San Diego,.396,.516,.227,.909,57,.339,.500,.125,.800,49
Bethune-Cookman,2026-01-03,2,11,1,10,Florida A&M,.333,.417,.133,.875,57,.356,.392,.125,.684,56
Campbell,2026-01-02,7,6,7,5,Towson,.344,.367,.250,.750,54,.339,.405,.211,.714,57
Marist,2025-12-29,3,9,4,7,Sacred Heart,.328,.342,.304,.714,57,.442,.552,.214,.824,55
Austin Peay,2025-12-22,6,2,4,7,Loyola (IL),.415,.474,.267,.600,57,.283,.323,.227,.571,47
Northern Colo.,2025-12-20,8,3,8,3,UC Davis,.316,.353,.261,.833,57,.327,.450,.241,.533,47
Little Rock,2025-12-18,4,6,6,2,Southern Ind.,.302,.389,.118,.600,40,.317,.382,.231,.867,57
Ga Tech,2025-12-14,4,7,9,2,Wake Forest,.333,.395,.240,.667,56,.345,.394,.280,.909,57
FDU,2025-12-10,6,3,1,7,Saint Peter's,.375,.481,.276,.700,57,.240,.281,.167,.467,34
Providence,2025-12-10,6,4,8,2,Rhode Island,.352,.382,.300,.875,51,.296,.346,.250,.692,57
Coppin St.,2025-12-10,2,8,4,6,SMU,.365,.357,.400,.583,49,.380,.429,.267,.714,57
Central Ark.,2025-12-06,6,2,2,5,Little Rock,.317,.319,.308,.750,48,.320,.355,.263,.833,57
Arizona St.,2025-12-05,8,0,5,2,McNeese,.422,.531,.154,.773,57,.274,.282,.261,1.000,47
Central Mich.,2025-11-30,4,2,4,2,Purdue,.444,.515,.250,.875,57,.400,.432,.273,.800,55
Rutgers,2025-11-30,6,2,1,4,Saint Peter's,.451,.528,.267,.467,57,.267,.320,.200,.688,39
Drexel,2025-11-29,4,2,5,1,Saint Joseph's,.377,.341,.500,.900,55,.382,.395,.353,.818,57
Rice,2025-11-28,5,2,5,2,UCF,.317,.381,.190,.923,56,.422,.432,.375,.842,57
Illinois St.,2025-11-28,4,3,8,0,Wake Forest,.267,.387,.138,1.000,44,.511,.667,.333,.667,57
Minnesota,2025-11-24,4,1,3,2,South Fla.,.339,.353,.318,.857,57,.333,.467,.111,.786,45
New Mexico St.,2025-11-24,1,2,1,4,San Diego,.353,.421,.154,.625,48,.328,.348,.278,.500,57
Hampton,2025-11-21,1,2,2,4,Norfolk St.,.333,.333,.333,.800,57,.328,.390,.200,.733,55
Alabama A&M,2025-11-21,1,3,2,2,Nevada,.442,.571,.200,.611,52,.408,.556,.000,.680,57
Howard,2025-11-20,4,1,1,2,Monmouth,.333,.333,.333,.900,57,.278,.351,.118,.632,44
Baylor,2025-11-20,4,0,4,0,Iowa,.288,.333,.250,.588,52,.344,.340,.357,.625,57
La.-Monroe,2025-11-20,5,0,3,1,Sam Houston,.222,.244,.154,.533,34,.392,.417,.333,.600,57
Boston U.,2025-11-19,2,2,1,2,Brown,.415,.500,.235,.500,54,.393,.500,.217,.667,57
Eastern Ky.,2025-11-16,2,1,0,3,North Dakota,.299,.368,.231,.500,57,.269,.360,.185,.813,46
Long Beach State,2025-11-15,0,3,3,1,Sacramento St.,.383,.432,.200,.727,54,.361,.436,.227,.571,57
Presbyterian,2025-11-14,1,2,0,3,UNCG,.317,.390,.158,.750,53,.404,.471,.231,.696,57
Duke,2025-11-14,2,1,3,0,West Virginia,.375,.432,.167,.455,49,.362,.438,.200,.769,57
Indiana,2025-11-11,2,0,2,0,Marshall,.408,.486,.214,.667,57,.286,.341,.182,.786,51
Iona,2025-11-09,1,0,0,1,New Haven,.323,.439,.125,.667,57,.360,.405,.231,.750,45
North Ala.,2025-11-03,0,0,0,0,UT Martin,.375,.405,.316,.750,57,.295,.298,.286,.875,54
McNeese,2026-03-22,29,5,26,5,San Diego St.,.274,.308,.100,.857,41,.400,.476,.333,1.000,56
Alabama St.,2026-03-12,15,14,13,18,Grambling,.358,.372,.300,.600,56,.250,.292,.125,.667,50
Air Force,2026-03-10,16,17,26,7,Colorado St.,.274,.326,.158,.833,42,.439,.515,.125,.731,56
Delaware St.,2026-03-05,7,21,17,13,Md.-East. Shore,.383,.407,.350,.455,48,.438,.476,.167,.813,56
Army,2026-03-04,22,6,11,17,Bucknell,.400,.469,.278,.846,56,.386,.414,.333,.400,43
Kansas,2026-03-04,18,12,11,18,UCF,.357,.378,.316,.714,56,.246,.316,.105,.833,35
Buffalo,2026-03-04,3,25,6,22,Northern Ill.,.357,.410,.235,.900,53,.412,.586,.182,.625,56
Toledo,2026-03-04,14,13,9,18,Western Mich.,.404,.484,.250,.875,56,.382,.472,.211,.429,49
East Texas A&M,2026-02-26,12,14,5,21,TAMUCC,.294,.302,.280,.818,56,.368,.372,.357,.615,55
Chattanooga,2026-02-21,17,7,13,14,UNCG,.352,.410,.200,.750,56,.327,.310,.348,1.000,54
American,2026-02-21,6,20,9,17,Lafayette,.273,.267,.280,1.000,41,.362,.432,.238,.750,56
Niagara,2026-02-21,0,26,7,19,Rider,.321,.359,.214,.792,56,.358,.400,.278,.818,52
Bradley,2026-02-15,17,8,9,13,Southern Ill.,.356,.462,.150,.786,56,.351,.388,.125,.750,53
Boise St.,2026-02-14,19,6,9,15,Wyoming,.333,.391,.176,.688,56,.351,.406,.280,.778,54
North Texas,2026-02-14,13,11,8,15,Tulane,.339,.350,.316,.909,56,.333,.448,.158,.667,47
Marist,2026-02-14,10,16,5,19,Rider,.327,.441,.067,.625,43,.357,.400,.286,.625,56
Jacksonville St.,2026-02-14,12,12,5,18,Western Ky.,.234,.125,.290,.833,41,.434,.514,.250,1.000,56
Maine,2026-02-12,13,11,11,11,UMBC,.388,.387,.389,.733,56,.390,.420,.222,.538,55
Pacific,2026-02-12,9,14,14,11,Saint Mary's,.351,.433,.259,.750,56,.375,.463,.133,.818,53
Charleston So.,2026-02-11,8,16,8,16,Gardner-Webb,.302,.375,.241,.556,44,.367,.364,.370,.400,56
Alabama A&M,2026-02-07,13,9,11,10,Southern U.,.396,.452,.294,.591,56,.413,.429,.389,.643,54
Marist,2026-02-07,9,15,6,16,Saint Peter's,.380,.375,.389,.786,56,.368,.375,.353,.625,53
Drexel,2026-01-30,11,7,13,5,Monmouth,.412,.424,.389,.778,56,.418,.526,.176,.667,53
Colorado,2026-01-29,13,7,11,10,Kansas St.,.344,.410,.227,.692,56,.327,.412,.133,.722,47
FDU,2026-01-24,16,4,5,15,Le Moyne,.321,.304,.333,.643,56,.273,.313,.217,.667,41
Albany (NY),2026-01-24,11,8,6,13,New Hampshire,.396,.500,.222,.563,51,.480,.568,.231,1.000,56
Alcorn St.,2026-01-22,7,9,3,15,Bethune-Cookman,.322,.394,.231,.522,56,.408,.450,.222,.643,51
Mt. St. Mary's,2026-01-22,9,9,14,4,Quinnipiac,.320,.333,.286,.438,43,.328,.375,.250,.533,56
Marquette,2026-01-21,11,7,15,5,St. John's (NY),.362,.381,.313,.692,56,.385,.429,.294,.909,55
Marist,2026-01-19,6,12,7,10,Sacred Heart,.368,.429,.273,.857,54,.417,.469,.313,.688,56
Boston U.,2026-01-17,5,11,7,9,Loyola (MD),.513,.563,.478,.571,55,.404,.415,.375,.444,56
Monmouth,2026-01-16,10,5,10,5,Towson,.362,.426,.091,.650,56,.254,.341,.091,.864,53
FDU,2026-01-15,13,4,6,9,Wagner,.367,.448,.250,.938,56,.341,.368,.167,.882,46
North Ala.,2026-01-15,6,9,6,9,North Florida,.415,.500,.235,.615,56,.293,.400,.130,.773,54
Indiana,2026-01-11,11,6,13,2,Iowa,.369,.478,.105,.750,53,.356,.395,.250,.625,56
N.C. A&T,2026-01-11,6,8,7,9,Stony Brook,.389,.469,.273,.750,51,.455,.414,.533,.571,56
Austin Peay,2026-01-10,10,3,8,6,Stetson,.313,.409,.130,.889,53,.370,.400,.333,.682,56
Baylor,2026-01-08,13,3,11,4,Colorado,.357,.467,.231,.714,56,.284,.333,.125,.600,52
Houston Christian,2026-01-03,4,7,5,6,Incarnate Word,.388,.533,.158,.786,52,.377,.429,.320,.615,56
Cal St Fullerton,2025-12-20,5,5,5,7,San Diego,.313,.346,.200,.526,55,.422,.414,.438,.786,56
Green Bay,2025-12-07,6,3,6,2,Youngstown St.,.364,.447,.176,.813,56,.345,.364,.318,1.000,47
East Tenn. St.,2025-12-06,3,6,4,2,Southern Ind.,.261,.235,.276,.692,41,.397,.444,.231,.700,56
Md.-East. Shore,2025-12-05,5,5,1,8,Wichita St.,.469,.568,.167,.571,56,.392,.500,.133,.556,52
BYU,2025-12-03,7,1,1,7,Washington St.,.356,.400,.214,.846,56,.379,.528,.136,.778,54
Bowling Green,2025-11-30,2,4,4,3,Fort Wayne,.350,.484,.207,1.000,56,.353,.382,.294,.706,53
Campbell,2025-11-29,4,4,2,4,North Florida,.327,.471,.095,.750,53,.348,.280,.429,.789,56
Harvard,2025-11-26,3,4,3,3,South Fla.,.317,.400,.214,.727,54,.333,.333,.333,.818,56
Tarleton St.,2025-11-25,2,4,1,4,Texas St.,.442,.543,.235,.600,56,.302,.380,.000,.700,45
Arizona St.,2025-11-22,4,0,2,2,UNLV,.421,.422,.417,.750,56,.404,.462,.346,.500,53
Lafayette,2025-11-20,2,3,1,3,Wagner,.383,.370,.400,.667,56,.311,.360,.091,.583,53
Brown,2025-11-16,0,2,2,1,UMBC,.396,.406,.375,.545,56,.298,.316,.263,1.000,54
Old Dominion,2025-11-16,2,1,1,2,William & Mary,.269,.213,.400,.706,56,.322,.415,.111,.650,53
Nevada,2025-11-16,2,1,4,0,Saint Mary's,.375,.400,.333,.615,50,.440,.526,.167,1.000,56
Elon,2025-11-15,2,1,3,0,Howard,.284,.359,.179,.500,46,.400,.442,.250,.563,56
Denver,2025-11-14,0,3,3,0,Northern Colo.,.429,.586,.200,.667,56,.346,.419,.238,.706,53
Loyola Marymount,2025-11-13,1,1,1,1,Nevada,.429,.485,.313,.455,52,.511,.514,.500,.857,56
Cornell,2025-11-11,0,1,1,1,Pitt,.377,.400,.348,.600,54,.404,.514,.227,.625,56
Eastern Ky.,2025-11-07,1,0,1,0,SIU Edwardsville,.305,.353,.240,.563,51,.364,.425,.200,.520,56
Saint Mary's,2025-11-04,0,0,0,0,Wyoming,.463,.486,.333,.762,56,.341,.444,.176,.737,47
Cal Baptist,2025-11-03,0,0,0,0,UC Riverside,.246,.282,.200,.667,56,.292,.250,.360,.500,53
Manhattan,2025-11-03,0,0,0,0,Rhode Island,.229,.256,.111,.750,38,.333,.368,.280,.583,56
Campbell,2026-03-13,20,11,9,21,Hofstra,.370,.500,.208,.714,50,.409,.393,.438,.706,55
Delaware St.,2026-03-11,7,22,18,13,Md.-East. Shore,.317,.290,.400,.783,48,.349,.389,.143,.632,55
Bethune-Cookman,2026-03-10,7,25,8,21,Florida A&M,.290,.340,.125,.833,52,.333,.346,.200,.800,55
Eastern Wash.,2026-03-09,14,17,22,9,Northern Colo.,.359,.432,.200,.714,55,.298,.303,.292,.750,53
Campbell,2026-03-07,19,11,17,13,Stony Brook,.423,.500,.214,.727,55,.269,.316,.143,.688,41
Davidson,2026-03-07,21,11,26,4,Rhode Island,.358,.405,.182,.750,46,.442,.450,.417,1.000,55
Colorado,2026-03-05,20,10,19,12,Kansas,.391,.375,.429,.650,55,.358,.425,.154,.615,48
N.C. A&T,2026-03-05,11,16,6,21,UNCW,.404,.548,.190,.818,55,.304,.343,.238,.700,46
Albany (NY),2026-03-05,14,15,24,7,Vermont,.350,.423,.214,.750,40,.418,.459,.333,.600,55
Alabama A&M,2026-03-03,19,9,12,17,Grambling,.375,.439,.200,.455,55,.319,.351,.200,.783,50
Idaho,2026-02-28,24,5,21,8,Northern Colo.,.266,.385,.080,.760,55,.273,.361,.105,.818,41
Montana,2026-02-28,7,20,6,22,Portland St.,.390,.529,.200,.800,55,.438,.452,.412,.500,53
High Point,2026-02-28,24,4,10,19,USC Upstate,.317,.351,.269,.600,50,.396,.386,.444,.750,55
Alabama A&M,2026-02-21,17,9,6,21,Bethune-Cookman,.327,.436,.000,.808,55,.310,.345,.231,.700,43
Quinnipiac,2026-02-21,21,5,12,14,Sacred Heart,.350,.405,.261,.778,55,.341,.361,.250,.438,39
Liberty,2026-02-19,13,11,15,10,Missouri St.,.420,.475,.200,.579,55,.250,.313,.150,.875,43
Canisius,2026-02-19,4,21,6,19,Rider,.353,.400,.182,.750,53,.296,.349,.214,.389,55
Fla. Gulf Coast,2026-02-12,11,12,8,15,North Florida,.422,.485,.250,.700,55,.328,.395,.231,.500,51
Kennesaw St.,2026-02-12,11,11,5,17,Western Ky.,.462,.553,.214,.222,55,.370,.459,.176,.889,51
NJIT,2026-02-12,14,10,8,15,New Hampshire,.350,.405,.261,.700,55,.368,.419,.214,.500,47
Maine,2026-02-05,11,11,19,5,Vermont,.408,.455,.313,.769,55,.326,.321,.333,.833,46
Northern Colo.,2026-02-05,16,7,7,16,Weber St.,.377,.417,.294,.667,55,.261,.333,.182,.813,41
Ill.-Chicago,2026-02-05,10,11,6,13,Southern Ill.,.377,.429,.182,.500,53,.431,.442,.333,.600,55
Austin Peay,2026-02-04,13,7,10,10,North Ala.,.281,.333,.190,.700,50,.422,.485,.250,.636,55
UNCG,2026-02-01,12,9,3,17,Western Caro.,.333,.378,.238,.857,55,.326,.290,.417,.650,46
Albany (NY),2026-01-31,12,9,10,10,UMBC,.354,.387,.294,.778,46,.267,.341,.063,.815,55
Brown,2026-01-30,11,6,9,9,Dartmouth,.356,.444,.217,.667,55,.283,.440,.143,.700,41
Hawaii,2026-01-30,10,9,17,3,UC Irvine,.309,.324,.286,.750,55,.327,.387,.250,.800,50
Hofstra,2026-01-26,3,15,9,8,William & Mary,.242,.292,.071,.667,37,.429,.474,.273,.526,55
Rider,2026-01-24,4,15,4,15,Saint Peter's,.340,.360,.318,.875,46,.400,.415,.357,.600,55
Liberty,2026-01-22,8,8,5,12,Western Ky.,.351,.394,.292,.889,55,.400,.483,.286,.636,53
Robert Morris,2026-01-21,12,6,13,6,Youngstown St.,.388,.421,.273,.737,55,.300,.375,.167,.778,40
Stony Brook,2026-01-18,9,9,10,6,Towson,.378,.379,.375,.833,55,.271,.389,.087,.643,43
Eastern Ill.,2026-01-15,3,15,8,8,Little Rock,.308,.355,.238,1.000,47,.345,.317,.412,.571,55
Loyola Marymount,2026-01-15,9,7,13,5,Oregon St.,.344,.283,.533,.714,55,.442,.516,.250,.625,51
Bryant,2026-01-15,14,3,6,9,UMBC,.365,.425,.167,.538,47,.313,.333,.250,.710,55
Mt. St. Mary's,2026-01-10,6,8,3,12,Saint Peter's,.375,.462,.273,.813,55,.383,.387,.375,.692,51
Louisiana,2026-01-10,1,14,6,8,Texas St.,.262,.220,.400,.333,43,.413,.545,.077,1.000,55
UC Davis,2026-01-08,10,4,11,2,UCSB,.292,.395,.148,.833,47,.344,.462,.136,.833,55
Stanford,2026-01-08,13,3,12,4,Wake Forest,.298,.364,.208,.727,55,.291,.235,.381,.600,43
Akron,2026-01-07,3,11,4,8,Western Mich.,.246,.270,.208,.765,48,.373,.455,.222,.722,55
Saint Joseph's,2025-12-31,9,3,4,9,VCU,.396,.593,.143,.636,55,.294,.294,.294,1.000,45
Colorado St.,2025-12-20,10,2,5,5,Utah St.,.310,.366,.176,.696,55,.264,.280,.250,.786,46
Arizona St.,2025-12-14,11,0,6,4,Oregon St.,.356,.370,.308,.643,55,.379,.444,.273,.600,53
Albany (NY),2025-12-08,7,2,4,4,Colgate,.383,.333,.435,.900,55,.326,.419,.083,.857,41
American,2025-12-03,1,5,4,3,Drexel,.321,.324,.316,.533,48,.323,.381,.200,.846,55
USC Upstate,2025-12-03,3,6,2,7,Western Caro.,.278,.242,.333,.900,55,.184,.263,.133,.846,44
Ball St.,2025-11-28,5,1,4,3,Pitt,.282,.485,.105,.688,55,.246,.262,.200,.667,41
Bellarmine,2025-11-28,2,4,1,5,East Tenn. St.,.298,.185,.450,.706,49,.284,.378,.167,.923,55
Kennesaw St.,2025-11-28,3,2,3,5,USC Upstate,.365,.378,.333,.923,55,.333,.333,.333,.600,41
Radford,2025-11-28,5,3,5,2,St. Bonaventure,.271,.371,.125,.833,45,.368,.405,.300,.778,55
Air Force,2025-11-22,3,2,1,3,UC San Diego,.270,.389,.111,.600,43,.418,.500,.235,.625,55
Hawaii,2025-11-21,2,0,1,2,Loyola Marymount,.426,.424,.429,.500,55,.327,.371,.250,.526,51
Marist,2025-11-19,1,3,2,2,Stony Brook,.389,.429,.316,.778,55,.351,.371,.318,.364,51
Norfolk St.,2025-11-18,2,3,3,1,Penn,.273,.359,.148,.667,50,.340,.423,.250,.938,55
Gardner-Webb,2025-11-16,0,4,1,1,Hampton,.455,.478,.429,.500,55,.212,.280,.148,.500,35
Green Bay,2025-11-06,1,0,1,0,Loyola (IL),.435,.500,.200,.867,55,.321,.393,.250,.600,46
NW St.,2025-11-06,0,1,1,0,Wichita St.,.323,.316,.333,.778,55,.259,.313,.192,.700,42
Rice,2026-03-14,28,4,17,15,UTSA,.271,.306,.217,.600,40,.421,.479,.111,.714,54
East Carolina,2026-03-13,22,9,16,15,UTSA,.254,.227,.304,.750,44,.391,.432,.222,.667,54
Le Moyne,2026-03-09,11,20,13,16,Wagner,.321,.316,.333,.833,54,.315,.293,.385,.364,47
Arizona,2026-03-04,12,17,22,9,Arizona St.,.373,.444,.200,.714,51,.404,.467,.167,.500,54
Mt. St. Mary's,2026-02-28,14,14,7,21,Rider,.302,.375,.241,.750,54,.400,.621,.095,.571,46
Niagara,2026-02-26,1,26,22,5,Quinnipiac,.296,.351,.176,.500,38,.344,.410,.227,.467,54
Army,2026-02-21,21,5,18,7,Navy,.373,.314,.500,.556,51,.386,.415,.313,.714,54
Campbell,2026-02-15,16,9,6,17,UNCW,.345,.368,.294,.733,54,.309,.281,.348,.769,52
Lindenwood,2026-02-12,18,7,13,10,UT Martin,.360,.360,.360,1.000,54,.358,.441,.211,.500,49
Campbell,2026-02-08,14,9,9,12,N.C. A&T,.438,.429,.462,.600,54,.395,.448,.222,.737,46
Green Bay,2026-02-07,19,5,17,7,Youngstown St.,.400,.405,.385,.692,54,.367,.548,.172,1.000,51
Alabama A&M,2026-02-05,12,9,6,15,Grambling,.452,.464,.429,.476,54,.304,.359,.176,.813,50
Lamar,2026-02-05,13,7,11,9,NW St.,.400,.410,.364,.625,54,.308,.412,.111,.786,45
Gardner-Webb,2026-01-30,6,16,8,13,UNCA,.364,.400,.300,.615,54,.264,.367,.130,.778,52
Abilene Christ.,2026-01-29,14,5,6,12,Utah Tech,.328,.480,.212,.818,54,.391,.500,.083,.692,46
Bucknell,2026-01-24,5,13,8,10,Loyola (MD),.395,.409,.381,.750,54,.268,.231,.353,.750,45
Ga Tech,2026-01-22,8,11,15,5,UNC,.316,.432,.100,.727,46,.288,.313,.222,.706,54
Fresno St.,2026-01-17,9,9,7,10,Nevada,.368,.364,.385,.700,54,.294,.357,.000,.583,44
Pepperdine,2026-01-10,10,6,6,12,San Diego,.350,.452,.111,.700,51,.362,.388,.222,.833,54
Hofstra,2026-01-04,2,10,5,7,UNCW,.323,.357,.250,.600,54,.400,.444,.286,.333,46
Morehead St.,2026-01-03,6,8,8,5,SIU Edwardsville,.523,.667,.091,.538,54,.288,.323,.238,.875,49
Gardner-Webb,2025-12-31,3,11,7,7,Winthrop,.340,.360,.320,.857,54,.320,.429,.182,.857,48
George Washington,2025-12-31,9,5,9,4,St. Bonaventure,.370,.379,.353,.813,53,.352,.415,.154,.875,54
Lafayette,2025-12-20,4,6,7,4,Rutgers,.340,.344,.333,.833,45,.270,.298,.222,.571,54
Elon,2025-12-17,3,6,6,5,UNCG,.333,.367,.250,.760,50,.397,.525,.111,1.000,54
Incarnate Word,2025-12-16,2,5,4,3,Nicholls St.,.333,.429,.267,.750,54,.489,.564,.125,.556,52
Columbia,2025-12-09,6,4,5,2,Seton Hall,.393,.576,.179,.250,54,.328,.354,.231,.833,53
Dayton,2025-12-03,4,3,3,5,George Washington,.340,.400,.200,.455,42,.362,.372,.333,.636,54
Boston U.,2025-12-01,3,4,2,5,Maine,.405,.458,.333,.625,45,.333,.429,.241,.900,54
N.C. Central,2025-11-26,1,5,2,4,UNCG,.327,.333,.300,.857,47,.298,.297,.300,.609,54
Middle Tenn.,2025-11-24,2,3,4,1,Providence,.356,.414,.250,.643,54,.320,.400,.200,.632,48
Gardner-Webb,2025-11-21,2,4,1,3,UNCG,.457,.435,.500,.875,52,.365,.545,.233,.750,54
Stanford,2025-11-14,3,0,0,3,Washington St.,.407,.556,.111,.800,54,.302,.333,.250,.750,46
Mass.-Lowell,2025-11-03,0,0,0,0,St. Anselm,.396,.559,.105,.769,54,.349,.531,.161,.250,50
Drexel,2026-03-14,21,9,10,21,Hofstra,.350,.378,.267,.500,49,.333,.333,.333,.778,53
Howard,2026-03-14,25,7,18,13,Norfolk St.,.279,.321,.133,.867,53,.297,.357,.182,.571,46
George Mason,2026-03-08,23,8,27,4,Rhode Island,.322,.317,.333,1.000,51,.391,.452,.267,.765,53
St. John's (NY),2026-03-06,21,10,11,18,Xavier,.364,.405,.278,.800,53,.333,.432,.192,.500,48
Tulsa,2026-03-04,18,10,13,14,UTSA,.345,.406,.269,.750,53,.289,.290,.286,.647,41
Le Moyne,2026-02-28,10,19,7,20,New Haven,.373,.382,.353,.818,53,.246,.238,.259,.636,48
Clemson,2026-02-22,18,9,20,6,Duke,.321,.343,.286,.917,53,.438,.459,.364,.556,51
Le Moyne,2026-02-21,9,18,10,15,Stonehill,.442,.429,.467,.800,53,.322,.429,.167,.700,49
Gardner-Webb,2026-02-18,10,16,18,7,Longwood,.396,.467,.304,1.000,53,.288,.385,.148,.643,51
Holy Cross,2026-02-18,16,9,9,16,Lafayette,.367,.390,.316,.750,53,.263,.250,.286,.667,44
Oregon St.,2026-02-07,17,7,13,10,Portland,.417,.486,.231,.538,50,.339,.333,.353,.625,53
Clemson,2026-02-05,16,7,18,5,UNC,.265,.200,.368,.846,44,.423,.500,.250,.833,53
Denver,2026-02-05,9,13,17,6,South Dakota,.308,.382,.167,.583,42,.373,.372,.375,.923,53
East Tenn. St.,2026-01-30,9,11,8,14,Samford,.333,.439,.063,.700,53,.269,.300,.227,.786,44
Fla. Gulf Coast,2026-01-24,9,9,6,12,Lipscomb,.306,.286,.333,.875,44,.392,.394,.389,.857,53
Pepperdine,2026-01-22,11,8,11,9,Saint Mary's,.435,.444,.421,.750,51,.468,.465,.500,.700,53
Arizona St.,2026-01-21,17,2,15,4,West Virginia,.364,.415,.214,,43,.346,.462,.231,.579,53
Chattanooga,2026-01-17,10,5,7,10,East Tenn. St.,.392,.472,.200,1.000,53,.233,.268,.158,.714,41
Harvard,2026-01-17,8,7,10,5,Penn,.353,.350,.364,1.000,53,.273,.294,.238,.700,42
George Washington,2026-01-17,10,9,6,11,Loyola (IL),.404,.586,.111,.533,48,.362,.387,.313,.636,53
Gardner-Webb,2026-01-14,5,12,9,9,Radford,.281,.341,.125,.400,38,.333,.421,.281,.588,53
Ark-Pine Bluff,2026-01-08,3,9,2,11,Prairie View,.299,.390,.154,.600,53,.319,.348,.292,.545,49
American,2026-01-03,2,10,4,8,Boston U.,.292,.364,.219,.727,53,.333,.429,.158,.500,45
App. St.,2026-01-03,7,5,12,3,Marshall,.357,.429,.143,.750,48,.321,.412,.182,.722,53
Fresno St.,2025-12-20,6,6,4,6,Wyoming,.404,.447,.222,.684,53,.325,.346,.286,.857,36
Montana St.,2025-12-19,6,3,6,5,Oregon St.,.278,.353,.211,.600,51,.400,.500,.286,.500,53
Bucknell,2025-12-07,3,6,4,2,Dartmouth,.389,.514,.158,,45,.375,.394,.348,.600,53
Bryant,2025-12-07,7,2,3,5,Holy Cross,.283,.283,.286,.500,41,.302,.341,.167,.905,53
Brown,2025-12-06,6,3,4,5,George Washington,.358,.393,.320,1.000,48,.302,.381,.143,.857,53
Rider,2025-12-06,2,5,2,7,Yale,.373,.455,.222,.588,52,.300,.308,.286,.611,53
Central Conn St,2025-12-05,0,6,3,2,Dartmouth,.347,.378,.250,.778,44,.404,.500,.286,.900,53
Charleston So.,2025-11-22,0,4,2,3,South Carolina St.,.339,.455,.192,.615,53,.359,.463,.174,1.000,51
TAMUCC,2025-11-20,1,2,0,4,Texas St.,.311,.391,.227,.625,43,.381,.481,.200,.750,53
Carnegie Mellon,2025-11-18,0,0,0,4,SFU,.400,.450,.267,.700,55,.344,.404,.083,.727,53
Cornell,2025-11-14,0,2,0,2,Mercyhurst,.465,.500,.385,.615,53,.333,.355,.308,.750,49
Quinnipiac,2025-11-11,1,1,1,1,St. John's (NY),.347,.471,.067,.889,51,.370,.378,.353,.538,53
Colgate,2025-11-04,0,0,0,0,Siena,.327,.371,.250,.667,53,.250,.317,.105,.688,43
New Haven,2025-11-04,0,0,0,0,Xavier,.333,.414,.240,.667,46,.346,.447,.071,.889,53
Buffalo,2025-11-03,0,0,0,0,Marshall,.321,.359,.214,.333,39,.338,.438,.242,1.000,53
Kennesaw St.,2026-02-26,12,14,8,18,New Mexico St.,.308,.351,.200,.833,40,.415,.439,.333,.364,52
Gardner-Webb,2026-02-25,11,17,10,18,USC Upstate,.389,.379,.400,.000,52,.378,.360,.400,.750,51
Alcorn St.,2026-02-21,14,10,8,17,Jackson St.,.286,.394,.130,.636,49,.300,.317,.263,.688,52
Samford,2026-02-21,12,16,15,11,Wofford,.321,.296,.346,.500,44,.357,.361,.350,.625,52
Chattanooga,2026-02-19,16,7,3,22,Western Caro.,.328,.462,.229,.667,52,.333,.520,.000,.769,36
East Tenn. St.,2026-02-19,13,12,13,13,UNCG,.392,.386,.429,.563,52,.280,.286,.267,.583,39
Albany (NY),2026-02-14,12,12,17,7,Binghamton,.405,.474,.333,.727,52,.327,.400,.143,.500,41
Stonehill,2026-02-14,8,15,11,12,Wagner,.381,.367,.417,.882,52,.235,.237,.231,.625,37
Bryant,2026-02-14,17,8,21,6,Vermont,.300,.368,.182,1.000,45,.367,.429,.214,.765,52
Canisius,2026-02-12,4,19,14,11,Iona,.273,.308,.188,.750,45,.279,.293,.250,.765,52
Temple,2026-02-10,10,12,11,11,UTSA,.296,.293,.308,.583,43,.400,.525,.067,.778,52
Towson,2026-02-06,12,9,11,9,William & Mary,.328,.343,.304,.462,51,.328,.327,.333,.714,52
FDU,2026-01-31,18,4,10,10,Wagner,.309,.407,.214,.667,52,.375,.415,.143,.444,45
Hofstra,2026-01-30,3,16,10,10,Stony Brook,.389,.395,.375,.250,49,.435,.417,.500,.500,52
UC San Diego,2026-01-29,13,6,15,3,UCSB,.400,.485,.235,.571,52,.321,.333,.308,.714,49
Manhattan,2026-01-29,5,14,10,10,Sacred Heart,.370,.421,.250,.545,50,.353,.333,.400,.625,52
Bethune-Cookman,2026-01-24,3,16,4,14,Jackson St.,.353,.390,.200,.615,46,.317,.343,.280,.700,52
Eastern Ill.,2026-01-24,3,17,11,9,Morehead St.,.281,.367,.185,.688,48,.302,.412,.105,.818,52
Memphis,2026-01-23,7,12,9,8,UTSA,.389,.400,.333,.538,52,.280,.343,.133,.588,40
Chattanooga,2026-01-22,11,5,12,7,UNCG,.389,.436,.267,.857,52,.246,.300,.143,.583,40
NJIT,2026-01-22,13,6,8,9,UMBC,.432,.548,.154,.846,51,.260,.246,.333,.533,52
Charleston So.,2026-01-17,5,13,5,13,Gardner-Webb,.286,.458,.156,.727,45,.297,.353,.233,.583,52
Southern Ind.,2026-01-10,10,4,7,7,UT Martin,.333,.417,.250,.667,52,.260,.368,.194,.611,43
Monmouth,2026-01-09,9,4,5,8,UNCW,.333,.341,.316,.375,52,.407,.422,.333,.429,50
Georgetown,2026-01-04,8,5,8,6,Xavier,.385,.395,.357,.462,51,.317,.316,.318,.636,52
Eastern N.M.,2025-12-29,0,0,3,8,New Mexico St.,.306,.324,.286,.250,48,.286,.313,.200,.565,52
Albany (NY),2025-12-21,9,3,2,7,Hofstra,.457,.615,.250,.500,52,.300,.371,.133,.688,43
Duquesne,2025-12-14,6,4,3,8,Stony Brook,.237,.310,.059,.667,39,.340,.444,.217,.684,52
Coppin St.,2025-12-06,1,8,2,5,Sacred Heart,.333,.417,.167,.619,52,.296,.342,.188,.667,49
Ill.-Chicago,2025-11-29,4,3,4,2,Iona,.373,.333,.556,.467,50,.290,.304,.261,.500,52
Cornell,2025-11-22,2,3,1,3,Le Moyne,.373,.441,.280,.333,52,.360,.345,.381,.778,51
Eastern Mich.,2025-11-14,1,2,0,2,St. Thomas,.315,.364,.238,.867,52,.333,.438,.077,.769,41
Houston,2025-11-08,1,0,0,1,UTSA,.306,.327,.250,.500,52,.356,.432,.133,.364,48
Boston U.,2025-11-07,0,1,0,0,Dartmouth,.345,.414,.269,.556,50,.386,.455,.318,.733,52
Alabama A&M,2026-03-13,22,9,17,13,Southern U.,.356,.405,.125,.727,49,.362,.370,.333,.833,51
Monmouth,2026-03-13,20,10,17,14,Stony Brook,.309,.361,.211,.636,45,.328,.362,.214,.800,51
Northeastern,2026-03-11,7,21,6,23,UNCW,.318,.375,.167,.417,50,.304,.351,.211,.867,51
Fairfield,2026-03-09,27,4,26,5,Quinnipiac,.383,.375,.400,.900,51,.333,.394,.222,.750,44
Alabama A&M,2026-02-28,18,9,14,12,Alabama St.,.370,.444,.100,.696,51,.268,.250,.313,.400,43
Belmont,2026-02-22,16,10,18,9,Bradley,.280,.310,.238,.778,47,.392,.474,.154,.563,51
Oregon,2026-02-15,18,8,18,7,Washington,.309,.356,.100,.800,43,.383,.429,.316,.750,51
UNCG,2026-02-12,13,11,12,11,Wofford,.227,.275,.067,1.000,38,.400,.444,.286,.778,51
Delaware,2026-02-01,9,11,12,7,FIU,.404,.407,.400,.455,51,.295,.300,.286,.500,48
Bryant,2026-01-31,14,7,8,13,New Hampshire,.404,.433,.353,.700,51,.268,.324,.158,.750,45
Montana,2026-01-22,4,13,6,13,Weber St.,.351,.481,.233,.800,51,.333,.400,.211,.833,50
Tarleton St.,2026-01-21,9,8,8,10,UTA,.317,.349,.235,.529,51,.226,.250,.154,.647,37
Austin Peay,2026-01-17,11,4,5,11,Lipscomb,.267,.265,.269,.857,45,.381,.500,.143,.810,51
Bowling Green,2026-01-17,10,6,13,4,Miami (OH),.409,.407,.412,.667,49,.408,.545,.296,.500,51
TCU,2026-01-14,16,1,14,3,West Virginia,.365,.353,.389,1.000,51,.283,.311,.125,.792,50
Chicago St.,2026-01-10,1,15,5,9,Stonehill,.365,.405,.267,.643,51,.358,.457,.167,.636,48
Little Rock,2026-01-01,5,7,10,2,Tennessee Tech,.351,.400,.000,.688,51,.263,.306,.190,.625,44
Fla. Gulf Coast,2026-01-01,4,7,5,6,North Ala.,.362,.393,.316,.550,51,.327,.438,.174,.444,44
Lindenwood,2026-01-01,9,4,5,8,Morehead St.,.409,.455,.364,.600,50,.538,.630,.333,.625,51
Charlotte,2025-12-21,6,6,5,8,East Tenn. St.,.412,.432,.357,.750,50,.340,.300,.462,.600,51
Little Rock,2025-11-29,1,4,2,4,San Diego,.368,.396,.222,.636,51,.241,.250,.222,.625,37
Mass.-Lowell,2025-11-25,2,3,2,4,Northeastern,.365,.483,.217,.500,46,.385,.487,.077,.833,51
Auburn,2025-11-20,5,0,4,1,Rutgers,.358,.429,.091,1.000,51,.292,.333,.200,.652,46
Creighton,2025-11-20,1,2,0,3,UNI,.323,.459,.143,.571,50,.404,.571,.158,.588,51
Saint Mary's,2025-11-14,3,0,0,2,UC Riverside,.385,.455,.263,.600,51,.347,.556,.091,.500,41
Auburn,2026-03-04,14,16,14,11,Texas A&M,.373,.455,.222,.727,50,.358,.385,.286,.538,49
Lindenwood,2026-02-28,23,7,24,4,Western Ill.,.339,.531,.111,.636,50,.310,.310,.313,.889,49
Drexel,2026-02-20,15,8,9,15,Hampton,.283,.340,.077,.652,50,.386,.444,.294,.571,47
East Tenn. St.,2026-02-10,12,11,14,9,Mercer,.276,.286,.250,.692,45,.391,.452,.267,.667,50
Bucknell,2026-02-07,8,14,6,16,Colgate,.327,.333,.318,.643,50,.236,.216,.278,.714,41
Central Conn St,2026-02-07,0,22,10,12,Wagner,.340,.343,.333,.455,41,.412,.421,.385,.500,50
Albany (NY),2026-02-05,12,10,15,7,Bryant,.260,.214,.318,.579,44,.432,.414,.467,.833,50
Binghamton,2026-01-22,12,6,6,12,New Hampshire,.327,.351,.267,.800,50,.302,.357,.240,.800,42
Gardner-Webb,2026-01-21,6,13,2,16,Presbyterian,.283,.321,.250,.800,46,.489,.606,.167,.571,50
Alabama A&M,2026-01-19,7,9,5,10,Alabama St.,.250,.282,.190,.800,50,.360,.425,.100,.267,41
New Haven,2026-01-17,5,11,6,10,Wagner,.277,.256,.375,.696,45,.362,.500,.190,.667,50
Sam Houston,2026-01-15,10,4,5,10,Western Ky.,.339,.359,.294,.636,50,.412,.435,.364,.500,38
Hawaii,2026-01-10,6,8,14,2,UC Irvine,.321,.276,.375,.800,47,.298,.343,.227,.688,50
Saint Louis,2026-01-07,8,8,4,11,VCU,.210,.270,.120,1.000,39,.354,.417,.176,.250,50
NW St.,2026-01-03,6,6,7,4,Nicholls St.,.396,.343,.538,.625,50,.321,.421,.111,.615,46
Temple,2026-01-03,6,6,6,6,UTSA,.281,.323,.231,.692,47,.340,.410,.143,.632,50
Monmouth,2025-12-18,4,4,4,7,Yale,.241,.289,.125,.846,50,.290,.322,.100,.625,46
Ark-Pine Bluff,2025-12-01,1,5,4,2,North Ala.,.358,.421,.200,.500,50,.345,.447,.118,.571,48
Iona,2025-11-28,3,2,0,6,SFU,.328,.450,.148,.667,50,.239,.233,.250,.385,31
Boston U.,2025-11-22,2,3,2,2,Mass.-Lowell,.367,.414,.300,.727,50,.304,.400,.192,.615,47
Northeastern,2025-11-18,1,3,2,1,Providence,.339,.432,.158,.500,45,.365,.469,.200,.667,50
North Dakota,2026-03-04,7,23,5,26,Omaha,.235,.355,.050,.824,39,.302,.267,.348,.750,49
Nevada,2026-02-25,8,19,4,24,San Jose St.,.258,.275,.200,.632,49,.273,.286,.250,.600,41
Holy Cross,2026-02-14,15,9,11,13,Loyola (MD),.409,.524,.304,.667,49,.283,.355,.182,.750,40
Boston U.,2026-02-07,7,15,9,13,Loyola (MD),.364,.452,.154,.600,40,.409,.414,.400,.875,49
Alabama A&M,2026-01-29,10,9,3,17,Bethune-Cookman,.424,.480,.250,.613,49,.239,.156,.429,.800,44
Drexel,2026-01-23,9,7,10,9,Stony Brook,.328,.370,.200,1.000,49,.333,.364,.278,.286,41
Colgate,2026-01-14,5,10,6,9,Loyola (MD),.328,.294,.375,,47,.386,.412,.300,.857,49
Bucknell,2026-01-10,4,10,5,9,Loyola (MD),.347,.400,.263,.700,46,.413,.500,.214,.615,49
Butler,2026-01-10,7,9,13,4,St. John's (NY),.286,.353,.182,.750,39,.321,.324,.313,.714,49
Alabama St.,2026-01-08,5,8,4,8,Alcorn St.,.280,.345,.190,.500,40,.327,.455,.105,.684,49
Alcorn St.,2026-01-03,3,8,2,10,Jackson St.,.340,.438,.190,.750,49,.333,.483,.160,.833,45
Cornell,2025-11-26,3,3,0,6,Siena,.346,.368,.286,.529,49,.340,.387,.273,.714,47
Northern Ill.,2025-11-21,0,4,3,1,SIU Edwardsville,.291,.286,.308,.722,49,.196,.226,.150,.500,30
McNeese,2025-11-16,1,1,2,2,Tarleton St.,.344,.377,.125,.600,49,.367,.462,.261,.625,47
Bucknell,2025-11-12,0,2,0,2,Mt. St. Mary's,.294,.320,.269,.667,49,.360,.484,.158,.545,45
Colorado,2026-03-07,22,10,25,6,West Virginia,.362,.429,.167,.647,47,.305,.326,.231,.692,48
Alcorn St.,2026-02-28,15,11,2,25,Prairie View,.290,.341,.190,.533,48,.311,.476,.167,.429,38
Austin Peay,2026-02-27,15,12,10,18,Lipscomb,.291,.296,.286,.571,48,.314,.308,.333,.750,43
Marist,2026-02-26,10,18,7,20,Saint Peter's,.308,.333,.263,.688,48,.340,.375,.286,.750,45
Iona,2026-01-22,11,8,4,14,Rider,.280,.300,.250,.789,48,.302,.333,.235,.444,40
Little Rock,2026-01-08,7,7,8,7,SIU Edwardsville,.375,.447,.100,.917,48,.352,.444,.167,.364,45
Le Moyne,2026-01-08,3,12,4,9,New Haven,.385,.450,.316,.750,48,.333,.387,.250,.500,40
Davidson,2026-01-07,11,5,11,3,Saint Joseph's,.353,.429,.188,.600,48,.311,.382,.091,.538,36
Mercer,2025-11-03,0,0,0,0,UNCA,.245,.256,.200,.667,48,.222,.235,.182,.895,39
Sacred Heart,2026-03-05,12,17,7,22,Saint Peter's,.309,.306,.316,.412,47,.241,.343,.053,.700,34
Charlotte,2026-02-04,9,13,8,12,Tulane,.313,.450,.111,.400,47,.346,.412,.222,1.000,44
Fordham,2026-02-04,9,13,10,11,Loyola (IL),.278,.278,.278,.778,42,.421,.423,.417,.714,47
Fresno St.,2026-01-28,10,11,7,12,Wyoming,.222,.283,.059,.867,42,.333,.345,.318,.500,47
Hofstra,2026-01-09,3,10,8,5,Towson,.304,.333,.214,.818,46,.333,.429,.158,.667,47
Fla. Atlantic,2025-12-03,4,3,3,4,Western Ky.,.309,.318,.303,.750,47,.360,.424,.235,.667,44
Green Bay,2025-11-22,4,1,4,2,Kansas St.,.339,.405,.211,.625,47,.311,.447,.087,.500,44
Houston Christian,2026-03-02,8,20,5,23,TAMUCC,.273,.361,.167,.167,42,.320,.406,.167,.846,46
East Tenn. St.,2026-02-28,16,12,13,17,Samford,.300,.355,.211,.632,46,.256,.333,.182,.929,39
UMBC,2026-02-19,12,12,22,6,Vermont,.352,.400,.263,.750,46,.370,.412,.250,.583,44
George Mason,2026-02-16,16,8,22,4,Richmond,.290,.263,.333,.333,46,.265,.280,.250,.833,37
Colorado St.,2026-01-28,17,4,15,3,San Diego St.,.305,.348,.154,.600,44,.340,.447,.000,.571,46
Bucknell,2026-01-17,4,12,5,11,Colgate,.353,.394,.278,.714,46,.255,.263,.235,.917,43
Rhode Island,2026-01-14,14,2,6,11,VCU,.346,.444,.240,.500,46,.327,.361,.263,.000,41
Duquesne,2026-01-07,7,7,10,5,St. Bonaventure,.236,.333,.143,.727,38,.283,.324,.211,.750,46
Middle Tenn.,2025-12-20,4,7,3,9,Wichita St.,.309,.481,.143,.571,46,.354,.438,.188,.571,45
Holy Cross,2025-12-16,4,5,9,3,Vermont,.353,.400,.250,.750,46,.296,.351,.176,.714,45
Rider,2025-12-13,2,6,2,6,Wagner,.259,.346,.179,.500,34,.400,.439,.222,.444,46
Bethune-Cookman,2025-12-05,1,6,0,0,Edward Waters,.226,.268,.143,.833,46,.346,.353,.333,.684,55
Hawaii,2025-11-14,1,0,0,0,St. Martin's,.311,.514,.038,.636,46,.211,.161,.269,.625,41
Kansas St.,2025-11-08,1,0,1,0,SMU,.309,.412,.143,.643,46,.281,.318,.200,.500,44
Austin Peay,2026-03-05,17,12,24,7,Eastern Ky.,.333,.541,.000,.500,45,.294,.444,.125,.667,41
Binghamton,2026-03-05,18,11,18,11,Bryant,.360,.452,.211,1.000,45,.409,.536,.188,.500,44
Hofstra,2026-03-01,6,20,18,9,Monmouth,.340,.387,.263,.600,45,.288,.357,.118,.533,44
Albany (NY),2026-02-28,14,14,9,19,New Hampshire,.320,.387,.211,.667,42,.286,.214,.381,1.000,45
Campbell,2026-01-11,9,7,8,6,William & Mary,.302,.325,.231,.556,45,.254,.333,.056,.714,43
Bryant,2026-01-01,10,3,6,7,New Hampshire,.279,.250,.444,.538,45,.176,.222,.067,.923,31
American,2026-01-21,4,13,5,12,Colgate,.327,.500,.087,.857,44,.281,.344,.200,.571,41
Louisiana Tech,2026-03-14,26,5,21,12,Missouri St.,.227,.222,.238,.750,38,.327,.357,.200,.700,43
Rider,2026-02-12,5,18,6,17,Saint Peter's,.263,.423,.129,.545,40,.286,.333,.238,.565,42
Fordham,2026-02-11,9,15,11,15,Saint Louis,.264,.308,.143,.522,42,.280,.342,.083,.667,39
